,Scenario,Datetime,Region,Technology,Emission,Value
0,operation,2019,reg1,Kerosene_supply,CO2,0.0
1,operation,2019,reg1,Oil_supply,CO2,0.0
2,operation,2019,reg1,BW_supply,CO2,0.0
3,operation,2019,reg1,Diesel_supply,CO2,0.0
4,operation,2019,reg1,Geo_PP,CO2,632420403.6
5,operation,2019,reg1,Solar_PV_PP,CO2,0.0
6,operation,2019,reg1,Wind_PP,CO2,0.0
7,operation,2019,reg1,S_ROR_Hydro_PP,CO2,0.0
8,operation,2019,reg1,L_ROR_Hydro_PP,CO2,0.0
9,operation,2019,reg1,L_DAM_Hydro_PP,CO2,0.0
10,operation,2019,reg1,HFO_PP,CO2,3141.759351418805
11,operation,2019,reg1,HFO_CC_PP,CO2,79858852.89749756
12,operation,2019,reg1,KGT_PP,CO2,0.0
13,operation,2019,reg1,BW_PP,CO2,0.0
14,operation,2019,reg1,Diesel_engine_pp,CO2,3127896.524178236
15,operation,2019,reg2,Kerosene_supply,CO2,0.0
16,operation,2019,reg2,Oil_supply,CO2,0.0
17,operation,2019,reg2,BW_supply,CO2,0.0
18,operation,2019,reg2,Diesel_supply,CO2,0.0
19,operation,2019,reg2,Geo_PP,CO2,0.0
20,operation,2019,reg2,Solar_PV_PP,CO2,0.0
21,operation,2019,reg2,Wind_PP,CO2,0.0
22,operation,2019,reg2,S_ROR_Hydro_PP,CO2,0.0
23,operation,2019,reg2,L_ROR_Hydro_PP,CO2,0.0
24,operation,2019,reg2,L_DAM_Hydro_PP,CO2,0.0
25,operation,2019,reg2,HFO_PP,CO2,32592458.039996486
26,operation,2019,reg2,HFO_CC_PP,CO2,0.0
27,operation,2019,reg2,KGT_PP,CO2,0.0
28,operation,2019,reg2,BW_PP,CO2,0.0
29,operation,2019,reg2,Diesel_engine_pp,CO2,44047437.13491355
30,operation,2019,reg3,Kerosene_supply,CO2,0.0
31,operation,2019,reg3,Oil_supply,CO2,0.0
32,operation,2019,reg3,BW_supply,CO2,0.0
33,operation,2019,reg3,Diesel_supply,CO2,0.0
34,operation,2019,reg3,Geo_PP,CO2,0.0
35,operation,2019,reg3,Solar_PV_PP,CO2,0.0
36,operation,2019,reg3,Wind_PP,CO2,0.0
37,operation,2019,reg3,S_ROR_Hydro_PP,CO2,0.0
38,operation,2019,reg3,L_ROR_Hydro_PP,CO2,0.0
39,operation,2019,reg3,L_DAM_Hydro_PP,CO2,0.0
40,operation,2019,reg3,HFO_PP,CO2,0.0
41,operation,2019,reg3,HFO_CC_PP,CO2,0.0
42,operation,2019,reg3,KGT_PP,CO2,70473218.06830826
43,operation,2019,reg3,BW_PP,CO2,0.0
44,operation,2019,reg3,Diesel_engine_pp,CO2,0.0
45,operation,2019,reg4,Kerosene_supply,CO2,0.0
46,operation,2019,reg4,Oil_supply,CO2,0.0
47,operation,2019,reg4,BW_supply,CO2,0.0
48,operation,2019,reg4,Diesel_supply,CO2,0.0
49,operation,2019,reg4,Geo_PP,CO2,0.0
50,operation,2019,reg4,Solar_PV_PP,CO2,0.0
51,operation,2019,reg4,Wind_PP,CO2,0.0
52,operation,2019,reg4,S_ROR_Hydro_PP,CO2,0.0
53,operation,2019,reg4,L_ROR_Hydro_PP,CO2,0.0
54,operation,2019,reg4,L_DAM_Hydro_PP,CO2,0.0
55,operation,2019,reg4,HFO_PP,CO2,0.0
56,operation,2019,reg4,HFO_CC_PP,CO2,0.0
57,operation,2019,reg4,KGT_PP,CO2,0.0
58,operation,2019,reg4,BW_PP,CO2,0.0
59,operation,2019,reg4,Diesel_engine_pp,CO2,0.0
60,planning,2019,reg1,Kerosene_supply,CO2,0.0
61,planning,2020,reg1,Kerosene_supply,CO2,0.0
62,planning,2021,reg1,Kerosene_supply,CO2,0.0
63,planning,2022,reg1,Kerosene_supply,CO2,0.0
64,planning,2023,reg1,Kerosene_supply,CO2,0.0
65,planning,2024,reg1,Kerosene_supply,CO2,0.0
66,planning,2025,reg1,Kerosene_supply,CO2,0.0
67,planning,2026,reg1,Kerosene_supply,CO2,0.0
68,planning,2027,reg1,Kerosene_supply,CO2,0.0
69,planning,2028,reg1,Kerosene_supply,CO2,0.0
70,planning,2029,reg1,Kerosene_supply,CO2,0.0
71,planning,2030,reg1,Kerosene_supply,CO2,0.0
72,planning,2031,reg1,Kerosene_supply,CO2,0.0
73,planning,2032,reg1,Kerosene_supply,CO2,0.0
74,planning,2033,reg1,Kerosene_supply,CO2,0.0
75,planning,2034,reg1,Kerosene_supply,CO2,0.0
76,planning,2035,reg1,Kerosene_supply,CO2,0.0
77,planning,2036,reg1,Kerosene_supply,CO2,0.0
78,planning,2037,reg1,Kerosene_supply,CO2,0.0
79,planning,2038,reg1,Kerosene_supply,CO2,0.0
80,planning,2039,reg1,Kerosene_supply,CO2,0.0
81,planning,2040,reg1,Kerosene_supply,CO2,0.0
82,planning,2019,reg1,Oil_supply,CO2,0.0
83,planning,2020,reg1,Oil_supply,CO2,0.0
84,planning,2021,reg1,Oil_supply,CO2,0.0
85,planning,2022,reg1,Oil_supply,CO2,0.0
86,planning,2023,reg1,Oil_supply,CO2,0.0
87,planning,2024,reg1,Oil_supply,CO2,0.0
88,planning,2025,reg1,Oil_supply,CO2,0.0
89,planning,2026,reg1,Oil_supply,CO2,0.0
90,planning,2027,reg1,Oil_supply,CO2,0.0
91,planning,2028,reg1,Oil_supply,CO2,0.0
92,planning,2029,reg1,Oil_supply,CO2,0.0
93,planning,2030,reg1,Oil_supply,CO2,0.0
94,planning,2031,reg1,Oil_supply,CO2,0.0
95,planning,2032,reg1,Oil_supply,CO2,0.0
96,planning,2033,reg1,Oil_supply,CO2,0.0
97,planning,2034,reg1,Oil_supply,CO2,0.0
98,planning,2035,reg1,Oil_supply,CO2,0.0
99,planning,2036,reg1,Oil_supply,CO2,0.0
100,planning,2037,reg1,Oil_supply,CO2,0.0
101,planning,2038,reg1,Oil_supply,CO2,0.0
102,planning,2039,reg1,Oil_supply,CO2,0.0
103,planning,2040,reg1,Oil_supply,CO2,0.0
104,planning,2019,reg1,BW_supply,CO2,0.0
105,planning,2020,reg1,BW_supply,CO2,0.0
106,planning,2021,reg1,BW_supply,CO2,0.0
107,planning,2022,reg1,BW_supply,CO2,0.0
108,planning,2023,reg1,BW_supply,CO2,0.0
109,planning,2024,reg1,BW_supply,CO2,0.0
110,planning,2025,reg1,BW_supply,CO2,0.0
111,planning,2026,reg1,BW_supply,CO2,0.0
112,planning,2027,reg1,BW_supply,CO2,0.0
113,planning,2028,reg1,BW_supply,CO2,0.0
114,planning,2029,reg1,BW_supply,CO2,0.0
115,planning,2030,reg1,BW_supply,CO2,0.0
116,planning,2031,reg1,BW_supply,CO2,0.0
117,planning,2032,reg1,BW_supply,CO2,0.0
118,planning,2033,reg1,BW_supply,CO2,0.0
119,planning,2034,reg1,BW_supply,CO2,0.0
120,planning,2035,reg1,BW_supply,CO2,0.0
121,planning,2036,reg1,BW_supply,CO2,0.0
122,planning,2037,reg1,BW_supply,CO2,0.0
123,planning,2038,reg1,BW_supply,CO2,0.0
124,planning,2039,reg1,BW_supply,CO2,0.0
125,planning,2040,reg1,BW_supply,CO2,0.0
126,planning,2019,reg1,Diesel_supply,CO2,0.0
127,planning,2020,reg1,Diesel_supply,CO2,0.0
128,planning,2021,reg1,Diesel_supply,CO2,0.0
129,planning,2022,reg1,Diesel_supply,CO2,0.0
130,planning,2023,reg1,Diesel_supply,CO2,0.0
131,planning,2024,reg1,Diesel_supply,CO2,0.0
132,planning,2025,reg1,Diesel_supply,CO2,0.0
133,planning,2026,reg1,Diesel_supply,CO2,0.0
134,planning,2027,reg1,Diesel_supply,CO2,0.0
135,planning,2028,reg1,Diesel_supply,CO2,0.0
136,planning,2029,reg1,Diesel_supply,CO2,0.0
137,planning,2030,reg1,Diesel_supply,CO2,0.0
138,planning,2031,reg1,Diesel_supply,CO2,0.0
139,planning,2032,reg1,Diesel_supply,CO2,0.0
140,planning,2033,reg1,Diesel_supply,CO2,0.0
141,planning,2034,reg1,Diesel_supply,CO2,0.0
142,planning,2035,reg1,Diesel_supply,CO2,0.0
143,planning,2036,reg1,Diesel_supply,CO2,0.0
144,planning,2037,reg1,Diesel_supply,CO2,0.0
145,planning,2038,reg1,Diesel_supply,CO2,0.0
146,planning,2039,reg1,Diesel_supply,CO2,0.0
147,planning,2040,reg1,Diesel_supply,CO2,0.0
148,planning,2019,reg1,NG_supply,CO2,0.0
149,planning,2020,reg1,NG_supply,CO2,0.0
150,planning,2021,reg1,NG_supply,CO2,0.0
151,planning,2022,reg1,NG_supply,CO2,0.0
152,planning,2023,reg1,NG_supply,CO2,0.0
153,planning,2024,reg1,NG_supply,CO2,0.0
154,planning,2025,reg1,NG_supply,CO2,0.0
155,planning,2026,reg1,NG_supply,CO2,0.0
156,planning,2027,reg1,NG_supply,CO2,0.0
157,planning,2028,reg1,NG_supply,CO2,0.0
158,planning,2029,reg1,NG_supply,CO2,0.0
159,planning,2030,reg1,NG_supply,CO2,0.0
160,planning,2031,reg1,NG_supply,CO2,0.0
161,planning,2032,reg1,NG_supply,CO2,0.0
162,planning,2033,reg1,NG_supply,CO2,0.0
163,planning,2034,reg1,NG_supply,CO2,0.0
164,planning,2035,reg1,NG_supply,CO2,0.0
165,planning,2036,reg1,NG_supply,CO2,0.0
166,planning,2037,reg1,NG_supply,CO2,0.0
167,planning,2038,reg1,NG_supply,CO2,0.0
168,planning,2039,reg1,NG_supply,CO2,0.0
169,planning,2040,reg1,NG_supply,CO2,0.0
170,planning,2019,reg1,Geo_PP,CO2,1732659.3815778978
171,planning,2020,reg1,Geo_PP,CO2,1732659.3815778978
172,planning,2021,reg1,Geo_PP,CO2,1732659.3815778978
173,planning,2022,reg1,Geo_PP,CO2,1732659.3815778978
174,planning,2023,reg1,Geo_PP,CO2,1732659.3815778978
175,planning,2024,reg1,Geo_PP,CO2,1732659.3815778978
176,planning,2025,reg1,Geo_PP,CO2,1607487.328004282
177,planning,2026,reg1,Geo_PP,CO2,1607487.328004282
178,planning,2027,reg1,Geo_PP,CO2,1607487.328004282
179,planning,2028,reg1,Geo_PP,CO2,1607487.328004282
180,planning,2029,reg1,Geo_PP,CO2,1607487.328004282
181,planning,2030,reg1,Geo_PP,CO2,1607487.328004282
182,planning,2031,reg1,Geo_PP,CO2,1607487.328004282
183,planning,2032,reg1,Geo_PP,CO2,1607487.328004282
184,planning,2033,reg1,Geo_PP,CO2,1607487.328004282
185,planning,2034,reg1,Geo_PP,CO2,1607487.328004282
186,planning,2035,reg1,Geo_PP,CO2,1607487.328004282
187,planning,2036,reg1,Geo_PP,CO2,1607487.3280042822
188,planning,2037,reg1,Geo_PP,CO2,1607487.328004282
189,planning,2038,reg1,Geo_PP,CO2,1607487.328004282
190,planning,2039,reg1,Geo_PP,CO2,1607487.3280042822
191,planning,2040,reg1,Geo_PP,CO2,1607487.328004282
192,planning,2019,reg1,Solar_PV_PP,CO2,0.0
193,planning,2020,reg1,Solar_PV_PP,CO2,0.0
194,planning,2021,reg1,Solar_PV_PP,CO2,0.0
195,planning,2022,reg1,Solar_PV_PP,CO2,0.0
196,planning,2023,reg1,Solar_PV_PP,CO2,0.0
197,planning,2024,reg1,Solar_PV_PP,CO2,0.0
198,planning,2025,reg1,Solar_PV_PP,CO2,0.0
199,planning,2026,reg1,Solar_PV_PP,CO2,0.0
200,planning,2027,reg1,Solar_PV_PP,CO2,0.0
201,planning,2028,reg1,Solar_PV_PP,CO2,0.0
202,planning,2029,reg1,Solar_PV_PP,CO2,0.0
203,planning,2030,reg1,Solar_PV_PP,CO2,0.0
204,planning,2031,reg1,Solar_PV_PP,CO2,0.0
205,planning,2032,reg1,Solar_PV_PP,CO2,0.0
206,planning,2033,reg1,Solar_PV_PP,CO2,0.0
207,planning,2034,reg1,Solar_PV_PP,CO2,0.0
208,planning,2035,reg1,Solar_PV_PP,CO2,0.0
209,planning,2036,reg1,Solar_PV_PP,CO2,0.0
210,planning,2037,reg1,Solar_PV_PP,CO2,0.0
211,planning,2038,reg1,Solar_PV_PP,CO2,0.0
212,planning,2039,reg1,Solar_PV_PP,CO2,0.0
213,planning,2040,reg1,Solar_PV_PP,CO2,0.0
214,planning,2019,reg1,Wind_PP,CO2,0.0
215,planning,2020,reg1,Wind_PP,CO2,0.0
216,planning,2021,reg1,Wind_PP,CO2,0.0
217,planning,2022,reg1,Wind_PP,CO2,0.0
218,planning,2023,reg1,Wind_PP,CO2,0.0
219,planning,2024,reg1,Wind_PP,CO2,0.0
220,planning,2025,reg1,Wind_PP,CO2,0.0
221,planning,2026,reg1,Wind_PP,CO2,0.0
222,planning,2027,reg1,Wind_PP,CO2,0.0
223,planning,2028,reg1,Wind_PP,CO2,0.0
224,planning,2029,reg1,Wind_PP,CO2,0.0
225,planning,2030,reg1,Wind_PP,CO2,0.0
226,planning,2031,reg1,Wind_PP,CO2,0.0
227,planning,2032,reg1,Wind_PP,CO2,0.0
228,planning,2033,reg1,Wind_PP,CO2,0.0
229,planning,2034,reg1,Wind_PP,CO2,0.0
230,planning,2035,reg1,Wind_PP,CO2,0.0
231,planning,2036,reg1,Wind_PP,CO2,0.0
232,planning,2037,reg1,Wind_PP,CO2,0.0
233,planning,2038,reg1,Wind_PP,CO2,0.0
234,planning,2039,reg1,Wind_PP,CO2,0.0
235,planning,2040,reg1,Wind_PP,CO2,0.0
236,planning,2019,reg1,S_ROR_Hydro_PP,CO2,0.0
237,planning,2020,reg1,S_ROR_Hydro_PP,CO2,0.0
238,planning,2021,reg1,S_ROR_Hydro_PP,CO2,0.0
239,planning,2022,reg1,S_ROR_Hydro_PP,CO2,0.0
240,planning,2023,reg1,S_ROR_Hydro_PP,CO2,0.0
241,planning,2024,reg1,S_ROR_Hydro_PP,CO2,0.0
242,planning,2025,reg1,S_ROR_Hydro_PP,CO2,0.0
243,planning,2026,reg1,S_ROR_Hydro_PP,CO2,0.0
244,planning,2027,reg1,S_ROR_Hydro_PP,CO2,0.0
245,planning,2028,reg1,S_ROR_Hydro_PP,CO2,0.0
246,planning,2029,reg1,S_ROR_Hydro_PP,CO2,0.0
247,planning,2030,reg1,S_ROR_Hydro_PP,CO2,0.0
248,planning,2031,reg1,S_ROR_Hydro_PP,CO2,0.0
249,planning,2032,reg1,S_ROR_Hydro_PP,CO2,0.0
250,planning,2033,reg1,S_ROR_Hydro_PP,CO2,0.0
251,planning,2034,reg1,S_ROR_Hydro_PP,CO2,0.0
252,planning,2035,reg1,S_ROR_Hydro_PP,CO2,0.0
253,planning,2036,reg1,S_ROR_Hydro_PP,CO2,0.0
254,planning,2037,reg1,S_ROR_Hydro_PP,CO2,0.0
255,planning,2038,reg1,S_ROR_Hydro_PP,CO2,0.0
256,planning,2039,reg1,S_ROR_Hydro_PP,CO2,0.0
257,planning,2040,reg1,S_ROR_Hydro_PP,CO2,0.0
258,planning,2019,reg1,L_ROR_Hydro_PP,CO2,0.0
259,planning,2020,reg1,L_ROR_Hydro_PP,CO2,0.0
260,planning,2021,reg1,L_ROR_Hydro_PP,CO2,0.0
261,planning,2022,reg1,L_ROR_Hydro_PP,CO2,0.0
262,planning,2023,reg1,L_ROR_Hydro_PP,CO2,0.0
263,planning,2024,reg1,L_ROR_Hydro_PP,CO2,0.0
264,planning,2025,reg1,L_ROR_Hydro_PP,CO2,0.0
265,planning,2026,reg1,L_ROR_Hydro_PP,CO2,0.0
266,planning,2027,reg1,L_ROR_Hydro_PP,CO2,0.0
267,planning,2028,reg1,L_ROR_Hydro_PP,CO2,0.0
268,planning,2029,reg1,L_ROR_Hydro_PP,CO2,0.0
269,planning,2030,reg1,L_ROR_Hydro_PP,CO2,0.0
270,planning,2031,reg1,L_ROR_Hydro_PP,CO2,0.0
271,planning,2032,reg1,L_ROR_Hydro_PP,CO2,0.0
272,planning,2033,reg1,L_ROR_Hydro_PP,CO2,0.0
273,planning,2034,reg1,L_ROR_Hydro_PP,CO2,0.0
274,planning,2035,reg1,L_ROR_Hydro_PP,CO2,0.0
275,planning,2036,reg1,L_ROR_Hydro_PP,CO2,0.0
276,planning,2037,reg1,L_ROR_Hydro_PP,CO2,0.0
277,planning,2038,reg1,L_ROR_Hydro_PP,CO2,0.0
278,planning,2039,reg1,L_ROR_Hydro_PP,CO2,0.0
279,planning,2040,reg1,L_ROR_Hydro_PP,CO2,0.0
280,planning,2019,reg1,L_DAM_Hydro_PP,CO2,0.0
281,planning,2020,reg1,L_DAM_Hydro_PP,CO2,0.0
282,planning,2021,reg1,L_DAM_Hydro_PP,CO2,0.0
283,planning,2022,reg1,L_DAM_Hydro_PP,CO2,0.0
284,planning,2023,reg1,L_DAM_Hydro_PP,CO2,0.0
285,planning,2024,reg1,L_DAM_Hydro_PP,CO2,0.0
286,planning,2025,reg1,L_DAM_Hydro_PP,CO2,0.0
287,planning,2026,reg1,L_DAM_Hydro_PP,CO2,0.0
288,planning,2027,reg1,L_DAM_Hydro_PP,CO2,0.0
289,planning,2028,reg1,L_DAM_Hydro_PP,CO2,0.0
290,planning,2029,reg1,L_DAM_Hydro_PP,CO2,0.0
291,planning,2030,reg1,L_DAM_Hydro_PP,CO2,0.0
292,planning,2031,reg1,L_DAM_Hydro_PP,CO2,0.0
293,planning,2032,reg1,L_DAM_Hydro_PP,CO2,0.0
294,planning,2033,reg1,L_DAM_Hydro_PP,CO2,0.0
295,planning,2034,reg1,L_DAM_Hydro_PP,CO2,0.0
296,planning,2035,reg1,L_DAM_Hydro_PP,CO2,0.0
297,planning,2036,reg1,L_DAM_Hydro_PP,CO2,0.0
298,planning,2037,reg1,L_DAM_Hydro_PP,CO2,0.0
299,planning,2038,reg1,L_DAM_Hydro_PP,CO2,0.0
300,planning,2039,reg1,L_DAM_Hydro_PP,CO2,0.0
301,planning,2040,reg1,L_DAM_Hydro_PP,CO2,0.0
302,planning,2019,reg1,HFO_PP,CO2,0.0
303,planning,2020,reg1,HFO_PP,CO2,0.0
304,planning,2021,reg1,HFO_PP,CO2,0.0
305,planning,2022,reg1,HFO_PP,CO2,0.0
306,planning,2023,reg1,HFO_PP,CO2,0.0
307,planning,2024,reg1,HFO_PP,CO2,0.0
308,planning,2025,reg1,HFO_PP,CO2,0.0
309,planning,2026,reg1,HFO_PP,CO2,0.0
310,planning,2027,reg1,HFO_PP,CO2,0.0
311,planning,2028,reg1,HFO_PP,CO2,0.0
312,planning,2029,reg1,HFO_PP,CO2,0.0
313,planning,2030,reg1,HFO_PP,CO2,0.0
314,planning,2031,reg1,HFO_PP,CO2,0.0
315,planning,2032,reg1,HFO_PP,CO2,0.0
316,planning,2033,reg1,HFO_PP,CO2,0.0
317,planning,2034,reg1,HFO_PP,CO2,0.0
318,planning,2035,reg1,HFO_PP,CO2,0.0
319,planning,2036,reg1,HFO_PP,CO2,0.0
320,planning,2037,reg1,HFO_PP,CO2,0.0
321,planning,2038,reg1,HFO_PP,CO2,0.0
322,planning,2039,reg1,HFO_PP,CO2,0.0
323,planning,2040,reg1,HFO_PP,CO2,46519.46150475535
324,planning,2019,reg1,HFO_CC_PP,CO2,0.0
325,planning,2020,reg1,HFO_CC_PP,CO2,0.0
326,planning,2021,reg1,HFO_CC_PP,CO2,0.0
327,planning,2022,reg1,HFO_CC_PP,CO2,0.0
328,planning,2023,reg1,HFO_CC_PP,CO2,0.0
329,planning,2024,reg1,HFO_CC_PP,CO2,0.0
330,planning,2025,reg1,HFO_CC_PP,CO2,0.0
331,planning,2026,reg1,HFO_CC_PP,CO2,779.0256683250559
332,planning,2027,reg1,HFO_CC_PP,CO2,2893.8871742353813
333,planning,2028,reg1,HFO_CC_PP,CO2,3377.410841086398
334,planning,2029,reg1,HFO_CC_PP,CO2,3995.102419245575
335,planning,2030,reg1,HFO_CC_PP,CO2,4478.626086097545
336,planning,2031,reg1,HFO_CC_PP,CO2,7309.862298431523
337,planning,2032,reg1,HFO_CC_PP,CO2,10141.09851076766
338,planning,2033,reg1,HFO_CC_PP,CO2,12972.334723104
339,planning,2034,reg1,HFO_CC_PP,CO2,15803.570935437225
340,planning,2035,reg1,HFO_CC_PP,CO2,18908.509686841448
341,planning,2036,reg1,HFO_CC_PP,CO2,21739.74589917834
342,planning,2037,reg1,HFO_CC_PP,CO2,24570.982111514622
343,planning,2038,reg1,HFO_CC_PP,CO2,47676.42401569155
344,planning,2039,reg1,HFO_CC_PP,CO2,40458.45731841476
345,planning,2040,reg1,HFO_CC_PP,CO2,112592.54819249002
346,planning,2019,reg1,KGT_PP,CO2,0.0
347,planning,2020,reg1,KGT_PP,CO2,0.0
348,planning,2021,reg1,KGT_PP,CO2,0.0
349,planning,2022,reg1,KGT_PP,CO2,0.0
350,planning,2023,reg1,KGT_PP,CO2,0.0
351,planning,2024,reg1,KGT_PP,CO2,0.0
352,planning,2025,reg1,KGT_PP,CO2,0.0
353,planning,2026,reg1,KGT_PP,CO2,0.0
354,planning,2027,reg1,KGT_PP,CO2,0.0
355,planning,2028,reg1,KGT_PP,CO2,0.0
356,planning,2029,reg1,KGT_PP,CO2,0.0
357,planning,2030,reg1,KGT_PP,CO2,0.0
358,planning,2031,reg1,KGT_PP,CO2,0.0
359,planning,2032,reg1,KGT_PP,CO2,0.0
360,planning,2033,reg1,KGT_PP,CO2,0.0
361,planning,2034,reg1,KGT_PP,CO2,0.0
362,planning,2035,reg1,KGT_PP,CO2,0.0
363,planning,2036,reg1,KGT_PP,CO2,0.0
364,planning,2037,reg1,KGT_PP,CO2,0.0
365,planning,2038,reg1,KGT_PP,CO2,0.0
366,planning,2039,reg1,KGT_PP,CO2,0.0
367,planning,2040,reg1,KGT_PP,CO2,0.0
368,planning,2019,reg1,BW_PP,CO2,0.0
369,planning,2020,reg1,BW_PP,CO2,0.0
370,planning,2021,reg1,BW_PP,CO2,0.0
371,planning,2022,reg1,BW_PP,CO2,0.0
372,planning,2023,reg1,BW_PP,CO2,0.0
373,planning,2024,reg1,BW_PP,CO2,0.0
374,planning,2025,reg1,BW_PP,CO2,0.0
375,planning,2026,reg1,BW_PP,CO2,0.0
376,planning,2027,reg1,BW_PP,CO2,0.0
377,planning,2028,reg1,BW_PP,CO2,0.0
378,planning,2029,reg1,BW_PP,CO2,0.0
379,planning,2030,reg1,BW_PP,CO2,0.0
380,planning,2031,reg1,BW_PP,CO2,0.0
381,planning,2032,reg1,BW_PP,CO2,0.0
382,planning,2033,reg1,BW_PP,CO2,0.0
383,planning,2034,reg1,BW_PP,CO2,0.0
384,planning,2035,reg1,BW_PP,CO2,0.0
385,planning,2036,reg1,BW_PP,CO2,0.0
386,planning,2037,reg1,BW_PP,CO2,0.0
387,planning,2038,reg1,BW_PP,CO2,0.0
388,planning,2039,reg1,BW_PP,CO2,0.0
389,planning,2040,reg1,BW_PP,CO2,0.0
390,planning,2019,reg1,Diesel_engine_pp,CO2,0.0
391,planning,2020,reg1,Diesel_engine_pp,CO2,0.0
392,planning,2021,reg1,Diesel_engine_pp,CO2,0.0
393,planning,2022,reg1,Diesel_engine_pp,CO2,0.0
394,planning,2023,reg1,Diesel_engine_pp,CO2,0.0
395,planning,2024,reg1,Diesel_engine_pp,CO2,0.0
396,planning,2025,reg1,Diesel_engine_pp,CO2,0.0
397,planning,2026,reg1,Diesel_engine_pp,CO2,0.0
398,planning,2027,reg1,Diesel_engine_pp,CO2,0.0
399,planning,2028,reg1,Diesel_engine_pp,CO2,0.0
400,planning,2029,reg1,Diesel_engine_pp,CO2,0.0
401,planning,2030,reg1,Diesel_engine_pp,CO2,0.0
402,planning,2031,reg1,Diesel_engine_pp,CO2,0.0
403,planning,2032,reg1,Diesel_engine_pp,CO2,0.0
404,planning,2033,reg1,Diesel_engine_pp,CO2,0.0
405,planning,2034,reg1,Diesel_engine_pp,CO2,0.0
406,planning,2035,reg1,Diesel_engine_pp,CO2,0.0
407,planning,2036,reg1,Diesel_engine_pp,CO2,0.0
408,planning,2037,reg1,Diesel_engine_pp,CO2,0.0
409,planning,2038,reg1,Diesel_engine_pp,CO2,0.0
410,planning,2039,reg1,Diesel_engine_pp,CO2,0.0
411,planning,2040,reg1,Diesel_engine_pp,CO2,129416.72206033334
412,planning,2019,reg1,LNG_GT_CC_pp,CO2,0.0
413,planning,2020,reg1,LNG_GT_CC_pp,CO2,0.0
414,planning,2021,reg1,LNG_GT_CC_pp,CO2,0.0
415,planning,2022,reg1,LNG_GT_CC_pp,CO2,0.0
416,planning,2023,reg1,LNG_GT_CC_pp,CO2,0.0
417,planning,2024,reg1,LNG_GT_CC_pp,CO2,0.0
418,planning,2025,reg1,LNG_GT_CC_pp,CO2,0.0
419,planning,2026,reg1,LNG_GT_CC_pp,CO2,0.0
420,planning,2027,reg1,LNG_GT_CC_pp,CO2,4365.020644062692
421,planning,2028,reg1,LNG_GT_CC_pp,CO2,4365.020644062692
422,planning,2029,reg1,LNG_GT_CC_pp,CO2,4365.020644062692
423,planning,2030,reg1,LNG_GT_CC_pp,CO2,4365.020644062692
424,planning,2031,reg1,LNG_GT_CC_pp,CO2,4365.020644062692
425,planning,2032,reg1,LNG_GT_CC_pp,CO2,50535.74003115965
426,planning,2033,reg1,LNG_GT_CC_pp,CO2,50535.74003115965
427,planning,2034,reg1,LNG_GT_CC_pp,CO2,50535.74003115965
428,planning,2035,reg1,LNG_GT_CC_pp,CO2,95020.72077398904
429,planning,2036,reg1,LNG_GT_CC_pp,CO2,95020.72077398904
430,planning,2037,reg1,LNG_GT_CC_pp,CO2,95020.72077398904
431,planning,2038,reg1,LNG_GT_CC_pp,CO2,95020.72077398904
432,planning,2039,reg1,LNG_GT_CC_pp,CO2,139565.76918347488
433,planning,2040,reg1,LNG_GT_CC_pp,CO2,203499.2228088844
434,planning,2019,reg2,Kerosene_supply,CO2,0.0
435,planning,2020,reg2,Kerosene_supply,CO2,0.0
436,planning,2021,reg2,Kerosene_supply,CO2,0.0
437,planning,2022,reg2,Kerosene_supply,CO2,0.0
438,planning,2023,reg2,Kerosene_supply,CO2,0.0
439,planning,2024,reg2,Kerosene_supply,CO2,0.0
440,planning,2025,reg2,Kerosene_supply,CO2,0.0
441,planning,2026,reg2,Kerosene_supply,CO2,0.0
442,planning,2027,reg2,Kerosene_supply,CO2,0.0
443,planning,2028,reg2,Kerosene_supply,CO2,0.0
444,planning,2029,reg2,Kerosene_supply,CO2,0.0
445,planning,2030,reg2,Kerosene_supply,CO2,0.0
446,planning,2031,reg2,Kerosene_supply,CO2,0.0
447,planning,2032,reg2,Kerosene_supply,CO2,0.0
448,planning,2033,reg2,Kerosene_supply,CO2,0.0
449,planning,2034,reg2,Kerosene_supply,CO2,0.0
450,planning,2035,reg2,Kerosene_supply,CO2,0.0
451,planning,2036,reg2,Kerosene_supply,CO2,0.0
452,planning,2037,reg2,Kerosene_supply,CO2,0.0
453,planning,2038,reg2,Kerosene_supply,CO2,0.0
454,planning,2039,reg2,Kerosene_supply,CO2,0.0
455,planning,2040,reg2,Kerosene_supply,CO2,0.0
456,planning,2019,reg2,Oil_supply,CO2,0.0
457,planning,2020,reg2,Oil_supply,CO2,0.0
458,planning,2021,reg2,Oil_supply,CO2,0.0
459,planning,2022,reg2,Oil_supply,CO2,0.0
460,planning,2023,reg2,Oil_supply,CO2,0.0
461,planning,2024,reg2,Oil_supply,CO2,0.0
462,planning,2025,reg2,Oil_supply,CO2,0.0
463,planning,2026,reg2,Oil_supply,CO2,0.0
464,planning,2027,reg2,Oil_supply,CO2,0.0
465,planning,2028,reg2,Oil_supply,CO2,0.0
466,planning,2029,reg2,Oil_supply,CO2,0.0
467,planning,2030,reg2,Oil_supply,CO2,0.0
468,planning,2031,reg2,Oil_supply,CO2,0.0
469,planning,2032,reg2,Oil_supply,CO2,0.0
470,planning,2033,reg2,Oil_supply,CO2,0.0
471,planning,2034,reg2,Oil_supply,CO2,0.0
472,planning,2035,reg2,Oil_supply,CO2,0.0
473,planning,2036,reg2,Oil_supply,CO2,0.0
474,planning,2037,reg2,Oil_supply,CO2,0.0
475,planning,2038,reg2,Oil_supply,CO2,0.0
476,planning,2039,reg2,Oil_supply,CO2,0.0
477,planning,2040,reg2,Oil_supply,CO2,0.0
478,planning,2019,reg2,BW_supply,CO2,0.0
479,planning,2020,reg2,BW_supply,CO2,0.0
480,planning,2021,reg2,BW_supply,CO2,0.0
481,planning,2022,reg2,BW_supply,CO2,0.0
482,planning,2023,reg2,BW_supply,CO2,0.0
483,planning,2024,reg2,BW_supply,CO2,0.0
484,planning,2025,reg2,BW_supply,CO2,0.0
485,planning,2026,reg2,BW_supply,CO2,0.0
486,planning,2027,reg2,BW_supply,CO2,0.0
487,planning,2028,reg2,BW_supply,CO2,0.0
488,planning,2029,reg2,BW_supply,CO2,0.0
489,planning,2030,reg2,BW_supply,CO2,0.0
490,planning,2031,reg2,BW_supply,CO2,0.0
491,planning,2032,reg2,BW_supply,CO2,0.0
492,planning,2033,reg2,BW_supply,CO2,0.0
493,planning,2034,reg2,BW_supply,CO2,0.0
494,planning,2035,reg2,BW_supply,CO2,0.0
495,planning,2036,reg2,BW_supply,CO2,0.0
496,planning,2037,reg2,BW_supply,CO2,0.0
497,planning,2038,reg2,BW_supply,CO2,0.0
498,planning,2039,reg2,BW_supply,CO2,0.0
499,planning,2040,reg2,BW_supply,CO2,0.0
500,planning,2019,reg2,Diesel_supply,CO2,0.0
501,planning,2020,reg2,Diesel_supply,CO2,0.0
502,planning,2021,reg2,Diesel_supply,CO2,0.0
503,planning,2022,reg2,Diesel_supply,CO2,0.0
504,planning,2023,reg2,Diesel_supply,CO2,0.0
505,planning,2024,reg2,Diesel_supply,CO2,0.0
506,planning,2025,reg2,Diesel_supply,CO2,0.0
507,planning,2026,reg2,Diesel_supply,CO2,0.0
508,planning,2027,reg2,Diesel_supply,CO2,0.0
509,planning,2028,reg2,Diesel_supply,CO2,0.0
510,planning,2029,reg2,Diesel_supply,CO2,0.0
511,planning,2030,reg2,Diesel_supply,CO2,0.0
512,planning,2031,reg2,Diesel_supply,CO2,0.0
513,planning,2032,reg2,Diesel_supply,CO2,0.0
514,planning,2033,reg2,Diesel_supply,CO2,0.0
515,planning,2034,reg2,Diesel_supply,CO2,0.0
516,planning,2035,reg2,Diesel_supply,CO2,0.0
517,planning,2036,reg2,Diesel_supply,CO2,0.0
518,planning,2037,reg2,Diesel_supply,CO2,0.0
519,planning,2038,reg2,Diesel_supply,CO2,0.0
520,planning,2039,reg2,Diesel_supply,CO2,0.0
521,planning,2040,reg2,Diesel_supply,CO2,0.0
522,planning,2019,reg2,NG_supply,CO2,0.0
523,planning,2020,reg2,NG_supply,CO2,0.0
524,planning,2021,reg2,NG_supply,CO2,0.0
525,planning,2022,reg2,NG_supply,CO2,0.0
526,planning,2023,reg2,NG_supply,CO2,0.0
527,planning,2024,reg2,NG_supply,CO2,0.0
528,planning,2025,reg2,NG_supply,CO2,0.0
529,planning,2026,reg2,NG_supply,CO2,0.0
530,planning,2027,reg2,NG_supply,CO2,0.0
531,planning,2028,reg2,NG_supply,CO2,0.0
532,planning,2029,reg2,NG_supply,CO2,0.0
533,planning,2030,reg2,NG_supply,CO2,0.0
534,planning,2031,reg2,NG_supply,CO2,0.0
535,planning,2032,reg2,NG_supply,CO2,0.0
536,planning,2033,reg2,NG_supply,CO2,0.0
537,planning,2034,reg2,NG_supply,CO2,0.0
538,planning,2035,reg2,NG_supply,CO2,0.0
539,planning,2036,reg2,NG_supply,CO2,0.0
540,planning,2037,reg2,NG_supply,CO2,0.0
541,planning,2038,reg2,NG_supply,CO2,0.0
542,planning,2039,reg2,NG_supply,CO2,0.0
543,planning,2040,reg2,NG_supply,CO2,0.0
544,planning,2019,reg2,Geo_PP,CO2,0.0
545,planning,2020,reg2,Geo_PP,CO2,0.0
546,planning,2021,reg2,Geo_PP,CO2,0.0
547,planning,2022,reg2,Geo_PP,CO2,0.0
548,planning,2023,reg2,Geo_PP,CO2,0.0
549,planning,2024,reg2,Geo_PP,CO2,0.0
550,planning,2025,reg2,Geo_PP,CO2,0.0
551,planning,2026,reg2,Geo_PP,CO2,0.0
552,planning,2027,reg2,Geo_PP,CO2,0.0
553,planning,2028,reg2,Geo_PP,CO2,0.0
554,planning,2029,reg2,Geo_PP,CO2,0.0
555,planning,2030,reg2,Geo_PP,CO2,0.0
556,planning,2031,reg2,Geo_PP,CO2,0.0
557,planning,2032,reg2,Geo_PP,CO2,0.0
558,planning,2033,reg2,Geo_PP,CO2,0.0
559,planning,2034,reg2,Geo_PP,CO2,0.0
560,planning,2035,reg2,Geo_PP,CO2,0.0
561,planning,2036,reg2,Geo_PP,CO2,0.0
562,planning,2037,reg2,Geo_PP,CO2,0.0
563,planning,2038,reg2,Geo_PP,CO2,0.0
564,planning,2039,reg2,Geo_PP,CO2,0.0
565,planning,2040,reg2,Geo_PP,CO2,0.0
566,planning,2019,reg2,Solar_PV_PP,CO2,0.0
567,planning,2020,reg2,Solar_PV_PP,CO2,0.0
568,planning,2021,reg2,Solar_PV_PP,CO2,0.0
569,planning,2022,reg2,Solar_PV_PP,CO2,0.0
570,planning,2023,reg2,Solar_PV_PP,CO2,0.0
571,planning,2024,reg2,Solar_PV_PP,CO2,0.0
572,planning,2025,reg2,Solar_PV_PP,CO2,0.0
573,planning,2026,reg2,Solar_PV_PP,CO2,0.0
574,planning,2027,reg2,Solar_PV_PP,CO2,0.0
575,planning,2028,reg2,Solar_PV_PP,CO2,0.0
576,planning,2029,reg2,Solar_PV_PP,CO2,0.0
577,planning,2030,reg2,Solar_PV_PP,CO2,0.0
578,planning,2031,reg2,Solar_PV_PP,CO2,0.0
579,planning,2032,reg2,Solar_PV_PP,CO2,0.0
580,planning,2033,reg2,Solar_PV_PP,CO2,0.0
581,planning,2034,reg2,Solar_PV_PP,CO2,0.0
582,planning,2035,reg2,Solar_PV_PP,CO2,0.0
583,planning,2036,reg2,Solar_PV_PP,CO2,0.0
584,planning,2037,reg2,Solar_PV_PP,CO2,0.0
585,planning,2038,reg2,Solar_PV_PP,CO2,0.0
586,planning,2039,reg2,Solar_PV_PP,CO2,0.0
587,planning,2040,reg2,Solar_PV_PP,CO2,0.0
588,planning,2019,reg2,Wind_PP,CO2,0.0
589,planning,2020,reg2,Wind_PP,CO2,0.0
590,planning,2021,reg2,Wind_PP,CO2,0.0
591,planning,2022,reg2,Wind_PP,CO2,0.0
592,planning,2023,reg2,Wind_PP,CO2,0.0
593,planning,2024,reg2,Wind_PP,CO2,0.0
594,planning,2025,reg2,Wind_PP,CO2,0.0
595,planning,2026,reg2,Wind_PP,CO2,0.0
596,planning,2027,reg2,Wind_PP,CO2,0.0
597,planning,2028,reg2,Wind_PP,CO2,0.0
598,planning,2029,reg2,Wind_PP,CO2,0.0
599,planning,2030,reg2,Wind_PP,CO2,0.0
600,planning,2031,reg2,Wind_PP,CO2,0.0
601,planning,2032,reg2,Wind_PP,CO2,0.0
602,planning,2033,reg2,Wind_PP,CO2,0.0
603,planning,2034,reg2,Wind_PP,CO2,0.0
604,planning,2035,reg2,Wind_PP,CO2,0.0
605,planning,2036,reg2,Wind_PP,CO2,0.0
606,planning,2037,reg2,Wind_PP,CO2,0.0
607,planning,2038,reg2,Wind_PP,CO2,0.0
608,planning,2039,reg2,Wind_PP,CO2,0.0
609,planning,2040,reg2,Wind_PP,CO2,0.0
610,planning,2019,reg2,S_ROR_Hydro_PP,CO2,0.0
611,planning,2020,reg2,S_ROR_Hydro_PP,CO2,0.0
612,planning,2021,reg2,S_ROR_Hydro_PP,CO2,0.0
613,planning,2022,reg2,S_ROR_Hydro_PP,CO2,0.0
614,planning,2023,reg2,S_ROR_Hydro_PP,CO2,0.0
615,planning,2024,reg2,S_ROR_Hydro_PP,CO2,0.0
616,planning,2025,reg2,S_ROR_Hydro_PP,CO2,0.0
617,planning,2026,reg2,S_ROR_Hydro_PP,CO2,0.0
618,planning,2027,reg2,S_ROR_Hydro_PP,CO2,0.0
619,planning,2028,reg2,S_ROR_Hydro_PP,CO2,0.0
620,planning,2029,reg2,S_ROR_Hydro_PP,CO2,0.0
621,planning,2030,reg2,S_ROR_Hydro_PP,CO2,0.0
622,planning,2031,reg2,S_ROR_Hydro_PP,CO2,0.0
623,planning,2032,reg2,S_ROR_Hydro_PP,CO2,0.0
624,planning,2033,reg2,S_ROR_Hydro_PP,CO2,0.0
625,planning,2034,reg2,S_ROR_Hydro_PP,CO2,0.0
626,planning,2035,reg2,S_ROR_Hydro_PP,CO2,0.0
627,planning,2036,reg2,S_ROR_Hydro_PP,CO2,0.0
628,planning,2037,reg2,S_ROR_Hydro_PP,CO2,0.0
629,planning,2038,reg2,S_ROR_Hydro_PP,CO2,0.0
630,planning,2039,reg2,S_ROR_Hydro_PP,CO2,0.0
631,planning,2040,reg2,S_ROR_Hydro_PP,CO2,0.0
632,planning,2019,reg2,L_ROR_Hydro_PP,CO2,0.0
633,planning,2020,reg2,L_ROR_Hydro_PP,CO2,0.0
634,planning,2021,reg2,L_ROR_Hydro_PP,CO2,0.0
635,planning,2022,reg2,L_ROR_Hydro_PP,CO2,0.0
636,planning,2023,reg2,L_ROR_Hydro_PP,CO2,0.0
637,planning,2024,reg2,L_ROR_Hydro_PP,CO2,0.0
638,planning,2025,reg2,L_ROR_Hydro_PP,CO2,0.0
639,planning,2026,reg2,L_ROR_Hydro_PP,CO2,0.0
640,planning,2027,reg2,L_ROR_Hydro_PP,CO2,0.0
641,planning,2028,reg2,L_ROR_Hydro_PP,CO2,0.0
642,planning,2029,reg2,L_ROR_Hydro_PP,CO2,0.0
643,planning,2030,reg2,L_ROR_Hydro_PP,CO2,0.0
644,planning,2031,reg2,L_ROR_Hydro_PP,CO2,0.0
645,planning,2032,reg2,L_ROR_Hydro_PP,CO2,0.0
646,planning,2033,reg2,L_ROR_Hydro_PP,CO2,0.0
647,planning,2034,reg2,L_ROR_Hydro_PP,CO2,0.0
648,planning,2035,reg2,L_ROR_Hydro_PP,CO2,0.0
649,planning,2036,reg2,L_ROR_Hydro_PP,CO2,0.0
650,planning,2037,reg2,L_ROR_Hydro_PP,CO2,0.0
651,planning,2038,reg2,L_ROR_Hydro_PP,CO2,0.0
652,planning,2039,reg2,L_ROR_Hydro_PP,CO2,0.0
653,planning,2040,reg2,L_ROR_Hydro_PP,CO2,0.0
654,planning,2019,reg2,L_DAM_Hydro_PP,CO2,0.0
655,planning,2020,reg2,L_DAM_Hydro_PP,CO2,0.0
656,planning,2021,reg2,L_DAM_Hydro_PP,CO2,0.0
657,planning,2022,reg2,L_DAM_Hydro_PP,CO2,0.0
658,planning,2023,reg2,L_DAM_Hydro_PP,CO2,0.0
659,planning,2024,reg2,L_DAM_Hydro_PP,CO2,0.0
660,planning,2025,reg2,L_DAM_Hydro_PP,CO2,0.0
661,planning,2026,reg2,L_DAM_Hydro_PP,CO2,0.0
662,planning,2027,reg2,L_DAM_Hydro_PP,CO2,0.0
663,planning,2028,reg2,L_DAM_Hydro_PP,CO2,0.0
664,planning,2029,reg2,L_DAM_Hydro_PP,CO2,0.0
665,planning,2030,reg2,L_DAM_Hydro_PP,CO2,0.0
666,planning,2031,reg2,L_DAM_Hydro_PP,CO2,0.0
667,planning,2032,reg2,L_DAM_Hydro_PP,CO2,0.0
668,planning,2033,reg2,L_DAM_Hydro_PP,CO2,0.0
669,planning,2034,reg2,L_DAM_Hydro_PP,CO2,0.0
670,planning,2035,reg2,L_DAM_Hydro_PP,CO2,0.0
671,planning,2036,reg2,L_DAM_Hydro_PP,CO2,0.0
672,planning,2037,reg2,L_DAM_Hydro_PP,CO2,0.0
673,planning,2038,reg2,L_DAM_Hydro_PP,CO2,0.0
674,planning,2039,reg2,L_DAM_Hydro_PP,CO2,0.0
675,planning,2040,reg2,L_DAM_Hydro_PP,CO2,0.0
676,planning,2019,reg2,HFO_PP,CO2,0.0
677,planning,2020,reg2,HFO_PP,CO2,0.0
678,planning,2021,reg2,HFO_PP,CO2,0.0
679,planning,2022,reg2,HFO_PP,CO2,0.0
680,planning,2023,reg2,HFO_PP,CO2,0.0
681,planning,2024,reg2,HFO_PP,CO2,0.0
682,planning,2025,reg2,HFO_PP,CO2,0.0
683,planning,2026,reg2,HFO_PP,CO2,0.0
684,planning,2027,reg2,HFO_PP,CO2,0.0
685,planning,2028,reg2,HFO_PP,CO2,0.0
686,planning,2029,reg2,HFO_PP,CO2,0.0
687,planning,2030,reg2,HFO_PP,CO2,0.0
688,planning,2031,reg2,HFO_PP,CO2,0.0
689,planning,2032,reg2,HFO_PP,CO2,0.0
690,planning,2033,reg2,HFO_PP,CO2,0.0
691,planning,2034,reg2,HFO_PP,CO2,0.0
692,planning,2035,reg2,HFO_PP,CO2,0.0
693,planning,2036,reg2,HFO_PP,CO2,0.0
694,planning,2037,reg2,HFO_PP,CO2,0.0
695,planning,2038,reg2,HFO_PP,CO2,0.0
696,planning,2039,reg2,HFO_PP,CO2,0.0
697,planning,2040,reg2,HFO_PP,CO2,98159.735904433
698,planning,2019,reg2,HFO_CC_PP,CO2,0.0
699,planning,2020,reg2,HFO_CC_PP,CO2,0.0
700,planning,2021,reg2,HFO_CC_PP,CO2,0.0
701,planning,2022,reg2,HFO_CC_PP,CO2,0.0
702,planning,2023,reg2,HFO_CC_PP,CO2,0.0
703,planning,2024,reg2,HFO_CC_PP,CO2,0.0
704,planning,2025,reg2,HFO_CC_PP,CO2,0.0
705,planning,2026,reg2,HFO_CC_PP,CO2,0.0
706,planning,2027,reg2,HFO_CC_PP,CO2,0.0
707,planning,2028,reg2,HFO_CC_PP,CO2,0.0
708,planning,2029,reg2,HFO_CC_PP,CO2,0.0
709,planning,2030,reg2,HFO_CC_PP,CO2,0.0
710,planning,2031,reg2,HFO_CC_PP,CO2,0.0
711,planning,2032,reg2,HFO_CC_PP,CO2,0.0
712,planning,2033,reg2,HFO_CC_PP,CO2,0.0
713,planning,2034,reg2,HFO_CC_PP,CO2,0.0
714,planning,2035,reg2,HFO_CC_PP,CO2,0.0
715,planning,2036,reg2,HFO_CC_PP,CO2,0.0
716,planning,2037,reg2,HFO_CC_PP,CO2,0.0
717,planning,2038,reg2,HFO_CC_PP,CO2,0.0
718,planning,2039,reg2,HFO_CC_PP,CO2,0.0
719,planning,2040,reg2,HFO_CC_PP,CO2,0.0
720,planning,2019,reg2,KGT_PP,CO2,0.0
721,planning,2020,reg2,KGT_PP,CO2,0.0
722,planning,2021,reg2,KGT_PP,CO2,0.0
723,planning,2022,reg2,KGT_PP,CO2,0.0
724,planning,2023,reg2,KGT_PP,CO2,0.0
725,planning,2024,reg2,KGT_PP,CO2,0.0
726,planning,2025,reg2,KGT_PP,CO2,0.0
727,planning,2026,reg2,KGT_PP,CO2,0.0
728,planning,2027,reg2,KGT_PP,CO2,0.0
729,planning,2028,reg2,KGT_PP,CO2,0.0
730,planning,2029,reg2,KGT_PP,CO2,0.0
731,planning,2030,reg2,KGT_PP,CO2,0.0
732,planning,2031,reg2,KGT_PP,CO2,0.0
733,planning,2032,reg2,KGT_PP,CO2,0.0
734,planning,2033,reg2,KGT_PP,CO2,0.0
735,planning,2034,reg2,KGT_PP,CO2,0.0
736,planning,2035,reg2,KGT_PP,CO2,0.0
737,planning,2036,reg2,KGT_PP,CO2,0.0
738,planning,2037,reg2,KGT_PP,CO2,0.0
739,planning,2038,reg2,KGT_PP,CO2,0.0
740,planning,2039,reg2,KGT_PP,CO2,0.0
741,planning,2040,reg2,KGT_PP,CO2,0.0
742,planning,2019,reg2,BW_PP,CO2,0.0
743,planning,2020,reg2,BW_PP,CO2,0.0
744,planning,2021,reg2,BW_PP,CO2,0.0
745,planning,2022,reg2,BW_PP,CO2,0.0
746,planning,2023,reg2,BW_PP,CO2,0.0
747,planning,2024,reg2,BW_PP,CO2,0.0
748,planning,2025,reg2,BW_PP,CO2,0.0
749,planning,2026,reg2,BW_PP,CO2,0.0
750,planning,2027,reg2,BW_PP,CO2,0.0
751,planning,2028,reg2,BW_PP,CO2,0.0
752,planning,2029,reg2,BW_PP,CO2,0.0
753,planning,2030,reg2,BW_PP,CO2,0.0
754,planning,2031,reg2,BW_PP,CO2,0.0
755,planning,2032,reg2,BW_PP,CO2,0.0
756,planning,2033,reg2,BW_PP,CO2,0.0
757,planning,2034,reg2,BW_PP,CO2,0.0
758,planning,2035,reg2,BW_PP,CO2,0.0
759,planning,2036,reg2,BW_PP,CO2,0.0
760,planning,2037,reg2,BW_PP,CO2,0.0
761,planning,2038,reg2,BW_PP,CO2,0.0
762,planning,2039,reg2,BW_PP,CO2,0.0
763,planning,2040,reg2,BW_PP,CO2,0.0
764,planning,2019,reg2,Diesel_engine_pp,CO2,0.0
765,planning,2020,reg2,Diesel_engine_pp,CO2,0.0
766,planning,2021,reg2,Diesel_engine_pp,CO2,0.0
767,planning,2022,reg2,Diesel_engine_pp,CO2,0.0
768,planning,2023,reg2,Diesel_engine_pp,CO2,0.0
769,planning,2024,reg2,Diesel_engine_pp,CO2,0.0
770,planning,2025,reg2,Diesel_engine_pp,CO2,0.0
771,planning,2026,reg2,Diesel_engine_pp,CO2,0.0
772,planning,2027,reg2,Diesel_engine_pp,CO2,0.0
773,planning,2028,reg2,Diesel_engine_pp,CO2,0.0
774,planning,2029,reg2,Diesel_engine_pp,CO2,0.0
775,planning,2030,reg2,Diesel_engine_pp,CO2,0.0
776,planning,2031,reg2,Diesel_engine_pp,CO2,0.0
777,planning,2032,reg2,Diesel_engine_pp,CO2,0.0
778,planning,2033,reg2,Diesel_engine_pp,CO2,0.0
779,planning,2034,reg2,Diesel_engine_pp,CO2,0.0
780,planning,2035,reg2,Diesel_engine_pp,CO2,0.0
781,planning,2036,reg2,Diesel_engine_pp,CO2,0.0
782,planning,2037,reg2,Diesel_engine_pp,CO2,0.0
783,planning,2038,reg2,Diesel_engine_pp,CO2,0.0
784,planning,2039,reg2,Diesel_engine_pp,CO2,0.0
785,planning,2040,reg2,Diesel_engine_pp,CO2,0.0
786,planning,2019,reg2,LNG_GT_CC_pp,CO2,0.0
787,planning,2020,reg2,LNG_GT_CC_pp,CO2,0.0
788,planning,2021,reg2,LNG_GT_CC_pp,CO2,0.0
789,planning,2022,reg2,LNG_GT_CC_pp,CO2,0.0
790,planning,2023,reg2,LNG_GT_CC_pp,CO2,0.0
791,planning,2024,reg2,LNG_GT_CC_pp,CO2,0.0
792,planning,2025,reg2,LNG_GT_CC_pp,CO2,0.0
793,planning,2026,reg2,LNG_GT_CC_pp,CO2,0.0
794,planning,2027,reg2,LNG_GT_CC_pp,CO2,0.0
795,planning,2028,reg2,LNG_GT_CC_pp,CO2,9455.99220671588
796,planning,2029,reg2,LNG_GT_CC_pp,CO2,9455.99220671588
797,planning,2030,reg2,LNG_GT_CC_pp,CO2,9455.99220671588
798,planning,2031,reg2,LNG_GT_CC_pp,CO2,64825.03262434706
799,planning,2032,reg2,LNG_GT_CC_pp,CO2,64825.03262434706
800,planning,2033,reg2,LNG_GT_CC_pp,CO2,64825.03262434706
801,planning,2034,reg2,LNG_GT_CC_pp,CO2,117638.30834133302
802,planning,2035,reg2,LNG_GT_CC_pp,CO2,117638.30834133302
803,planning,2036,reg2,LNG_GT_CC_pp,CO2,162521.24665586953
804,planning,2037,reg2,LNG_GT_CC_pp,CO2,162521.24665586953
805,planning,2038,reg2,LNG_GT_CC_pp,CO2,153528.23870069813
806,planning,2039,reg2,LNG_GT_CC_pp,CO2,150230.53597202123
807,planning,2040,reg2,LNG_GT_CC_pp,CO2,223492.32700428672
808,planning,2019,reg3,Kerosene_supply,CO2,0.0
809,planning,2020,reg3,Kerosene_supply,CO2,0.0
810,planning,2021,reg3,Kerosene_supply,CO2,0.0
811,planning,2022,reg3,Kerosene_supply,CO2,0.0
812,planning,2023,reg3,Kerosene_supply,CO2,0.0
813,planning,2024,reg3,Kerosene_supply,CO2,0.0
814,planning,2025,reg3,Kerosene_supply,CO2,0.0
815,planning,2026,reg3,Kerosene_supply,CO2,0.0
816,planning,2027,reg3,Kerosene_supply,CO2,0.0
817,planning,2028,reg3,Kerosene_supply,CO2,0.0
818,planning,2029,reg3,Kerosene_supply,CO2,0.0
819,planning,2030,reg3,Kerosene_supply,CO2,0.0
820,planning,2031,reg3,Kerosene_supply,CO2,0.0
821,planning,2032,reg3,Kerosene_supply,CO2,0.0
822,planning,2033,reg3,Kerosene_supply,CO2,0.0
823,planning,2034,reg3,Kerosene_supply,CO2,0.0
824,planning,2035,reg3,Kerosene_supply,CO2,0.0
825,planning,2036,reg3,Kerosene_supply,CO2,0.0
826,planning,2037,reg3,Kerosene_supply,CO2,0.0
827,planning,2038,reg3,Kerosene_supply,CO2,0.0
828,planning,2039,reg3,Kerosene_supply,CO2,0.0
829,planning,2040,reg3,Kerosene_supply,CO2,0.0
830,planning,2019,reg3,Oil_supply,CO2,0.0
831,planning,2020,reg3,Oil_supply,CO2,0.0
832,planning,2021,reg3,Oil_supply,CO2,0.0
833,planning,2022,reg3,Oil_supply,CO2,0.0
834,planning,2023,reg3,Oil_supply,CO2,0.0
835,planning,2024,reg3,Oil_supply,CO2,0.0
836,planning,2025,reg3,Oil_supply,CO2,0.0
837,planning,2026,reg3,Oil_supply,CO2,0.0
838,planning,2027,reg3,Oil_supply,CO2,0.0
839,planning,2028,reg3,Oil_supply,CO2,0.0
840,planning,2029,reg3,Oil_supply,CO2,0.0
841,planning,2030,reg3,Oil_supply,CO2,0.0
842,planning,2031,reg3,Oil_supply,CO2,0.0
843,planning,2032,reg3,Oil_supply,CO2,0.0
844,planning,2033,reg3,Oil_supply,CO2,0.0
845,planning,2034,reg3,Oil_supply,CO2,0.0
846,planning,2035,reg3,Oil_supply,CO2,0.0
847,planning,2036,reg3,Oil_supply,CO2,0.0
848,planning,2037,reg3,Oil_supply,CO2,0.0
849,planning,2038,reg3,Oil_supply,CO2,0.0
850,planning,2039,reg3,Oil_supply,CO2,0.0
851,planning,2040,reg3,Oil_supply,CO2,0.0
852,planning,2019,reg3,BW_supply,CO2,0.0
853,planning,2020,reg3,BW_supply,CO2,0.0
854,planning,2021,reg3,BW_supply,CO2,0.0
855,planning,2022,reg3,BW_supply,CO2,0.0
856,planning,2023,reg3,BW_supply,CO2,0.0
857,planning,2024,reg3,BW_supply,CO2,0.0
858,planning,2025,reg3,BW_supply,CO2,0.0
859,planning,2026,reg3,BW_supply,CO2,0.0
860,planning,2027,reg3,BW_supply,CO2,0.0
861,planning,2028,reg3,BW_supply,CO2,0.0
862,planning,2029,reg3,BW_supply,CO2,0.0
863,planning,2030,reg3,BW_supply,CO2,0.0
864,planning,2031,reg3,BW_supply,CO2,0.0
865,planning,2032,reg3,BW_supply,CO2,0.0
866,planning,2033,reg3,BW_supply,CO2,0.0
867,planning,2034,reg3,BW_supply,CO2,0.0
868,planning,2035,reg3,BW_supply,CO2,0.0
869,planning,2036,reg3,BW_supply,CO2,0.0
870,planning,2037,reg3,BW_supply,CO2,0.0
871,planning,2038,reg3,BW_supply,CO2,0.0
872,planning,2039,reg3,BW_supply,CO2,0.0
873,planning,2040,reg3,BW_supply,CO2,0.0
874,planning,2019,reg3,Diesel_supply,CO2,0.0
875,planning,2020,reg3,Diesel_supply,CO2,0.0
876,planning,2021,reg3,Diesel_supply,CO2,0.0
877,planning,2022,reg3,Diesel_supply,CO2,0.0
878,planning,2023,reg3,Diesel_supply,CO2,0.0
879,planning,2024,reg3,Diesel_supply,CO2,0.0
880,planning,2025,reg3,Diesel_supply,CO2,0.0
881,planning,2026,reg3,Diesel_supply,CO2,0.0
882,planning,2027,reg3,Diesel_supply,CO2,0.0
883,planning,2028,reg3,Diesel_supply,CO2,0.0
884,planning,2029,reg3,Diesel_supply,CO2,0.0
885,planning,2030,reg3,Diesel_supply,CO2,0.0
886,planning,2031,reg3,Diesel_supply,CO2,0.0
887,planning,2032,reg3,Diesel_supply,CO2,0.0
888,planning,2033,reg3,Diesel_supply,CO2,0.0
889,planning,2034,reg3,Diesel_supply,CO2,0.0
890,planning,2035,reg3,Diesel_supply,CO2,0.0
891,planning,2036,reg3,Diesel_supply,CO2,0.0
892,planning,2037,reg3,Diesel_supply,CO2,0.0
893,planning,2038,reg3,Diesel_supply,CO2,0.0
894,planning,2039,reg3,Diesel_supply,CO2,0.0
895,planning,2040,reg3,Diesel_supply,CO2,0.0
896,planning,2019,reg3,NG_supply,CO2,0.0
897,planning,2020,reg3,NG_supply,CO2,0.0
898,planning,2021,reg3,NG_supply,CO2,0.0
899,planning,2022,reg3,NG_supply,CO2,0.0
900,planning,2023,reg3,NG_supply,CO2,0.0
901,planning,2024,reg3,NG_supply,CO2,0.0
902,planning,2025,reg3,NG_supply,CO2,0.0
903,planning,2026,reg3,NG_supply,CO2,0.0
904,planning,2027,reg3,NG_supply,CO2,0.0
905,planning,2028,reg3,NG_supply,CO2,0.0
906,planning,2029,reg3,NG_supply,CO2,0.0
907,planning,2030,reg3,NG_supply,CO2,0.0
908,planning,2031,reg3,NG_supply,CO2,0.0
909,planning,2032,reg3,NG_supply,CO2,0.0
910,planning,2033,reg3,NG_supply,CO2,0.0
911,planning,2034,reg3,NG_supply,CO2,0.0
912,planning,2035,reg3,NG_supply,CO2,0.0
913,planning,2036,reg3,NG_supply,CO2,0.0
914,planning,2037,reg3,NG_supply,CO2,0.0
915,planning,2038,reg3,NG_supply,CO2,0.0
916,planning,2039,reg3,NG_supply,CO2,0.0
917,planning,2040,reg3,NG_supply,CO2,0.0
918,planning,2019,reg3,Geo_PP,CO2,0.0
919,planning,2020,reg3,Geo_PP,CO2,0.0
920,planning,2021,reg3,Geo_PP,CO2,0.0
921,planning,2022,reg3,Geo_PP,CO2,0.0
922,planning,2023,reg3,Geo_PP,CO2,0.0
923,planning,2024,reg3,Geo_PP,CO2,0.0
924,planning,2025,reg3,Geo_PP,CO2,0.0
925,planning,2026,reg3,Geo_PP,CO2,0.0
926,planning,2027,reg3,Geo_PP,CO2,0.0
927,planning,2028,reg3,Geo_PP,CO2,0.0
928,planning,2029,reg3,Geo_PP,CO2,0.0
929,planning,2030,reg3,Geo_PP,CO2,0.0
930,planning,2031,reg3,Geo_PP,CO2,0.0
931,planning,2032,reg3,Geo_PP,CO2,0.0
932,planning,2033,reg3,Geo_PP,CO2,0.0
933,planning,2034,reg3,Geo_PP,CO2,0.0
934,planning,2035,reg3,Geo_PP,CO2,0.0
935,planning,2036,reg3,Geo_PP,CO2,0.0
936,planning,2037,reg3,Geo_PP,CO2,0.0
937,planning,2038,reg3,Geo_PP,CO2,0.0
938,planning,2039,reg3,Geo_PP,CO2,0.0
939,planning,2040,reg3,Geo_PP,CO2,0.0
940,planning,2019,reg3,Solar_PV_PP,CO2,0.0
941,planning,2020,reg3,Solar_PV_PP,CO2,0.0
942,planning,2021,reg3,Solar_PV_PP,CO2,0.0
943,planning,2022,reg3,Solar_PV_PP,CO2,0.0
944,planning,2023,reg3,Solar_PV_PP,CO2,0.0
945,planning,2024,reg3,Solar_PV_PP,CO2,0.0
946,planning,2025,reg3,Solar_PV_PP,CO2,0.0
947,planning,2026,reg3,Solar_PV_PP,CO2,0.0
948,planning,2027,reg3,Solar_PV_PP,CO2,0.0
949,planning,2028,reg3,Solar_PV_PP,CO2,0.0
950,planning,2029,reg3,Solar_PV_PP,CO2,0.0
951,planning,2030,reg3,Solar_PV_PP,CO2,0.0
952,planning,2031,reg3,Solar_PV_PP,CO2,0.0
953,planning,2032,reg3,Solar_PV_PP,CO2,0.0
954,planning,2033,reg3,Solar_PV_PP,CO2,0.0
955,planning,2034,reg3,Solar_PV_PP,CO2,0.0
956,planning,2035,reg3,Solar_PV_PP,CO2,0.0
957,planning,2036,reg3,Solar_PV_PP,CO2,0.0
958,planning,2037,reg3,Solar_PV_PP,CO2,0.0
959,planning,2038,reg3,Solar_PV_PP,CO2,0.0
960,planning,2039,reg3,Solar_PV_PP,CO2,0.0
961,planning,2040,reg3,Solar_PV_PP,CO2,0.0
962,planning,2019,reg3,Wind_PP,CO2,0.0
963,planning,2020,reg3,Wind_PP,CO2,0.0
964,planning,2021,reg3,Wind_PP,CO2,0.0
965,planning,2022,reg3,Wind_PP,CO2,0.0
966,planning,2023,reg3,Wind_PP,CO2,0.0
967,planning,2024,reg3,Wind_PP,CO2,0.0
968,planning,2025,reg3,Wind_PP,CO2,0.0
969,planning,2026,reg3,Wind_PP,CO2,0.0
970,planning,2027,reg3,Wind_PP,CO2,0.0
971,planning,2028,reg3,Wind_PP,CO2,0.0
972,planning,2029,reg3,Wind_PP,CO2,0.0
973,planning,2030,reg3,Wind_PP,CO2,0.0
974,planning,2031,reg3,Wind_PP,CO2,0.0
975,planning,2032,reg3,Wind_PP,CO2,0.0
976,planning,2033,reg3,Wind_PP,CO2,0.0
977,planning,2034,reg3,Wind_PP,CO2,0.0
978,planning,2035,reg3,Wind_PP,CO2,0.0
979,planning,2036,reg3,Wind_PP,CO2,0.0
980,planning,2037,reg3,Wind_PP,CO2,0.0
981,planning,2038,reg3,Wind_PP,CO2,0.0
982,planning,2039,reg3,Wind_PP,CO2,0.0
983,planning,2040,reg3,Wind_PP,CO2,0.0
984,planning,2019,reg3,S_ROR_Hydro_PP,CO2,0.0
985,planning,2020,reg3,S_ROR_Hydro_PP,CO2,0.0
986,planning,2021,reg3,S_ROR_Hydro_PP,CO2,0.0
987,planning,2022,reg3,S_ROR_Hydro_PP,CO2,0.0
988,planning,2023,reg3,S_ROR_Hydro_PP,CO2,0.0
989,planning,2024,reg3,S_ROR_Hydro_PP,CO2,0.0
990,planning,2025,reg3,S_ROR_Hydro_PP,CO2,0.0
991,planning,2026,reg3,S_ROR_Hydro_PP,CO2,0.0
992,planning,2027,reg3,S_ROR_Hydro_PP,CO2,0.0
993,planning,2028,reg3,S_ROR_Hydro_PP,CO2,0.0
994,planning,2029,reg3,S_ROR_Hydro_PP,CO2,0.0
995,planning,2030,reg3,S_ROR_Hydro_PP,CO2,0.0
996,planning,2031,reg3,S_ROR_Hydro_PP,CO2,0.0
997,planning,2032,reg3,S_ROR_Hydro_PP,CO2,0.0
998,planning,2033,reg3,S_ROR_Hydro_PP,CO2,0.0
999,planning,2034,reg3,S_ROR_Hydro_PP,CO2,0.0
1000,planning,2035,reg3,S_ROR_Hydro_PP,CO2,0.0
1001,planning,2036,reg3,S_ROR_Hydro_PP,CO2,0.0
1002,planning,2037,reg3,S_ROR_Hydro_PP,CO2,0.0
1003,planning,2038,reg3,S_ROR_Hydro_PP,CO2,0.0
1004,planning,2039,reg3,S_ROR_Hydro_PP,CO2,0.0
1005,planning,2040,reg3,S_ROR_Hydro_PP,CO2,0.0
1006,planning,2019,reg3,L_ROR_Hydro_PP,CO2,0.0
1007,planning,2020,reg3,L_ROR_Hydro_PP,CO2,0.0
1008,planning,2021,reg3,L_ROR_Hydro_PP,CO2,0.0
1009,planning,2022,reg3,L_ROR_Hydro_PP,CO2,0.0
1010,planning,2023,reg3,L_ROR_Hydro_PP,CO2,0.0
1011,planning,2024,reg3,L_ROR_Hydro_PP,CO2,0.0
1012,planning,2025,reg3,L_ROR_Hydro_PP,CO2,0.0
1013,planning,2026,reg3,L_ROR_Hydro_PP,CO2,0.0
1014,planning,2027,reg3,L_ROR_Hydro_PP,CO2,0.0
1015,planning,2028,reg3,L_ROR_Hydro_PP,CO2,0.0
1016,planning,2029,reg3,L_ROR_Hydro_PP,CO2,0.0
1017,planning,2030,reg3,L_ROR_Hydro_PP,CO2,0.0
1018,planning,2031,reg3,L_ROR_Hydro_PP,CO2,0.0
1019,planning,2032,reg3,L_ROR_Hydro_PP,CO2,0.0
1020,planning,2033,reg3,L_ROR_Hydro_PP,CO2,0.0
1021,planning,2034,reg3,L_ROR_Hydro_PP,CO2,0.0
1022,planning,2035,reg3,L_ROR_Hydro_PP,CO2,0.0
1023,planning,2036,reg3,L_ROR_Hydro_PP,CO2,0.0
1024,planning,2037,reg3,L_ROR_Hydro_PP,CO2,0.0
1025,planning,2038,reg3,L_ROR_Hydro_PP,CO2,0.0
1026,planning,2039,reg3,L_ROR_Hydro_PP,CO2,0.0
1027,planning,2040,reg3,L_ROR_Hydro_PP,CO2,0.0
1028,planning,2019,reg3,L_DAM_Hydro_PP,CO2,0.0
1029,planning,2020,reg3,L_DAM_Hydro_PP,CO2,0.0
1030,planning,2021,reg3,L_DAM_Hydro_PP,CO2,0.0
1031,planning,2022,reg3,L_DAM_Hydro_PP,CO2,0.0
1032,planning,2023,reg3,L_DAM_Hydro_PP,CO2,0.0
1033,planning,2024,reg3,L_DAM_Hydro_PP,CO2,0.0
1034,planning,2025,reg3,L_DAM_Hydro_PP,CO2,0.0
1035,planning,2026,reg3,L_DAM_Hydro_PP,CO2,0.0
1036,planning,2027,reg3,L_DAM_Hydro_PP,CO2,0.0
1037,planning,2028,reg3,L_DAM_Hydro_PP,CO2,0.0
1038,planning,2029,reg3,L_DAM_Hydro_PP,CO2,0.0
1039,planning,2030,reg3,L_DAM_Hydro_PP,CO2,0.0
1040,planning,2031,reg3,L_DAM_Hydro_PP,CO2,0.0
1041,planning,2032,reg3,L_DAM_Hydro_PP,CO2,0.0
1042,planning,2033,reg3,L_DAM_Hydro_PP,CO2,0.0
1043,planning,2034,reg3,L_DAM_Hydro_PP,CO2,0.0
1044,planning,2035,reg3,L_DAM_Hydro_PP,CO2,0.0
1045,planning,2036,reg3,L_DAM_Hydro_PP,CO2,0.0
1046,planning,2037,reg3,L_DAM_Hydro_PP,CO2,0.0
1047,planning,2038,reg3,L_DAM_Hydro_PP,CO2,0.0
1048,planning,2039,reg3,L_DAM_Hydro_PP,CO2,0.0
1049,planning,2040,reg3,L_DAM_Hydro_PP,CO2,0.0
1050,planning,2019,reg3,HFO_PP,CO2,0.0
1051,planning,2020,reg3,HFO_PP,CO2,0.0
1052,planning,2021,reg3,HFO_PP,CO2,0.0
1053,planning,2022,reg3,HFO_PP,CO2,0.0
1054,planning,2023,reg3,HFO_PP,CO2,0.0
1055,planning,2024,reg3,HFO_PP,CO2,0.0
1056,planning,2025,reg3,HFO_PP,CO2,0.0
1057,planning,2026,reg3,HFO_PP,CO2,0.0
1058,planning,2027,reg3,HFO_PP,CO2,0.0
1059,planning,2028,reg3,HFO_PP,CO2,0.0
1060,planning,2029,reg3,HFO_PP,CO2,0.0
1061,planning,2030,reg3,HFO_PP,CO2,0.0
1062,planning,2031,reg3,HFO_PP,CO2,0.0
1063,planning,2032,reg3,HFO_PP,CO2,0.0
1064,planning,2033,reg3,HFO_PP,CO2,0.0
1065,planning,2034,reg3,HFO_PP,CO2,0.0
1066,planning,2035,reg3,HFO_PP,CO2,0.0
1067,planning,2036,reg3,HFO_PP,CO2,0.0
1068,planning,2037,reg3,HFO_PP,CO2,0.0
1069,planning,2038,reg3,HFO_PP,CO2,0.0
1070,planning,2039,reg3,HFO_PP,CO2,0.0
1071,planning,2040,reg3,HFO_PP,CO2,0.0
1072,planning,2019,reg3,HFO_CC_PP,CO2,0.0
1073,planning,2020,reg3,HFO_CC_PP,CO2,0.0
1074,planning,2021,reg3,HFO_CC_PP,CO2,0.0
1075,planning,2022,reg3,HFO_CC_PP,CO2,0.0
1076,planning,2023,reg3,HFO_CC_PP,CO2,0.0
1077,planning,2024,reg3,HFO_CC_PP,CO2,0.0
1078,planning,2025,reg3,HFO_CC_PP,CO2,0.0
1079,planning,2026,reg3,HFO_CC_PP,CO2,0.0
1080,planning,2027,reg3,HFO_CC_PP,CO2,0.0
1081,planning,2028,reg3,HFO_CC_PP,CO2,0.0
1082,planning,2029,reg3,HFO_CC_PP,CO2,0.0
1083,planning,2030,reg3,HFO_CC_PP,CO2,0.0
1084,planning,2031,reg3,HFO_CC_PP,CO2,0.0
1085,planning,2032,reg3,HFO_CC_PP,CO2,0.0
1086,planning,2033,reg3,HFO_CC_PP,CO2,0.0
1087,planning,2034,reg3,HFO_CC_PP,CO2,0.0
1088,planning,2035,reg3,HFO_CC_PP,CO2,0.0
1089,planning,2036,reg3,HFO_CC_PP,CO2,0.0
1090,planning,2037,reg3,HFO_CC_PP,CO2,0.0
1091,planning,2038,reg3,HFO_CC_PP,CO2,0.0
1092,planning,2039,reg3,HFO_CC_PP,CO2,0.0
1093,planning,2040,reg3,HFO_CC_PP,CO2,0.0
1094,planning,2019,reg3,KGT_PP,CO2,68628.01436475285
1095,planning,2020,reg3,KGT_PP,CO2,0.0
1096,planning,2021,reg3,KGT_PP,CO2,0.0
1097,planning,2022,reg3,KGT_PP,CO2,0.0
1098,planning,2023,reg3,KGT_PP,CO2,0.0
1099,planning,2024,reg3,KGT_PP,CO2,0.0
1100,planning,2025,reg3,KGT_PP,CO2,0.0
1101,planning,2026,reg3,KGT_PP,CO2,0.0
1102,planning,2027,reg3,KGT_PP,CO2,0.0
1103,planning,2028,reg3,KGT_PP,CO2,0.0
1104,planning,2029,reg3,KGT_PP,CO2,0.0
1105,planning,2030,reg3,KGT_PP,CO2,0.0
1106,planning,2031,reg3,KGT_PP,CO2,0.0
1107,planning,2032,reg3,KGT_PP,CO2,0.0
1108,planning,2033,reg3,KGT_PP,CO2,0.0
1109,planning,2034,reg3,KGT_PP,CO2,0.0
1110,planning,2035,reg3,KGT_PP,CO2,0.0
1111,planning,2036,reg3,KGT_PP,CO2,0.0
1112,planning,2037,reg3,KGT_PP,CO2,0.0
1113,planning,2038,reg3,KGT_PP,CO2,0.0
1114,planning,2039,reg3,KGT_PP,CO2,0.0
1115,planning,2040,reg3,KGT_PP,CO2,0.0
1116,planning,2019,reg3,BW_PP,CO2,0.0
1117,planning,2020,reg3,BW_PP,CO2,0.0
1118,planning,2021,reg3,BW_PP,CO2,0.0
1119,planning,2022,reg3,BW_PP,CO2,0.0
1120,planning,2023,reg3,BW_PP,CO2,0.0
1121,planning,2024,reg3,BW_PP,CO2,0.0
1122,planning,2025,reg3,BW_PP,CO2,0.0
1123,planning,2026,reg3,BW_PP,CO2,0.0
1124,planning,2027,reg3,BW_PP,CO2,0.0
1125,planning,2028,reg3,BW_PP,CO2,0.0
1126,planning,2029,reg3,BW_PP,CO2,0.0
1127,planning,2030,reg3,BW_PP,CO2,0.0
1128,planning,2031,reg3,BW_PP,CO2,0.0
1129,planning,2032,reg3,BW_PP,CO2,0.0
1130,planning,2033,reg3,BW_PP,CO2,0.0
1131,planning,2034,reg3,BW_PP,CO2,0.0
1132,planning,2035,reg3,BW_PP,CO2,0.0
1133,planning,2036,reg3,BW_PP,CO2,0.0
1134,planning,2037,reg3,BW_PP,CO2,0.0
1135,planning,2038,reg3,BW_PP,CO2,0.0
1136,planning,2039,reg3,BW_PP,CO2,0.0
1137,planning,2040,reg3,BW_PP,CO2,0.0
1138,planning,2019,reg3,Diesel_engine_pp,CO2,0.0
1139,planning,2020,reg3,Diesel_engine_pp,CO2,0.0
1140,planning,2021,reg3,Diesel_engine_pp,CO2,0.0
1141,planning,2022,reg3,Diesel_engine_pp,CO2,0.0
1142,planning,2023,reg3,Diesel_engine_pp,CO2,0.0
1143,planning,2024,reg3,Diesel_engine_pp,CO2,0.0
1144,planning,2025,reg3,Diesel_engine_pp,CO2,0.0
1145,planning,2026,reg3,Diesel_engine_pp,CO2,0.0
1146,planning,2027,reg3,Diesel_engine_pp,CO2,0.0
1147,planning,2028,reg3,Diesel_engine_pp,CO2,0.0
1148,planning,2029,reg3,Diesel_engine_pp,CO2,0.0
1149,planning,2030,reg3,Diesel_engine_pp,CO2,0.0
1150,planning,2031,reg3,Diesel_engine_pp,CO2,0.0
1151,planning,2032,reg3,Diesel_engine_pp,CO2,0.0
1152,planning,2033,reg3,Diesel_engine_pp,CO2,0.0
1153,planning,2034,reg3,Diesel_engine_pp,CO2,0.0
1154,planning,2035,reg3,Diesel_engine_pp,CO2,0.0
1155,planning,2036,reg3,Diesel_engine_pp,CO2,0.0
1156,planning,2037,reg3,Diesel_engine_pp,CO2,0.0
1157,planning,2038,reg3,Diesel_engine_pp,CO2,0.0
1158,planning,2039,reg3,Diesel_engine_pp,CO2,0.0
1159,planning,2040,reg3,Diesel_engine_pp,CO2,0.0
1160,planning,2019,reg3,LNG_GT_CC_pp,CO2,0.0
1161,planning,2020,reg3,LNG_GT_CC_pp,CO2,0.0
1162,planning,2021,reg3,LNG_GT_CC_pp,CO2,0.0
1163,planning,2022,reg3,LNG_GT_CC_pp,CO2,0.0
1164,planning,2023,reg3,LNG_GT_CC_pp,CO2,0.0
1165,planning,2024,reg3,LNG_GT_CC_pp,CO2,0.0
1166,planning,2025,reg3,LNG_GT_CC_pp,CO2,0.0
1167,planning,2026,reg3,LNG_GT_CC_pp,CO2,0.0
1168,planning,2027,reg3,LNG_GT_CC_pp,CO2,0.0
1169,planning,2028,reg3,LNG_GT_CC_pp,CO2,0.0
1170,planning,2029,reg3,LNG_GT_CC_pp,CO2,11249.234857783864
1171,planning,2030,reg3,LNG_GT_CC_pp,CO2,20705.22706449712
1172,planning,2031,reg3,LNG_GT_CC_pp,CO2,20705.22706449712
1173,planning,2032,reg3,LNG_GT_CC_pp,CO2,29903.54809503312
1174,planning,2033,reg3,LNG_GT_CC_pp,CO2,85272.58851266441
1175,planning,2034,reg3,LNG_GT_CC_pp,CO2,85272.58851266438
1176,planning,2035,reg3,LNG_GT_CC_pp,CO2,85272.58851266438
1177,planning,2036,reg3,LNG_GT_CC_pp,CO2,85272.58851266438
1178,planning,2037,reg3,LNG_GT_CC_pp,CO2,130155.52682717102
1179,planning,2038,reg3,LNG_GT_CC_pp,CO2,201991.60120285247
1180,planning,2039,reg3,LNG_GT_CC_pp,CO2,201991.60120285247
1181,planning,2040,reg3,LNG_GT_CC_pp,CO2,484647.6474594679
1182,planning,2019,reg4,Kerosene_supply,CO2,0.0
1183,planning,2020,reg4,Kerosene_supply,CO2,0.0
1184,planning,2021,reg4,Kerosene_supply,CO2,0.0
1185,planning,2022,reg4,Kerosene_supply,CO2,0.0
1186,planning,2023,reg4,Kerosene_supply,CO2,0.0
1187,planning,2024,reg4,Kerosene_supply,CO2,0.0
1188,planning,2025,reg4,Kerosene_supply,CO2,0.0
1189,planning,2026,reg4,Kerosene_supply,CO2,0.0
1190,planning,2027,reg4,Kerosene_supply,CO2,0.0
1191,planning,2028,reg4,Kerosene_supply,CO2,0.0
1192,planning,2029,reg4,Kerosene_supply,CO2,0.0
1193,planning,2030,reg4,Kerosene_supply,CO2,0.0
1194,planning,2031,reg4,Kerosene_supply,CO2,0.0
1195,planning,2032,reg4,Kerosene_supply,CO2,0.0
1196,planning,2033,reg4,Kerosene_supply,CO2,0.0
1197,planning,2034,reg4,Kerosene_supply,CO2,0.0
1198,planning,2035,reg4,Kerosene_supply,CO2,0.0
1199,planning,2036,reg4,Kerosene_supply,CO2,0.0
1200,planning,2037,reg4,Kerosene_supply,CO2,0.0
1201,planning,2038,reg4,Kerosene_supply,CO2,0.0
1202,planning,2039,reg4,Kerosene_supply,CO2,0.0
1203,planning,2040,reg4,Kerosene_supply,CO2,0.0
1204,planning,2019,reg4,Oil_supply,CO2,0.0
1205,planning,2020,reg4,Oil_supply,CO2,0.0
1206,planning,2021,reg4,Oil_supply,CO2,0.0
1207,planning,2022,reg4,Oil_supply,CO2,0.0
1208,planning,2023,reg4,Oil_supply,CO2,0.0
1209,planning,2024,reg4,Oil_supply,CO2,0.0
1210,planning,2025,reg4,Oil_supply,CO2,0.0
1211,planning,2026,reg4,Oil_supply,CO2,0.0
1212,planning,2027,reg4,Oil_supply,CO2,0.0
1213,planning,2028,reg4,Oil_supply,CO2,0.0
1214,planning,2029,reg4,Oil_supply,CO2,0.0
1215,planning,2030,reg4,Oil_supply,CO2,0.0
1216,planning,2031,reg4,Oil_supply,CO2,0.0
1217,planning,2032,reg4,Oil_supply,CO2,0.0
1218,planning,2033,reg4,Oil_supply,CO2,0.0
1219,planning,2034,reg4,Oil_supply,CO2,0.0
1220,planning,2035,reg4,Oil_supply,CO2,0.0
1221,planning,2036,reg4,Oil_supply,CO2,0.0
1222,planning,2037,reg4,Oil_supply,CO2,0.0
1223,planning,2038,reg4,Oil_supply,CO2,0.0
1224,planning,2039,reg4,Oil_supply,CO2,0.0
1225,planning,2040,reg4,Oil_supply,CO2,0.0
1226,planning,2019,reg4,BW_supply,CO2,0.0
1227,planning,2020,reg4,BW_supply,CO2,0.0
1228,planning,2021,reg4,BW_supply,CO2,0.0
1229,planning,2022,reg4,BW_supply,CO2,0.0
1230,planning,2023,reg4,BW_supply,CO2,0.0
1231,planning,2024,reg4,BW_supply,CO2,0.0
1232,planning,2025,reg4,BW_supply,CO2,0.0
1233,planning,2026,reg4,BW_supply,CO2,0.0
1234,planning,2027,reg4,BW_supply,CO2,0.0
1235,planning,2028,reg4,BW_supply,CO2,0.0
1236,planning,2029,reg4,BW_supply,CO2,0.0
1237,planning,2030,reg4,BW_supply,CO2,0.0
1238,planning,2031,reg4,BW_supply,CO2,0.0
1239,planning,2032,reg4,BW_supply,CO2,0.0
1240,planning,2033,reg4,BW_supply,CO2,0.0
1241,planning,2034,reg4,BW_supply,CO2,0.0
1242,planning,2035,reg4,BW_supply,CO2,0.0
1243,planning,2036,reg4,BW_supply,CO2,0.0
1244,planning,2037,reg4,BW_supply,CO2,0.0
1245,planning,2038,reg4,BW_supply,CO2,0.0
1246,planning,2039,reg4,BW_supply,CO2,0.0
1247,planning,2040,reg4,BW_supply,CO2,0.0
1248,planning,2019,reg4,Diesel_supply,CO2,0.0
1249,planning,2020,reg4,Diesel_supply,CO2,0.0
1250,planning,2021,reg4,Diesel_supply,CO2,0.0
1251,planning,2022,reg4,Diesel_supply,CO2,0.0
1252,planning,2023,reg4,Diesel_supply,CO2,0.0
1253,planning,2024,reg4,Diesel_supply,CO2,0.0
1254,planning,2025,reg4,Diesel_supply,CO2,0.0
1255,planning,2026,reg4,Diesel_supply,CO2,0.0
1256,planning,2027,reg4,Diesel_supply,CO2,0.0
1257,planning,2028,reg4,Diesel_supply,CO2,0.0
1258,planning,2029,reg4,Diesel_supply,CO2,0.0
1259,planning,2030,reg4,Diesel_supply,CO2,0.0
1260,planning,2031,reg4,Diesel_supply,CO2,0.0
1261,planning,2032,reg4,Diesel_supply,CO2,0.0
1262,planning,2033,reg4,Diesel_supply,CO2,0.0
1263,planning,2034,reg4,Diesel_supply,CO2,0.0
1264,planning,2035,reg4,Diesel_supply,CO2,0.0
1265,planning,2036,reg4,Diesel_supply,CO2,0.0
1266,planning,2037,reg4,Diesel_supply,CO2,0.0
1267,planning,2038,reg4,Diesel_supply,CO2,0.0
1268,planning,2039,reg4,Diesel_supply,CO2,0.0
1269,planning,2040,reg4,Diesel_supply,CO2,0.0
1270,planning,2019,reg4,NG_supply,CO2,0.0
1271,planning,2020,reg4,NG_supply,CO2,0.0
1272,planning,2021,reg4,NG_supply,CO2,0.0
1273,planning,2022,reg4,NG_supply,CO2,0.0
1274,planning,2023,reg4,NG_supply,CO2,0.0
1275,planning,2024,reg4,NG_supply,CO2,0.0
1276,planning,2025,reg4,NG_supply,CO2,0.0
1277,planning,2026,reg4,NG_supply,CO2,0.0
1278,planning,2027,reg4,NG_supply,CO2,0.0
1279,planning,2028,reg4,NG_supply,CO2,0.0
1280,planning,2029,reg4,NG_supply,CO2,0.0
1281,planning,2030,reg4,NG_supply,CO2,0.0
1282,planning,2031,reg4,NG_supply,CO2,0.0
1283,planning,2032,reg4,NG_supply,CO2,0.0
1284,planning,2033,reg4,NG_supply,CO2,0.0
1285,planning,2034,reg4,NG_supply,CO2,0.0
1286,planning,2035,reg4,NG_supply,CO2,0.0
1287,planning,2036,reg4,NG_supply,CO2,0.0
1288,planning,2037,reg4,NG_supply,CO2,0.0
1289,planning,2038,reg4,NG_supply,CO2,0.0
1290,planning,2039,reg4,NG_supply,CO2,0.0
1291,planning,2040,reg4,NG_supply,CO2,0.0
1292,planning,2019,reg4,Geo_PP,CO2,0.0
1293,planning,2020,reg4,Geo_PP,CO2,0.0
1294,planning,2021,reg4,Geo_PP,CO2,0.0
1295,planning,2022,reg4,Geo_PP,CO2,0.0
1296,planning,2023,reg4,Geo_PP,CO2,0.0
1297,planning,2024,reg4,Geo_PP,CO2,0.0
1298,planning,2025,reg4,Geo_PP,CO2,0.0
1299,planning,2026,reg4,Geo_PP,CO2,0.0
1300,planning,2027,reg4,Geo_PP,CO2,0.0
1301,planning,2028,reg4,Geo_PP,CO2,0.0
1302,planning,2029,reg4,Geo_PP,CO2,0.0
1303,planning,2030,reg4,Geo_PP,CO2,0.0
1304,planning,2031,reg4,Geo_PP,CO2,0.0
1305,planning,2032,reg4,Geo_PP,CO2,0.0
1306,planning,2033,reg4,Geo_PP,CO2,0.0
1307,planning,2034,reg4,Geo_PP,CO2,0.0
1308,planning,2035,reg4,Geo_PP,CO2,0.0
1309,planning,2036,reg4,Geo_PP,CO2,0.0
1310,planning,2037,reg4,Geo_PP,CO2,0.0
1311,planning,2038,reg4,Geo_PP,CO2,0.0
1312,planning,2039,reg4,Geo_PP,CO2,0.0
1313,planning,2040,reg4,Geo_PP,CO2,0.0
1314,planning,2019,reg4,Solar_PV_PP,CO2,0.0
1315,planning,2020,reg4,Solar_PV_PP,CO2,0.0
1316,planning,2021,reg4,Solar_PV_PP,CO2,0.0
1317,planning,2022,reg4,Solar_PV_PP,CO2,0.0
1318,planning,2023,reg4,Solar_PV_PP,CO2,0.0
1319,planning,2024,reg4,Solar_PV_PP,CO2,0.0
1320,planning,2025,reg4,Solar_PV_PP,CO2,0.0
1321,planning,2026,reg4,Solar_PV_PP,CO2,0.0
1322,planning,2027,reg4,Solar_PV_PP,CO2,0.0
1323,planning,2028,reg4,Solar_PV_PP,CO2,0.0
1324,planning,2029,reg4,Solar_PV_PP,CO2,0.0
1325,planning,2030,reg4,Solar_PV_PP,CO2,0.0
1326,planning,2031,reg4,Solar_PV_PP,CO2,0.0
1327,planning,2032,reg4,Solar_PV_PP,CO2,0.0
1328,planning,2033,reg4,Solar_PV_PP,CO2,0.0
1329,planning,2034,reg4,Solar_PV_PP,CO2,0.0
1330,planning,2035,reg4,Solar_PV_PP,CO2,0.0
1331,planning,2036,reg4,Solar_PV_PP,CO2,0.0
1332,planning,2037,reg4,Solar_PV_PP,CO2,0.0
1333,planning,2038,reg4,Solar_PV_PP,CO2,0.0
1334,planning,2039,reg4,Solar_PV_PP,CO2,0.0
1335,planning,2040,reg4,Solar_PV_PP,CO2,0.0
1336,planning,2019,reg4,Wind_PP,CO2,0.0
1337,planning,2020,reg4,Wind_PP,CO2,0.0
1338,planning,2021,reg4,Wind_PP,CO2,0.0
1339,planning,2022,reg4,Wind_PP,CO2,0.0
1340,planning,2023,reg4,Wind_PP,CO2,0.0
1341,planning,2024,reg4,Wind_PP,CO2,0.0
1342,planning,2025,reg4,Wind_PP,CO2,0.0
1343,planning,2026,reg4,Wind_PP,CO2,0.0
1344,planning,2027,reg4,Wind_PP,CO2,0.0
1345,planning,2028,reg4,Wind_PP,CO2,0.0
1346,planning,2029,reg4,Wind_PP,CO2,0.0
1347,planning,2030,reg4,Wind_PP,CO2,0.0
1348,planning,2031,reg4,Wind_PP,CO2,0.0
1349,planning,2032,reg4,Wind_PP,CO2,0.0
1350,planning,2033,reg4,Wind_PP,CO2,0.0
1351,planning,2034,reg4,Wind_PP,CO2,0.0
1352,planning,2035,reg4,Wind_PP,CO2,0.0
1353,planning,2036,reg4,Wind_PP,CO2,0.0
1354,planning,2037,reg4,Wind_PP,CO2,0.0
1355,planning,2038,reg4,Wind_PP,CO2,0.0
1356,planning,2039,reg4,Wind_PP,CO2,0.0
1357,planning,2040,reg4,Wind_PP,CO2,0.0
1358,planning,2019,reg4,S_ROR_Hydro_PP,CO2,0.0
1359,planning,2020,reg4,S_ROR_Hydro_PP,CO2,0.0
1360,planning,2021,reg4,S_ROR_Hydro_PP,CO2,0.0
1361,planning,2022,reg4,S_ROR_Hydro_PP,CO2,0.0
1362,planning,2023,reg4,S_ROR_Hydro_PP,CO2,0.0
1363,planning,2024,reg4,S_ROR_Hydro_PP,CO2,0.0
1364,planning,2025,reg4,S_ROR_Hydro_PP,CO2,0.0
1365,planning,2026,reg4,S_ROR_Hydro_PP,CO2,0.0
1366,planning,2027,reg4,S_ROR_Hydro_PP,CO2,0.0
1367,planning,2028,reg4,S_ROR_Hydro_PP,CO2,0.0
1368,planning,2029,reg4,S_ROR_Hydro_PP,CO2,0.0
1369,planning,2030,reg4,S_ROR_Hydro_PP,CO2,0.0
1370,planning,2031,reg4,S_ROR_Hydro_PP,CO2,0.0
1371,planning,2032,reg4,S_ROR_Hydro_PP,CO2,0.0
1372,planning,2033,reg4,S_ROR_Hydro_PP,CO2,0.0
1373,planning,2034,reg4,S_ROR_Hydro_PP,CO2,0.0
1374,planning,2035,reg4,S_ROR_Hydro_PP,CO2,0.0
1375,planning,2036,reg4,S_ROR_Hydro_PP,CO2,0.0
1376,planning,2037,reg4,S_ROR_Hydro_PP,CO2,0.0
1377,planning,2038,reg4,S_ROR_Hydro_PP,CO2,0.0
1378,planning,2039,reg4,S_ROR_Hydro_PP,CO2,0.0
1379,planning,2040,reg4,S_ROR_Hydro_PP,CO2,0.0
1380,planning,2019,reg4,L_ROR_Hydro_PP,CO2,0.0
1381,planning,2020,reg4,L_ROR_Hydro_PP,CO2,0.0
1382,planning,2021,reg4,L_ROR_Hydro_PP,CO2,0.0
1383,planning,2022,reg4,L_ROR_Hydro_PP,CO2,0.0
1384,planning,2023,reg4,L_ROR_Hydro_PP,CO2,0.0
1385,planning,2024,reg4,L_ROR_Hydro_PP,CO2,0.0
1386,planning,2025,reg4,L_ROR_Hydro_PP,CO2,0.0
1387,planning,2026,reg4,L_ROR_Hydro_PP,CO2,0.0
1388,planning,2027,reg4,L_ROR_Hydro_PP,CO2,0.0
1389,planning,2028,reg4,L_ROR_Hydro_PP,CO2,0.0
1390,planning,2029,reg4,L_ROR_Hydro_PP,CO2,0.0
1391,planning,2030,reg4,L_ROR_Hydro_PP,CO2,0.0
1392,planning,2031,reg4,L_ROR_Hydro_PP,CO2,0.0
1393,planning,2032,reg4,L_ROR_Hydro_PP,CO2,0.0
1394,planning,2033,reg4,L_ROR_Hydro_PP,CO2,0.0
1395,planning,2034,reg4,L_ROR_Hydro_PP,CO2,0.0
1396,planning,2035,reg4,L_ROR_Hydro_PP,CO2,0.0
1397,planning,2036,reg4,L_ROR_Hydro_PP,CO2,0.0
1398,planning,2037,reg4,L_ROR_Hydro_PP,CO2,0.0
1399,planning,2038,reg4,L_ROR_Hydro_PP,CO2,0.0
1400,planning,2039,reg4,L_ROR_Hydro_PP,CO2,0.0
1401,planning,2040,reg4,L_ROR_Hydro_PP,CO2,0.0
1402,planning,2019,reg4,L_DAM_Hydro_PP,CO2,0.0
1403,planning,2020,reg4,L_DAM_Hydro_PP,CO2,0.0
1404,planning,2021,reg4,L_DAM_Hydro_PP,CO2,0.0
1405,planning,2022,reg4,L_DAM_Hydro_PP,CO2,0.0
1406,planning,2023,reg4,L_DAM_Hydro_PP,CO2,0.0
1407,planning,2024,reg4,L_DAM_Hydro_PP,CO2,0.0
1408,planning,2025,reg4,L_DAM_Hydro_PP,CO2,0.0
1409,planning,2026,reg4,L_DAM_Hydro_PP,CO2,0.0
1410,planning,2027,reg4,L_DAM_Hydro_PP,CO2,0.0
1411,planning,2028,reg4,L_DAM_Hydro_PP,CO2,0.0
1412,planning,2029,reg4,L_DAM_Hydro_PP,CO2,0.0
1413,planning,2030,reg4,L_DAM_Hydro_PP,CO2,0.0
1414,planning,2031,reg4,L_DAM_Hydro_PP,CO2,0.0
1415,planning,2032,reg4,L_DAM_Hydro_PP,CO2,0.0
1416,planning,2033,reg4,L_DAM_Hydro_PP,CO2,0.0
1417,planning,2034,reg4,L_DAM_Hydro_PP,CO2,0.0
1418,planning,2035,reg4,L_DAM_Hydro_PP,CO2,0.0
1419,planning,2036,reg4,L_DAM_Hydro_PP,CO2,0.0
1420,planning,2037,reg4,L_DAM_Hydro_PP,CO2,0.0
1421,planning,2038,reg4,L_DAM_Hydro_PP,CO2,0.0
1422,planning,2039,reg4,L_DAM_Hydro_PP,CO2,0.0
1423,planning,2040,reg4,L_DAM_Hydro_PP,CO2,0.0
1424,planning,2019,reg4,HFO_PP,CO2,0.0
1425,planning,2020,reg4,HFO_PP,CO2,0.0
1426,planning,2021,reg4,HFO_PP,CO2,0.0
1427,planning,2022,reg4,HFO_PP,CO2,0.0
1428,planning,2023,reg4,HFO_PP,CO2,0.0
1429,planning,2024,reg4,HFO_PP,CO2,0.0
1430,planning,2025,reg4,HFO_PP,CO2,0.0
1431,planning,2026,reg4,HFO_PP,CO2,0.0
1432,planning,2027,reg4,HFO_PP,CO2,0.0
1433,planning,2028,reg4,HFO_PP,CO2,0.0
1434,planning,2029,reg4,HFO_PP,CO2,0.0
1435,planning,2030,reg4,HFO_PP,CO2,0.0
1436,planning,2031,reg4,HFO_PP,CO2,0.0
1437,planning,2032,reg4,HFO_PP,CO2,0.0
1438,planning,2033,reg4,HFO_PP,CO2,0.0
1439,planning,2034,reg4,HFO_PP,CO2,0.0
1440,planning,2035,reg4,HFO_PP,CO2,0.0
1441,planning,2036,reg4,HFO_PP,CO2,0.0
1442,planning,2037,reg4,HFO_PP,CO2,0.0
1443,planning,2038,reg4,HFO_PP,CO2,0.0
1444,planning,2039,reg4,HFO_PP,CO2,0.0
1445,planning,2040,reg4,HFO_PP,CO2,0.0
1446,planning,2019,reg4,HFO_CC_PP,CO2,0.0
1447,planning,2020,reg4,HFO_CC_PP,CO2,0.0
1448,planning,2021,reg4,HFO_CC_PP,CO2,0.0
1449,planning,2022,reg4,HFO_CC_PP,CO2,0.0
1450,planning,2023,reg4,HFO_CC_PP,CO2,0.0
1451,planning,2024,reg4,HFO_CC_PP,CO2,0.0
1452,planning,2025,reg4,HFO_CC_PP,CO2,0.0
1453,planning,2026,reg4,HFO_CC_PP,CO2,0.0
1454,planning,2027,reg4,HFO_CC_PP,CO2,0.0
1455,planning,2028,reg4,HFO_CC_PP,CO2,0.0
1456,planning,2029,reg4,HFO_CC_PP,CO2,0.0
1457,planning,2030,reg4,HFO_CC_PP,CO2,0.0
1458,planning,2031,reg4,HFO_CC_PP,CO2,0.0
1459,planning,2032,reg4,HFO_CC_PP,CO2,0.0
1460,planning,2033,reg4,HFO_CC_PP,CO2,0.0
1461,planning,2034,reg4,HFO_CC_PP,CO2,0.0
1462,planning,2035,reg4,HFO_CC_PP,CO2,0.0
1463,planning,2036,reg4,HFO_CC_PP,CO2,0.0
1464,planning,2037,reg4,HFO_CC_PP,CO2,0.0
1465,planning,2038,reg4,HFO_CC_PP,CO2,0.0
1466,planning,2039,reg4,HFO_CC_PP,CO2,0.0
1467,planning,2040,reg4,HFO_CC_PP,CO2,0.0
1468,planning,2019,reg4,KGT_PP,CO2,0.0
1469,planning,2020,reg4,KGT_PP,CO2,0.0
1470,planning,2021,reg4,KGT_PP,CO2,0.0
1471,planning,2022,reg4,KGT_PP,CO2,0.0
1472,planning,2023,reg4,KGT_PP,CO2,0.0
1473,planning,2024,reg4,KGT_PP,CO2,0.0
1474,planning,2025,reg4,KGT_PP,CO2,0.0
1475,planning,2026,reg4,KGT_PP,CO2,0.0
1476,planning,2027,reg4,KGT_PP,CO2,0.0
1477,planning,2028,reg4,KGT_PP,CO2,0.0
1478,planning,2029,reg4,KGT_PP,CO2,0.0
1479,planning,2030,reg4,KGT_PP,CO2,0.0
1480,planning,2031,reg4,KGT_PP,CO2,0.0
1481,planning,2032,reg4,KGT_PP,CO2,0.0
1482,planning,2033,reg4,KGT_PP,CO2,0.0
1483,planning,2034,reg4,KGT_PP,CO2,0.0
1484,planning,2035,reg4,KGT_PP,CO2,0.0
1485,planning,2036,reg4,KGT_PP,CO2,0.0
1486,planning,2037,reg4,KGT_PP,CO2,0.0
1487,planning,2038,reg4,KGT_PP,CO2,0.0
1488,planning,2039,reg4,KGT_PP,CO2,0.0
1489,planning,2040,reg4,KGT_PP,CO2,0.0
1490,planning,2019,reg4,BW_PP,CO2,0.0
1491,planning,2020,reg4,BW_PP,CO2,0.0
1492,planning,2021,reg4,BW_PP,CO2,0.0
1493,planning,2022,reg4,BW_PP,CO2,0.0
1494,planning,2023,reg4,BW_PP,CO2,0.0
1495,planning,2024,reg4,BW_PP,CO2,0.0
1496,planning,2025,reg4,BW_PP,CO2,0.0
1497,planning,2026,reg4,BW_PP,CO2,0.0
1498,planning,2027,reg4,BW_PP,CO2,0.0
1499,planning,2028,reg4,BW_PP,CO2,0.0
1500,planning,2029,reg4,BW_PP,CO2,0.0
1501,planning,2030,reg4,BW_PP,CO2,0.0
1502,planning,2031,reg4,BW_PP,CO2,0.0
1503,planning,2032,reg4,BW_PP,CO2,0.0
1504,planning,2033,reg4,BW_PP,CO2,0.0
1505,planning,2034,reg4,BW_PP,CO2,0.0
1506,planning,2035,reg4,BW_PP,CO2,0.0
1507,planning,2036,reg4,BW_PP,CO2,0.0
1508,planning,2037,reg4,BW_PP,CO2,0.0
1509,planning,2038,reg4,BW_PP,CO2,0.0
1510,planning,2039,reg4,BW_PP,CO2,0.0
1511,planning,2040,reg4,BW_PP,CO2,0.0
1512,planning,2019,reg4,Diesel_engine_pp,CO2,0.0
1513,planning,2020,reg4,Diesel_engine_pp,CO2,0.0
1514,planning,2021,reg4,Diesel_engine_pp,CO2,0.0
1515,planning,2022,reg4,Diesel_engine_pp,CO2,0.0
1516,planning,2023,reg4,Diesel_engine_pp,CO2,0.0
1517,planning,2024,reg4,Diesel_engine_pp,CO2,0.0
1518,planning,2025,reg4,Diesel_engine_pp,CO2,0.0
1519,planning,2026,reg4,Diesel_engine_pp,CO2,0.0
1520,planning,2027,reg4,Diesel_engine_pp,CO2,0.0
1521,planning,2028,reg4,Diesel_engine_pp,CO2,0.0
1522,planning,2029,reg4,Diesel_engine_pp,CO2,0.0
1523,planning,2030,reg4,Diesel_engine_pp,CO2,0.0
1524,planning,2031,reg4,Diesel_engine_pp,CO2,0.0
1525,planning,2032,reg4,Diesel_engine_pp,CO2,0.0
1526,planning,2033,reg4,Diesel_engine_pp,CO2,0.0
1527,planning,2034,reg4,Diesel_engine_pp,CO2,0.0
1528,planning,2035,reg4,Diesel_engine_pp,CO2,0.0
1529,planning,2036,reg4,Diesel_engine_pp,CO2,0.0
1530,planning,2037,reg4,Diesel_engine_pp,CO2,0.0
1531,planning,2038,reg4,Diesel_engine_pp,CO2,0.0
1532,planning,2039,reg4,Diesel_engine_pp,CO2,0.0
1533,planning,2040,reg4,Diesel_engine_pp,CO2,0.0
1534,planning,2019,reg4,LNG_GT_CC_pp,CO2,0.0
1535,planning,2020,reg4,LNG_GT_CC_pp,CO2,0.0
1536,planning,2021,reg4,LNG_GT_CC_pp,CO2,0.0
1537,planning,2022,reg4,LNG_GT_CC_pp,CO2,0.0
1538,planning,2023,reg4,LNG_GT_CC_pp,CO2,0.0
1539,planning,2024,reg4,LNG_GT_CC_pp,CO2,0.0
1540,planning,2025,reg4,LNG_GT_CC_pp,CO2,0.0
1541,planning,2026,reg4,LNG_GT_CC_pp,CO2,0.0
1542,planning,2027,reg4,LNG_GT_CC_pp,CO2,0.0
1543,planning,2028,reg4,LNG_GT_CC_pp,CO2,0.0
1544,planning,2029,reg4,LNG_GT_CC_pp,CO2,0.0
1545,planning,2030,reg4,LNG_GT_CC_pp,CO2,0.0
1546,planning,2031,reg4,LNG_GT_CC_pp,CO2,0.0
1547,planning,2032,reg4,LNG_GT_CC_pp,CO2,0.0
1548,planning,2033,reg4,LNG_GT_CC_pp,CO2,0.0
1549,planning,2034,reg4,LNG_GT_CC_pp,CO2,0.0
1550,planning,2035,reg4,LNG_GT_CC_pp,CO2,0.0
1551,planning,2036,reg4,LNG_GT_CC_pp,CO2,0.0
1552,planning,2037,reg4,LNG_GT_CC_pp,CO2,0.0
1553,planning,2038,reg4,LNG_GT_CC_pp,CO2,0.0
1554,planning,2039,reg4,LNG_GT_CC_pp,CO2,0.0
1555,planning,2040,reg4,LNG_GT_CC_pp,CO2,0.0
