,Scenario,Datetime,Region,Technology,Tech category,Value
0,operation,2019,reg1,Kerosene_supply,Supply,10000000000.0
1,operation,2019,reg1,Oil_supply,Supply,10000000000.0
2,operation,2019,reg1,BW_supply,Supply,10000000000.0
3,operation,2019,reg1,Diesel_supply,Supply,10000000000.0
4,operation,2019,reg1,Geo_PP,Supply,622900.0
5,operation,2019,reg1,Solar_PV_PP,Supply,0.0
6,operation,2019,reg1,Wind_PP,Supply,127500.0
7,operation,2019,reg1,S_ROR_Hydro_PP,Supply,0.0
8,operation,2019,reg1,L_ROR_Hydro_PP,Supply,0.0
9,operation,2019,reg1,L_DAM_Hydro_PP,Supply,0.0
10,operation,2019,reg1,HFO_PP,Conversion,189320.0
11,operation,2019,reg1,HFO_CC_PP,Conversion,87000.0
12,operation,2019,reg1,KGT_PP,Conversion,0.0
13,operation,2019,reg1,BW_PP,Conversion,0.0
14,operation,2019,reg1,Diesel_engine_pp,Conversion,100000.0
15,operation,2019,reg1,Elec_transmission_distribution,Transmission,3987527.0
16,operation,2019,reg2,Kerosene_supply,Supply,10000000000.0
17,operation,2019,reg2,Oil_supply,Supply,10000000000.0
18,operation,2019,reg2,BW_supply,Supply,10000000000.0
19,operation,2019,reg2,Diesel_supply,Supply,10000000000.0
20,operation,2019,reg2,Geo_PP,Supply,0.0
21,operation,2019,reg2,Solar_PV_PP,Supply,56000.0
22,operation,2019,reg2,Wind_PP,Supply,0.0
23,operation,2019,reg2,S_ROR_Hydro_PP,Supply,0.0
24,operation,2019,reg2,L_ROR_Hydro_PP,Supply,0.0
25,operation,2019,reg2,L_DAM_Hydro_PP,Supply,0.0
26,operation,2019,reg2,HFO_PP,Conversion,281500.0
27,operation,2019,reg2,HFO_CC_PP,Conversion,0.0
28,operation,2019,reg2,KGT_PP,Conversion,0.0
29,operation,2019,reg2,BW_PP,Conversion,18000.0
30,operation,2019,reg2,Diesel_engine_pp,Conversion,73500.0
31,operation,2019,reg2,Elec_transmission_distribution,Transmission,1225475.0
32,operation,2019,reg3,Kerosene_supply,Supply,10000000000.0
33,operation,2019,reg3,Oil_supply,Supply,10000000000.0
34,operation,2019,reg3,BW_supply,Supply,10000000000.0
35,operation,2019,reg3,Diesel_supply,Supply,10000000000.0
36,operation,2019,reg3,Geo_PP,Supply,0.0
37,operation,2019,reg3,Solar_PV_PP,Supply,0.0
38,operation,2019,reg3,Wind_PP,Supply,310000.0
39,operation,2019,reg3,S_ROR_Hydro_PP,Supply,0.0
40,operation,2019,reg3,L_ROR_Hydro_PP,Supply,80000.0
41,operation,2019,reg3,L_DAM_Hydro_PP,Supply,105000.0
42,operation,2019,reg3,HFO_PP,Conversion,0.0
43,operation,2019,reg3,HFO_CC_PP,Conversion,0.0
44,operation,2019,reg3,KGT_PP,Conversion,56000.0
45,operation,2019,reg3,BW_PP,Conversion,68500.0
46,operation,2019,reg3,Diesel_engine_pp,Conversion,0.0
47,operation,2019,reg3,Elec_transmission_distribution,Transmission,2011355.0
48,operation,2019,reg4,Kerosene_supply,Supply,10000000000.0
49,operation,2019,reg4,Oil_supply,Supply,10000000000.0
50,operation,2019,reg4,BW_supply,Supply,10000000000.0
51,operation,2019,reg4,Diesel_supply,Supply,10000000000.0
52,operation,2019,reg4,Geo_PP,Supply,0.0
53,operation,2019,reg4,Solar_PV_PP,Supply,0.0
54,operation,2019,reg4,Wind_PP,Supply,0.0
55,operation,2019,reg4,S_ROR_Hydro_PP,Supply,7400.0
56,operation,2019,reg4,L_ROR_Hydro_PP,Supply,20000.0
57,operation,2019,reg4,L_DAM_Hydro_PP,Supply,578000.0
58,operation,2019,reg4,HFO_PP,Conversion,0.0
59,operation,2019,reg4,HFO_CC_PP,Conversion,0.0
60,operation,2019,reg4,KGT_PP,Conversion,0.0
61,operation,2019,reg4,BW_PP,Conversion,0.0
62,operation,2019,reg4,Diesel_engine_pp,Conversion,0.0
63,operation,2019,reg4,Elec_transmission_distribution,Transmission,571565.0
64,planning,2019,reg1,Kerosene_supply,Supply,1e+20
65,planning,2020,reg1,Kerosene_supply,Supply,1e+20
66,planning,2021,reg1,Kerosene_supply,Supply,1e+20
67,planning,2022,reg1,Kerosene_supply,Supply,1e+20
68,planning,2023,reg1,Kerosene_supply,Supply,1e+20
69,planning,2024,reg1,Kerosene_supply,Supply,1e+20
70,planning,2025,reg1,Kerosene_supply,Supply,1e+20
71,planning,2026,reg1,Kerosene_supply,Supply,1e+20
72,planning,2027,reg1,Kerosene_supply,Supply,1e+20
73,planning,2028,reg1,Kerosene_supply,Supply,1e+20
74,planning,2029,reg1,Kerosene_supply,Supply,1e+20
75,planning,2030,reg1,Kerosene_supply,Supply,1e+20
76,planning,2031,reg1,Kerosene_supply,Supply,1e+20
77,planning,2032,reg1,Kerosene_supply,Supply,1e+20
78,planning,2033,reg1,Kerosene_supply,Supply,1e+20
79,planning,2034,reg1,Kerosene_supply,Supply,1e+20
80,planning,2035,reg1,Kerosene_supply,Supply,1e+20
81,planning,2036,reg1,Kerosene_supply,Supply,1e+20
82,planning,2037,reg1,Kerosene_supply,Supply,1e+20
83,planning,2038,reg1,Kerosene_supply,Supply,1e+20
84,planning,2039,reg1,Kerosene_supply,Supply,1e+20
85,planning,2040,reg1,Kerosene_supply,Supply,1e+20
86,planning,2019,reg1,Oil_supply,Supply,1e+20
87,planning,2020,reg1,Oil_supply,Supply,1e+20
88,planning,2021,reg1,Oil_supply,Supply,1e+20
89,planning,2022,reg1,Oil_supply,Supply,1e+20
90,planning,2023,reg1,Oil_supply,Supply,1e+20
91,planning,2024,reg1,Oil_supply,Supply,1e+20
92,planning,2025,reg1,Oil_supply,Supply,1e+20
93,planning,2026,reg1,Oil_supply,Supply,1e+20
94,planning,2027,reg1,Oil_supply,Supply,1e+20
95,planning,2028,reg1,Oil_supply,Supply,1e+20
96,planning,2029,reg1,Oil_supply,Supply,1e+20
97,planning,2030,reg1,Oil_supply,Supply,1e+20
98,planning,2031,reg1,Oil_supply,Supply,1e+20
99,planning,2032,reg1,Oil_supply,Supply,1e+20
100,planning,2033,reg1,Oil_supply,Supply,1e+20
101,planning,2034,reg1,Oil_supply,Supply,1e+20
102,planning,2035,reg1,Oil_supply,Supply,1e+20
103,planning,2036,reg1,Oil_supply,Supply,1e+20
104,planning,2037,reg1,Oil_supply,Supply,1e+20
105,planning,2038,reg1,Oil_supply,Supply,1e+20
106,planning,2039,reg1,Oil_supply,Supply,1e+20
107,planning,2040,reg1,Oil_supply,Supply,1e+20
108,planning,2019,reg1,BW_supply,Supply,1e+20
109,planning,2020,reg1,BW_supply,Supply,1e+20
110,planning,2021,reg1,BW_supply,Supply,1e+20
111,planning,2022,reg1,BW_supply,Supply,1e+20
112,planning,2023,reg1,BW_supply,Supply,1e+20
113,planning,2024,reg1,BW_supply,Supply,1e+20
114,planning,2025,reg1,BW_supply,Supply,1e+20
115,planning,2026,reg1,BW_supply,Supply,1e+20
116,planning,2027,reg1,BW_supply,Supply,1e+20
117,planning,2028,reg1,BW_supply,Supply,1e+20
118,planning,2029,reg1,BW_supply,Supply,1e+20
119,planning,2030,reg1,BW_supply,Supply,1e+20
120,planning,2031,reg1,BW_supply,Supply,1e+20
121,planning,2032,reg1,BW_supply,Supply,1e+20
122,planning,2033,reg1,BW_supply,Supply,1e+20
123,planning,2034,reg1,BW_supply,Supply,1e+20
124,planning,2035,reg1,BW_supply,Supply,1e+20
125,planning,2036,reg1,BW_supply,Supply,1e+20
126,planning,2037,reg1,BW_supply,Supply,1e+20
127,planning,2038,reg1,BW_supply,Supply,1e+20
128,planning,2039,reg1,BW_supply,Supply,1e+20
129,planning,2040,reg1,BW_supply,Supply,1e+20
130,planning,2019,reg1,Diesel_supply,Supply,1e+20
131,planning,2020,reg1,Diesel_supply,Supply,1e+20
132,planning,2021,reg1,Diesel_supply,Supply,1e+20
133,planning,2022,reg1,Diesel_supply,Supply,1e+20
134,planning,2023,reg1,Diesel_supply,Supply,1e+20
135,planning,2024,reg1,Diesel_supply,Supply,1e+20
136,planning,2025,reg1,Diesel_supply,Supply,1e+20
137,planning,2026,reg1,Diesel_supply,Supply,1e+20
138,planning,2027,reg1,Diesel_supply,Supply,1e+20
139,planning,2028,reg1,Diesel_supply,Supply,1e+20
140,planning,2029,reg1,Diesel_supply,Supply,1e+20
141,planning,2030,reg1,Diesel_supply,Supply,1e+20
142,planning,2031,reg1,Diesel_supply,Supply,1e+20
143,planning,2032,reg1,Diesel_supply,Supply,1e+20
144,planning,2033,reg1,Diesel_supply,Supply,1e+20
145,planning,2034,reg1,Diesel_supply,Supply,1e+20
146,planning,2035,reg1,Diesel_supply,Supply,1e+20
147,planning,2036,reg1,Diesel_supply,Supply,1e+20
148,planning,2037,reg1,Diesel_supply,Supply,1e+20
149,planning,2038,reg1,Diesel_supply,Supply,1e+20
150,planning,2039,reg1,Diesel_supply,Supply,1e+20
151,planning,2040,reg1,Diesel_supply,Supply,1e+20
152,planning,2019,reg1,NG_supply,Supply,1e+20
153,planning,2020,reg1,NG_supply,Supply,1e+20
154,planning,2021,reg1,NG_supply,Supply,1e+20
155,planning,2022,reg1,NG_supply,Supply,1e+20
156,planning,2023,reg1,NG_supply,Supply,1e+20
157,planning,2024,reg1,NG_supply,Supply,1e+20
158,planning,2025,reg1,NG_supply,Supply,1e+20
159,planning,2026,reg1,NG_supply,Supply,1e+20
160,planning,2027,reg1,NG_supply,Supply,1e+20
161,planning,2028,reg1,NG_supply,Supply,1e+20
162,planning,2029,reg1,NG_supply,Supply,1e+20
163,planning,2030,reg1,NG_supply,Supply,1e+20
164,planning,2031,reg1,NG_supply,Supply,1e+20
165,planning,2032,reg1,NG_supply,Supply,1e+20
166,planning,2033,reg1,NG_supply,Supply,1e+20
167,planning,2034,reg1,NG_supply,Supply,1e+20
168,planning,2035,reg1,NG_supply,Supply,1e+20
169,planning,2036,reg1,NG_supply,Supply,1e+20
170,planning,2037,reg1,NG_supply,Supply,1e+20
171,planning,2038,reg1,NG_supply,Supply,1e+20
172,planning,2039,reg1,NG_supply,Supply,1e+20
173,planning,2040,reg1,NG_supply,Supply,1e+20
174,planning,2019,reg1,Geo_PP,Supply,622900.0
175,planning,2020,reg1,Geo_PP,Supply,622900.0
176,planning,2021,reg1,Geo_PP,Supply,622900.0
177,planning,2022,reg1,Geo_PP,Supply,622900.0
178,planning,2023,reg1,Geo_PP,Supply,622900.0
179,planning,2024,reg1,Geo_PP,Supply,622900.0
180,planning,2025,reg1,Geo_PP,Supply,577900.0
181,planning,2026,reg1,Geo_PP,Supply,577900.0
182,planning,2027,reg1,Geo_PP,Supply,577900.0
183,planning,2028,reg1,Geo_PP,Supply,577900.0
184,planning,2029,reg1,Geo_PP,Supply,577900.0
185,planning,2030,reg1,Geo_PP,Supply,577900.0
186,planning,2031,reg1,Geo_PP,Supply,577900.0
187,planning,2032,reg1,Geo_PP,Supply,577900.0
188,planning,2033,reg1,Geo_PP,Supply,577900.0
189,planning,2034,reg1,Geo_PP,Supply,577900.0
190,planning,2035,reg1,Geo_PP,Supply,577900.0
191,planning,2036,reg1,Geo_PP,Supply,577900.0
192,planning,2037,reg1,Geo_PP,Supply,577900.0
193,planning,2038,reg1,Geo_PP,Supply,577900.0
194,planning,2039,reg1,Geo_PP,Supply,577900.0
195,planning,2040,reg1,Geo_PP,Supply,577900.0
196,planning,2019,reg1,Solar_PV_PP,Supply,0.0
197,planning,2020,reg1,Solar_PV_PP,Supply,0.0
198,planning,2021,reg1,Solar_PV_PP,Supply,0.0
199,planning,2022,reg1,Solar_PV_PP,Supply,0.0
200,planning,2023,reg1,Solar_PV_PP,Supply,0.0
201,planning,2024,reg1,Solar_PV_PP,Supply,0.0
202,planning,2025,reg1,Solar_PV_PP,Supply,0.0
203,planning,2026,reg1,Solar_PV_PP,Supply,0.0
204,planning,2027,reg1,Solar_PV_PP,Supply,0.0
205,planning,2028,reg1,Solar_PV_PP,Supply,0.0
206,planning,2029,reg1,Solar_PV_PP,Supply,0.0
207,planning,2030,reg1,Solar_PV_PP,Supply,0.0
208,planning,2031,reg1,Solar_PV_PP,Supply,0.0
209,planning,2032,reg1,Solar_PV_PP,Supply,0.0
210,planning,2033,reg1,Solar_PV_PP,Supply,0.0
211,planning,2034,reg1,Solar_PV_PP,Supply,0.0
212,planning,2035,reg1,Solar_PV_PP,Supply,0.0
213,planning,2036,reg1,Solar_PV_PP,Supply,0.0
214,planning,2037,reg1,Solar_PV_PP,Supply,0.0
215,planning,2038,reg1,Solar_PV_PP,Supply,0.0
216,planning,2039,reg1,Solar_PV_PP,Supply,0.0
217,planning,2040,reg1,Solar_PV_PP,Supply,0.0
218,planning,2019,reg1,Wind_PP,Supply,127500.0
219,planning,2020,reg1,Wind_PP,Supply,127500.0
220,planning,2021,reg1,Wind_PP,Supply,127500.0
221,planning,2022,reg1,Wind_PP,Supply,127500.0
222,planning,2023,reg1,Wind_PP,Supply,127500.0
223,planning,2024,reg1,Wind_PP,Supply,127500.0
224,planning,2025,reg1,Wind_PP,Supply,127500.0
225,planning,2026,reg1,Wind_PP,Supply,127500.0
226,planning,2027,reg1,Wind_PP,Supply,127500.0
227,planning,2028,reg1,Wind_PP,Supply,127500.0
228,planning,2029,reg1,Wind_PP,Supply,117500.0
229,planning,2030,reg1,Wind_PP,Supply,117500.0
230,planning,2031,reg1,Wind_PP,Supply,117500.0
231,planning,2032,reg1,Wind_PP,Supply,117500.0
232,planning,2033,reg1,Wind_PP,Supply,117500.0
233,planning,2034,reg1,Wind_PP,Supply,117500.0
234,planning,2035,reg1,Wind_PP,Supply,97100.0
235,planning,2036,reg1,Wind_PP,Supply,97100.0
236,planning,2037,reg1,Wind_PP,Supply,97100.0
237,planning,2038,reg1,Wind_PP,Supply,97100.0
238,planning,2039,reg1,Wind_PP,Supply,97100.0
239,planning,2040,reg1,Wind_PP,Supply,97100.0
240,planning,2019,reg1,S_ROR_Hydro_PP,Supply,0.0
241,planning,2020,reg1,S_ROR_Hydro_PP,Supply,0.0
242,planning,2021,reg1,S_ROR_Hydro_PP,Supply,0.0
243,planning,2022,reg1,S_ROR_Hydro_PP,Supply,0.0
244,planning,2023,reg1,S_ROR_Hydro_PP,Supply,0.0
245,planning,2024,reg1,S_ROR_Hydro_PP,Supply,0.0
246,planning,2025,reg1,S_ROR_Hydro_PP,Supply,0.0
247,planning,2026,reg1,S_ROR_Hydro_PP,Supply,0.0
248,planning,2027,reg1,S_ROR_Hydro_PP,Supply,0.0
249,planning,2028,reg1,S_ROR_Hydro_PP,Supply,0.0
250,planning,2029,reg1,S_ROR_Hydro_PP,Supply,0.0
251,planning,2030,reg1,S_ROR_Hydro_PP,Supply,0.0
252,planning,2031,reg1,S_ROR_Hydro_PP,Supply,0.0
253,planning,2032,reg1,S_ROR_Hydro_PP,Supply,0.0
254,planning,2033,reg1,S_ROR_Hydro_PP,Supply,0.0
255,planning,2034,reg1,S_ROR_Hydro_PP,Supply,0.0
256,planning,2035,reg1,S_ROR_Hydro_PP,Supply,0.0
257,planning,2036,reg1,S_ROR_Hydro_PP,Supply,0.0
258,planning,2037,reg1,S_ROR_Hydro_PP,Supply,0.0
259,planning,2038,reg1,S_ROR_Hydro_PP,Supply,0.0
260,planning,2039,reg1,S_ROR_Hydro_PP,Supply,0.0
261,planning,2040,reg1,S_ROR_Hydro_PP,Supply,0.0
262,planning,2019,reg1,L_ROR_Hydro_PP,Supply,0.0
263,planning,2020,reg1,L_ROR_Hydro_PP,Supply,0.0
264,planning,2021,reg1,L_ROR_Hydro_PP,Supply,0.0
265,planning,2022,reg1,L_ROR_Hydro_PP,Supply,0.0
266,planning,2023,reg1,L_ROR_Hydro_PP,Supply,0.0
267,planning,2024,reg1,L_ROR_Hydro_PP,Supply,0.0
268,planning,2025,reg1,L_ROR_Hydro_PP,Supply,0.0
269,planning,2026,reg1,L_ROR_Hydro_PP,Supply,0.0
270,planning,2027,reg1,L_ROR_Hydro_PP,Supply,0.0
271,planning,2028,reg1,L_ROR_Hydro_PP,Supply,0.0
272,planning,2029,reg1,L_ROR_Hydro_PP,Supply,0.0
273,planning,2030,reg1,L_ROR_Hydro_PP,Supply,0.0
274,planning,2031,reg1,L_ROR_Hydro_PP,Supply,0.0
275,planning,2032,reg1,L_ROR_Hydro_PP,Supply,0.0
276,planning,2033,reg1,L_ROR_Hydro_PP,Supply,0.0
277,planning,2034,reg1,L_ROR_Hydro_PP,Supply,0.0
278,planning,2035,reg1,L_ROR_Hydro_PP,Supply,0.0
279,planning,2036,reg1,L_ROR_Hydro_PP,Supply,0.0
280,planning,2037,reg1,L_ROR_Hydro_PP,Supply,0.0
281,planning,2038,reg1,L_ROR_Hydro_PP,Supply,0.0
282,planning,2039,reg1,L_ROR_Hydro_PP,Supply,0.0
283,planning,2040,reg1,L_ROR_Hydro_PP,Supply,0.0
284,planning,2019,reg1,L_DAM_Hydro_PP,Supply,0.0
285,planning,2020,reg1,L_DAM_Hydro_PP,Supply,0.0
286,planning,2021,reg1,L_DAM_Hydro_PP,Supply,0.0
287,planning,2022,reg1,L_DAM_Hydro_PP,Supply,0.0
288,planning,2023,reg1,L_DAM_Hydro_PP,Supply,0.0
289,planning,2024,reg1,L_DAM_Hydro_PP,Supply,0.0
290,planning,2025,reg1,L_DAM_Hydro_PP,Supply,0.0
291,planning,2026,reg1,L_DAM_Hydro_PP,Supply,0.0
292,planning,2027,reg1,L_DAM_Hydro_PP,Supply,0.0
293,planning,2028,reg1,L_DAM_Hydro_PP,Supply,0.0
294,planning,2029,reg1,L_DAM_Hydro_PP,Supply,0.0
295,planning,2030,reg1,L_DAM_Hydro_PP,Supply,0.0
296,planning,2031,reg1,L_DAM_Hydro_PP,Supply,0.0
297,planning,2032,reg1,L_DAM_Hydro_PP,Supply,0.0
298,planning,2033,reg1,L_DAM_Hydro_PP,Supply,0.0
299,planning,2034,reg1,L_DAM_Hydro_PP,Supply,0.0
300,planning,2035,reg1,L_DAM_Hydro_PP,Supply,0.0
301,planning,2036,reg1,L_DAM_Hydro_PP,Supply,0.0
302,planning,2037,reg1,L_DAM_Hydro_PP,Supply,0.0
303,planning,2038,reg1,L_DAM_Hydro_PP,Supply,0.0
304,planning,2039,reg1,L_DAM_Hydro_PP,Supply,0.0
305,planning,2040,reg1,L_DAM_Hydro_PP,Supply,0.0
306,planning,2019,reg1,HFO_PP,Conversion,189320.0
307,planning,2020,reg1,HFO_PP,Conversion,189320.0
308,planning,2021,reg1,HFO_PP,Conversion,189320.0
309,planning,2022,reg1,HFO_PP,Conversion,189320.0
310,planning,2023,reg1,HFO_PP,Conversion,189320.0
311,planning,2024,reg1,HFO_PP,Conversion,189320.0
312,planning,2025,reg1,HFO_PP,Conversion,189320.0
313,planning,2026,reg1,HFO_PP,Conversion,189320.0
314,planning,2027,reg1,HFO_PP,Conversion,80320.0
315,planning,2028,reg1,HFO_PP,Conversion,80320.0
316,planning,2029,reg1,HFO_PP,Conversion,80320.0
317,planning,2030,reg1,HFO_PP,Conversion,80320.0
318,planning,2031,reg1,HFO_PP,Conversion,80320.0
319,planning,2032,reg1,HFO_PP,Conversion,80320.0
320,planning,2033,reg1,HFO_PP,Conversion,80320.0
321,planning,2034,reg1,HFO_PP,Conversion,80320.0
322,planning,2035,reg1,HFO_PP,Conversion,80320.0
323,planning,2036,reg1,HFO_PP,Conversion,80320.0
324,planning,2037,reg1,HFO_PP,Conversion,80320.0
325,planning,2038,reg1,HFO_PP,Conversion,80320.0
326,planning,2039,reg1,HFO_PP,Conversion,80320.0
327,planning,2040,reg1,HFO_PP,Conversion,80320.0
328,planning,2019,reg1,HFO_CC_PP,Conversion,87000.0
329,planning,2020,reg1,HFO_CC_PP,Conversion,87000.0
330,planning,2021,reg1,HFO_CC_PP,Conversion,87000.0
331,planning,2022,reg1,HFO_CC_PP,Conversion,87000.0
332,planning,2023,reg1,HFO_CC_PP,Conversion,87000.0
333,planning,2024,reg1,HFO_CC_PP,Conversion,87000.0
334,planning,2025,reg1,HFO_CC_PP,Conversion,87000.0
335,planning,2026,reg1,HFO_CC_PP,Conversion,87000.0
336,planning,2027,reg1,HFO_CC_PP,Conversion,87000.0
337,planning,2028,reg1,HFO_CC_PP,Conversion,87000.0
338,planning,2029,reg1,HFO_CC_PP,Conversion,87000.0
339,planning,2030,reg1,HFO_CC_PP,Conversion,87000.0
340,planning,2031,reg1,HFO_CC_PP,Conversion,87000.0
341,planning,2032,reg1,HFO_CC_PP,Conversion,87000.0
342,planning,2033,reg1,HFO_CC_PP,Conversion,87000.0
343,planning,2034,reg1,HFO_CC_PP,Conversion,87000.0
344,planning,2035,reg1,HFO_CC_PP,Conversion,87000.0
345,planning,2036,reg1,HFO_CC_PP,Conversion,87000.0
346,planning,2037,reg1,HFO_CC_PP,Conversion,87000.0
347,planning,2038,reg1,HFO_CC_PP,Conversion,87000.0
348,planning,2039,reg1,HFO_CC_PP,Conversion,87000.0
349,planning,2040,reg1,HFO_CC_PP,Conversion,87000.0
350,planning,2019,reg1,KGT_PP,Conversion,0.0
351,planning,2020,reg1,KGT_PP,Conversion,0.0
352,planning,2021,reg1,KGT_PP,Conversion,0.0
353,planning,2022,reg1,KGT_PP,Conversion,0.0
354,planning,2023,reg1,KGT_PP,Conversion,0.0
355,planning,2024,reg1,KGT_PP,Conversion,0.0
356,planning,2025,reg1,KGT_PP,Conversion,0.0
357,planning,2026,reg1,KGT_PP,Conversion,0.0
358,planning,2027,reg1,KGT_PP,Conversion,0.0
359,planning,2028,reg1,KGT_PP,Conversion,0.0
360,planning,2029,reg1,KGT_PP,Conversion,0.0
361,planning,2030,reg1,KGT_PP,Conversion,0.0
362,planning,2031,reg1,KGT_PP,Conversion,0.0
363,planning,2032,reg1,KGT_PP,Conversion,0.0
364,planning,2033,reg1,KGT_PP,Conversion,0.0
365,planning,2034,reg1,KGT_PP,Conversion,0.0
366,planning,2035,reg1,KGT_PP,Conversion,0.0
367,planning,2036,reg1,KGT_PP,Conversion,0.0
368,planning,2037,reg1,KGT_PP,Conversion,0.0
369,planning,2038,reg1,KGT_PP,Conversion,0.0
370,planning,2039,reg1,KGT_PP,Conversion,0.0
371,planning,2040,reg1,KGT_PP,Conversion,0.0
372,planning,2019,reg1,BW_PP,Conversion,0.0
373,planning,2020,reg1,BW_PP,Conversion,0.0
374,planning,2021,reg1,BW_PP,Conversion,0.0
375,planning,2022,reg1,BW_PP,Conversion,0.0
376,planning,2023,reg1,BW_PP,Conversion,0.0
377,planning,2024,reg1,BW_PP,Conversion,0.0
378,planning,2025,reg1,BW_PP,Conversion,0.0
379,planning,2026,reg1,BW_PP,Conversion,0.0
380,planning,2027,reg1,BW_PP,Conversion,0.0
381,planning,2028,reg1,BW_PP,Conversion,0.0
382,planning,2029,reg1,BW_PP,Conversion,0.0
383,planning,2030,reg1,BW_PP,Conversion,0.0
384,planning,2031,reg1,BW_PP,Conversion,0.0
385,planning,2032,reg1,BW_PP,Conversion,0.0
386,planning,2033,reg1,BW_PP,Conversion,0.0
387,planning,2034,reg1,BW_PP,Conversion,0.0
388,planning,2035,reg1,BW_PP,Conversion,0.0
389,planning,2036,reg1,BW_PP,Conversion,0.0
390,planning,2037,reg1,BW_PP,Conversion,0.0
391,planning,2038,reg1,BW_PP,Conversion,0.0
392,planning,2039,reg1,BW_PP,Conversion,0.0
393,planning,2040,reg1,BW_PP,Conversion,0.0
394,planning,2019,reg1,Diesel_engine_pp,Conversion,100000.0
395,planning,2020,reg1,Diesel_engine_pp,Conversion,100000.0
396,planning,2021,reg1,Diesel_engine_pp,Conversion,100000.0
397,planning,2022,reg1,Diesel_engine_pp,Conversion,100000.0
398,planning,2023,reg1,Diesel_engine_pp,Conversion,100000.0
399,planning,2024,reg1,Diesel_engine_pp,Conversion,100000.0
400,planning,2025,reg1,Diesel_engine_pp,Conversion,100000.0
401,planning,2026,reg1,Diesel_engine_pp,Conversion,100000.0
402,planning,2027,reg1,Diesel_engine_pp,Conversion,100000.0
403,planning,2028,reg1,Diesel_engine_pp,Conversion,100000.0
404,planning,2029,reg1,Diesel_engine_pp,Conversion,100000.0
405,planning,2030,reg1,Diesel_engine_pp,Conversion,100000.0
406,planning,2031,reg1,Diesel_engine_pp,Conversion,100000.0
407,planning,2032,reg1,Diesel_engine_pp,Conversion,100000.0
408,planning,2033,reg1,Diesel_engine_pp,Conversion,100000.0
409,planning,2034,reg1,Diesel_engine_pp,Conversion,100000.0
410,planning,2035,reg1,Diesel_engine_pp,Conversion,100000.0
411,planning,2036,reg1,Diesel_engine_pp,Conversion,100000.0
412,planning,2037,reg1,Diesel_engine_pp,Conversion,100000.0
413,planning,2038,reg1,Diesel_engine_pp,Conversion,100000.0
414,planning,2039,reg1,Diesel_engine_pp,Conversion,100000.0
415,planning,2040,reg1,Diesel_engine_pp,Conversion,100000.0
416,planning,2019,reg1,LNG_GT_CC_pp,Conversion,0.0
417,planning,2020,reg1,LNG_GT_CC_pp,Conversion,0.0
418,planning,2021,reg1,LNG_GT_CC_pp,Conversion,0.0
419,planning,2022,reg1,LNG_GT_CC_pp,Conversion,0.0
420,planning,2023,reg1,LNG_GT_CC_pp,Conversion,0.0
421,planning,2024,reg1,LNG_GT_CC_pp,Conversion,0.0
422,planning,2025,reg1,LNG_GT_CC_pp,Conversion,0.0
423,planning,2026,reg1,LNG_GT_CC_pp,Conversion,0.0
424,planning,2027,reg1,LNG_GT_CC_pp,Conversion,3242.35377963577
425,planning,2028,reg1,LNG_GT_CC_pp,Conversion,3242.35377963577
426,planning,2029,reg1,LNG_GT_CC_pp,Conversion,3242.35377963577
427,planning,2030,reg1,LNG_GT_CC_pp,Conversion,3242.35377963577
428,planning,2031,reg1,LNG_GT_CC_pp,Conversion,3242.35377963577
429,planning,2032,reg1,LNG_GT_CC_pp,Conversion,37538.13808867014
430,planning,2033,reg1,LNG_GT_CC_pp,Conversion,37538.13808867014
431,planning,2034,reg1,LNG_GT_CC_pp,Conversion,37538.13808867014
432,planning,2035,reg1,LNG_GT_CC_pp,Conversion,70581.74938171807
433,planning,2036,reg1,LNG_GT_CC_pp,Conversion,70581.74938171807
434,planning,2037,reg1,LNG_GT_CC_pp,Conversion,70581.74938171807
435,planning,2038,reg1,LNG_GT_CC_pp,Conversion,70581.74938171807
436,planning,2039,reg1,LNG_GT_CC_pp,Conversion,103669.9791638635
437,planning,2040,reg1,LNG_GT_CC_pp,Conversion,103669.9791638635
438,planning,2019,reg1,Elec_transmission_distribution,Transmission,3987527.0
439,planning,2020,reg1,Elec_transmission_distribution,Transmission,10003908907.110468
440,planning,2021,reg1,Elec_transmission_distribution,Transmission,20003908907.110462
441,planning,2022,reg1,Elec_transmission_distribution,Transmission,30003790709.025093
442,planning,2023,reg1,Elec_transmission_distribution,Transmission,40003672510.93972
443,planning,2024,reg1,Elec_transmission_distribution,Transmission,50003554312.85435
444,planning,2025,reg1,Elec_transmission_distribution,Transmission,60003391114.768974
445,planning,2026,reg1,Elec_transmission_distribution,Transmission,70002795256.69147
446,planning,2027,reg1,Elec_transmission_distribution,Transmission,80002795256.69147
447,planning,2028,reg1,Elec_transmission_distribution,Transmission,90002795256.69147
448,planning,2029,reg1,Elec_transmission_distribution,Transmission,100002795256.69148
449,planning,2030,reg1,Elec_transmission_distribution,Transmission,110002795256.69148
450,planning,2031,reg1,Elec_transmission_distribution,Transmission,120002102574.19572
451,planning,2032,reg1,Elec_transmission_distribution,Transmission,130000717209.2042
452,planning,2033,reg1,Elec_transmission_distribution,Transmission,140000717209.20422
453,planning,2034,reg1,Elec_transmission_distribution,Transmission,149997913280.80328
454,planning,2035,reg1,Elec_transmission_distribution,Transmission,159997913280.80328
455,planning,2036,reg1,Elec_transmission_distribution,Transmission,169997913280.80328
456,planning,2037,reg1,Elec_transmission_distribution,Transmission,179997913280.80328
457,planning,2038,reg1,Elec_transmission_distribution,Transmission,189996331810.106
458,planning,2039,reg1,Elec_transmission_distribution,Transmission,199996331810.106
459,planning,2040,reg1,Elec_transmission_distribution,Transmission,209995888756.20956
460,planning,2019,reg2,Kerosene_supply,Supply,1e+20
461,planning,2020,reg2,Kerosene_supply,Supply,1e+20
462,planning,2021,reg2,Kerosene_supply,Supply,1e+20
463,planning,2022,reg2,Kerosene_supply,Supply,1e+20
464,planning,2023,reg2,Kerosene_supply,Supply,1e+20
465,planning,2024,reg2,Kerosene_supply,Supply,1e+20
466,planning,2025,reg2,Kerosene_supply,Supply,1e+20
467,planning,2026,reg2,Kerosene_supply,Supply,1e+20
468,planning,2027,reg2,Kerosene_supply,Supply,1e+20
469,planning,2028,reg2,Kerosene_supply,Supply,1e+20
470,planning,2029,reg2,Kerosene_supply,Supply,1e+20
471,planning,2030,reg2,Kerosene_supply,Supply,1e+20
472,planning,2031,reg2,Kerosene_supply,Supply,1e+20
473,planning,2032,reg2,Kerosene_supply,Supply,1e+20
474,planning,2033,reg2,Kerosene_supply,Supply,1e+20
475,planning,2034,reg2,Kerosene_supply,Supply,1e+20
476,planning,2035,reg2,Kerosene_supply,Supply,1e+20
477,planning,2036,reg2,Kerosene_supply,Supply,1e+20
478,planning,2037,reg2,Kerosene_supply,Supply,1e+20
479,planning,2038,reg2,Kerosene_supply,Supply,1e+20
480,planning,2039,reg2,Kerosene_supply,Supply,1e+20
481,planning,2040,reg2,Kerosene_supply,Supply,1e+20
482,planning,2019,reg2,Oil_supply,Supply,1e+20
483,planning,2020,reg2,Oil_supply,Supply,1e+20
484,planning,2021,reg2,Oil_supply,Supply,1e+20
485,planning,2022,reg2,Oil_supply,Supply,1e+20
486,planning,2023,reg2,Oil_supply,Supply,1e+20
487,planning,2024,reg2,Oil_supply,Supply,1e+20
488,planning,2025,reg2,Oil_supply,Supply,1e+20
489,planning,2026,reg2,Oil_supply,Supply,1e+20
490,planning,2027,reg2,Oil_supply,Supply,1e+20
491,planning,2028,reg2,Oil_supply,Supply,1e+20
492,planning,2029,reg2,Oil_supply,Supply,1e+20
493,planning,2030,reg2,Oil_supply,Supply,1e+20
494,planning,2031,reg2,Oil_supply,Supply,1e+20
495,planning,2032,reg2,Oil_supply,Supply,1e+20
496,planning,2033,reg2,Oil_supply,Supply,1e+20
497,planning,2034,reg2,Oil_supply,Supply,1e+20
498,planning,2035,reg2,Oil_supply,Supply,1e+20
499,planning,2036,reg2,Oil_supply,Supply,1e+20
500,planning,2037,reg2,Oil_supply,Supply,1e+20
501,planning,2038,reg2,Oil_supply,Supply,1e+20
502,planning,2039,reg2,Oil_supply,Supply,1e+20
503,planning,2040,reg2,Oil_supply,Supply,1e+20
504,planning,2019,reg2,BW_supply,Supply,1e+20
505,planning,2020,reg2,BW_supply,Supply,1e+20
506,planning,2021,reg2,BW_supply,Supply,1e+20
507,planning,2022,reg2,BW_supply,Supply,1e+20
508,planning,2023,reg2,BW_supply,Supply,1e+20
509,planning,2024,reg2,BW_supply,Supply,1e+20
510,planning,2025,reg2,BW_supply,Supply,1e+20
511,planning,2026,reg2,BW_supply,Supply,1e+20
512,planning,2027,reg2,BW_supply,Supply,1e+20
513,planning,2028,reg2,BW_supply,Supply,1e+20
514,planning,2029,reg2,BW_supply,Supply,1e+20
515,planning,2030,reg2,BW_supply,Supply,1e+20
516,planning,2031,reg2,BW_supply,Supply,1e+20
517,planning,2032,reg2,BW_supply,Supply,1e+20
518,planning,2033,reg2,BW_supply,Supply,1e+20
519,planning,2034,reg2,BW_supply,Supply,1e+20
520,planning,2035,reg2,BW_supply,Supply,1e+20
521,planning,2036,reg2,BW_supply,Supply,1e+20
522,planning,2037,reg2,BW_supply,Supply,1e+20
523,planning,2038,reg2,BW_supply,Supply,1e+20
524,planning,2039,reg2,BW_supply,Supply,1e+20
525,planning,2040,reg2,BW_supply,Supply,1e+20
526,planning,2019,reg2,Diesel_supply,Supply,1e+20
527,planning,2020,reg2,Diesel_supply,Supply,1e+20
528,planning,2021,reg2,Diesel_supply,Supply,1e+20
529,planning,2022,reg2,Diesel_supply,Supply,1e+20
530,planning,2023,reg2,Diesel_supply,Supply,1e+20
531,planning,2024,reg2,Diesel_supply,Supply,1e+20
532,planning,2025,reg2,Diesel_supply,Supply,1e+20
533,planning,2026,reg2,Diesel_supply,Supply,1e+20
534,planning,2027,reg2,Diesel_supply,Supply,1e+20
535,planning,2028,reg2,Diesel_supply,Supply,1e+20
536,planning,2029,reg2,Diesel_supply,Supply,1e+20
537,planning,2030,reg2,Diesel_supply,Supply,1e+20
538,planning,2031,reg2,Diesel_supply,Supply,1e+20
539,planning,2032,reg2,Diesel_supply,Supply,1e+20
540,planning,2033,reg2,Diesel_supply,Supply,1e+20
541,planning,2034,reg2,Diesel_supply,Supply,1e+20
542,planning,2035,reg2,Diesel_supply,Supply,1e+20
543,planning,2036,reg2,Diesel_supply,Supply,1e+20
544,planning,2037,reg2,Diesel_supply,Supply,1e+20
545,planning,2038,reg2,Diesel_supply,Supply,1e+20
546,planning,2039,reg2,Diesel_supply,Supply,1e+20
547,planning,2040,reg2,Diesel_supply,Supply,1e+20
548,planning,2019,reg2,NG_supply,Supply,1e+20
549,planning,2020,reg2,NG_supply,Supply,1e+20
550,planning,2021,reg2,NG_supply,Supply,1e+20
551,planning,2022,reg2,NG_supply,Supply,1e+20
552,planning,2023,reg2,NG_supply,Supply,1e+20
553,planning,2024,reg2,NG_supply,Supply,1e+20
554,planning,2025,reg2,NG_supply,Supply,1e+20
555,planning,2026,reg2,NG_supply,Supply,1e+20
556,planning,2027,reg2,NG_supply,Supply,1e+20
557,planning,2028,reg2,NG_supply,Supply,1e+20
558,planning,2029,reg2,NG_supply,Supply,1e+20
559,planning,2030,reg2,NG_supply,Supply,1e+20
560,planning,2031,reg2,NG_supply,Supply,1e+20
561,planning,2032,reg2,NG_supply,Supply,1e+20
562,planning,2033,reg2,NG_supply,Supply,1e+20
563,planning,2034,reg2,NG_supply,Supply,1e+20
564,planning,2035,reg2,NG_supply,Supply,1e+20
565,planning,2036,reg2,NG_supply,Supply,1e+20
566,planning,2037,reg2,NG_supply,Supply,1e+20
567,planning,2038,reg2,NG_supply,Supply,1e+20
568,planning,2039,reg2,NG_supply,Supply,1e+20
569,planning,2040,reg2,NG_supply,Supply,1e+20
570,planning,2019,reg2,Geo_PP,Supply,0.0
571,planning,2020,reg2,Geo_PP,Supply,0.0
572,planning,2021,reg2,Geo_PP,Supply,0.0
573,planning,2022,reg2,Geo_PP,Supply,0.0
574,planning,2023,reg2,Geo_PP,Supply,0.0
575,planning,2024,reg2,Geo_PP,Supply,0.0
576,planning,2025,reg2,Geo_PP,Supply,0.0
577,planning,2026,reg2,Geo_PP,Supply,0.0
578,planning,2027,reg2,Geo_PP,Supply,0.0
579,planning,2028,reg2,Geo_PP,Supply,0.0
580,planning,2029,reg2,Geo_PP,Supply,0.0
581,planning,2030,reg2,Geo_PP,Supply,0.0
582,planning,2031,reg2,Geo_PP,Supply,0.0
583,planning,2032,reg2,Geo_PP,Supply,0.0
584,planning,2033,reg2,Geo_PP,Supply,0.0
585,planning,2034,reg2,Geo_PP,Supply,0.0
586,planning,2035,reg2,Geo_PP,Supply,0.0
587,planning,2036,reg2,Geo_PP,Supply,0.0
588,planning,2037,reg2,Geo_PP,Supply,0.0
589,planning,2038,reg2,Geo_PP,Supply,0.0
590,planning,2039,reg2,Geo_PP,Supply,0.0
591,planning,2040,reg2,Geo_PP,Supply,0.0
592,planning,2019,reg2,Solar_PV_PP,Supply,56000.0
593,planning,2020,reg2,Solar_PV_PP,Supply,56000.0
594,planning,2021,reg2,Solar_PV_PP,Supply,56000.0
595,planning,2022,reg2,Solar_PV_PP,Supply,56000.0
596,planning,2023,reg2,Solar_PV_PP,Supply,56000.0
597,planning,2024,reg2,Solar_PV_PP,Supply,56000.0
598,planning,2025,reg2,Solar_PV_PP,Supply,56000.0
599,planning,2026,reg2,Solar_PV_PP,Supply,56000.0
600,planning,2027,reg2,Solar_PV_PP,Supply,56000.0
601,planning,2028,reg2,Solar_PV_PP,Supply,56000.0
602,planning,2029,reg2,Solar_PV_PP,Supply,56000.0
603,planning,2030,reg2,Solar_PV_PP,Supply,56000.0
604,planning,2031,reg2,Solar_PV_PP,Supply,56000.0
605,planning,2032,reg2,Solar_PV_PP,Supply,56000.0
606,planning,2033,reg2,Solar_PV_PP,Supply,56000.0
607,planning,2034,reg2,Solar_PV_PP,Supply,56000.0
608,planning,2035,reg2,Solar_PV_PP,Supply,56000.0
609,planning,2036,reg2,Solar_PV_PP,Supply,56000.0
610,planning,2037,reg2,Solar_PV_PP,Supply,56000.0
611,planning,2038,reg2,Solar_PV_PP,Supply,0.0
612,planning,2039,reg2,Solar_PV_PP,Supply,0.0
613,planning,2040,reg2,Solar_PV_PP,Supply,0.0
614,planning,2019,reg2,Wind_PP,Supply,0.0
615,planning,2020,reg2,Wind_PP,Supply,0.0
616,planning,2021,reg2,Wind_PP,Supply,0.0
617,planning,2022,reg2,Wind_PP,Supply,0.0
618,planning,2023,reg2,Wind_PP,Supply,0.0
619,planning,2024,reg2,Wind_PP,Supply,0.0
620,planning,2025,reg2,Wind_PP,Supply,0.0
621,planning,2026,reg2,Wind_PP,Supply,0.0
622,planning,2027,reg2,Wind_PP,Supply,0.0
623,planning,2028,reg2,Wind_PP,Supply,0.0
624,planning,2029,reg2,Wind_PP,Supply,0.0
625,planning,2030,reg2,Wind_PP,Supply,0.0
626,planning,2031,reg2,Wind_PP,Supply,0.0
627,planning,2032,reg2,Wind_PP,Supply,0.0
628,planning,2033,reg2,Wind_PP,Supply,0.0
629,planning,2034,reg2,Wind_PP,Supply,0.0
630,planning,2035,reg2,Wind_PP,Supply,0.0
631,planning,2036,reg2,Wind_PP,Supply,0.0
632,planning,2037,reg2,Wind_PP,Supply,0.0
633,planning,2038,reg2,Wind_PP,Supply,0.0
634,planning,2039,reg2,Wind_PP,Supply,0.0
635,planning,2040,reg2,Wind_PP,Supply,0.0
636,planning,2019,reg2,S_ROR_Hydro_PP,Supply,0.0
637,planning,2020,reg2,S_ROR_Hydro_PP,Supply,0.0
638,planning,2021,reg2,S_ROR_Hydro_PP,Supply,0.0
639,planning,2022,reg2,S_ROR_Hydro_PP,Supply,0.0
640,planning,2023,reg2,S_ROR_Hydro_PP,Supply,0.0
641,planning,2024,reg2,S_ROR_Hydro_PP,Supply,0.0
642,planning,2025,reg2,S_ROR_Hydro_PP,Supply,0.0
643,planning,2026,reg2,S_ROR_Hydro_PP,Supply,0.0
644,planning,2027,reg2,S_ROR_Hydro_PP,Supply,0.0
645,planning,2028,reg2,S_ROR_Hydro_PP,Supply,0.0
646,planning,2029,reg2,S_ROR_Hydro_PP,Supply,0.0
647,planning,2030,reg2,S_ROR_Hydro_PP,Supply,0.0
648,planning,2031,reg2,S_ROR_Hydro_PP,Supply,0.0
649,planning,2032,reg2,S_ROR_Hydro_PP,Supply,0.0
650,planning,2033,reg2,S_ROR_Hydro_PP,Supply,0.0
651,planning,2034,reg2,S_ROR_Hydro_PP,Supply,0.0
652,planning,2035,reg2,S_ROR_Hydro_PP,Supply,0.0
653,planning,2036,reg2,S_ROR_Hydro_PP,Supply,0.0
654,planning,2037,reg2,S_ROR_Hydro_PP,Supply,0.0
655,planning,2038,reg2,S_ROR_Hydro_PP,Supply,0.0
656,planning,2039,reg2,S_ROR_Hydro_PP,Supply,0.0
657,planning,2040,reg2,S_ROR_Hydro_PP,Supply,0.0
658,planning,2019,reg2,L_ROR_Hydro_PP,Supply,0.0
659,planning,2020,reg2,L_ROR_Hydro_PP,Supply,0.0
660,planning,2021,reg2,L_ROR_Hydro_PP,Supply,0.0
661,planning,2022,reg2,L_ROR_Hydro_PP,Supply,0.0
662,planning,2023,reg2,L_ROR_Hydro_PP,Supply,0.0
663,planning,2024,reg2,L_ROR_Hydro_PP,Supply,0.0
664,planning,2025,reg2,L_ROR_Hydro_PP,Supply,0.0
665,planning,2026,reg2,L_ROR_Hydro_PP,Supply,0.0
666,planning,2027,reg2,L_ROR_Hydro_PP,Supply,0.0
667,planning,2028,reg2,L_ROR_Hydro_PP,Supply,0.0
668,planning,2029,reg2,L_ROR_Hydro_PP,Supply,0.0
669,planning,2030,reg2,L_ROR_Hydro_PP,Supply,0.0
670,planning,2031,reg2,L_ROR_Hydro_PP,Supply,0.0
671,planning,2032,reg2,L_ROR_Hydro_PP,Supply,0.0
672,planning,2033,reg2,L_ROR_Hydro_PP,Supply,0.0
673,planning,2034,reg2,L_ROR_Hydro_PP,Supply,0.0
674,planning,2035,reg2,L_ROR_Hydro_PP,Supply,0.0
675,planning,2036,reg2,L_ROR_Hydro_PP,Supply,0.0
676,planning,2037,reg2,L_ROR_Hydro_PP,Supply,0.0
677,planning,2038,reg2,L_ROR_Hydro_PP,Supply,0.0
678,planning,2039,reg2,L_ROR_Hydro_PP,Supply,0.0
679,planning,2040,reg2,L_ROR_Hydro_PP,Supply,0.0
680,planning,2019,reg2,L_DAM_Hydro_PP,Supply,0.0
681,planning,2020,reg2,L_DAM_Hydro_PP,Supply,0.0
682,planning,2021,reg2,L_DAM_Hydro_PP,Supply,0.0
683,planning,2022,reg2,L_DAM_Hydro_PP,Supply,0.0
684,planning,2023,reg2,L_DAM_Hydro_PP,Supply,0.0
685,planning,2024,reg2,L_DAM_Hydro_PP,Supply,0.0
686,planning,2025,reg2,L_DAM_Hydro_PP,Supply,0.0
687,planning,2026,reg2,L_DAM_Hydro_PP,Supply,0.0
688,planning,2027,reg2,L_DAM_Hydro_PP,Supply,0.0
689,planning,2028,reg2,L_DAM_Hydro_PP,Supply,0.0
690,planning,2029,reg2,L_DAM_Hydro_PP,Supply,0.0
691,planning,2030,reg2,L_DAM_Hydro_PP,Supply,0.0
692,planning,2031,reg2,L_DAM_Hydro_PP,Supply,0.0
693,planning,2032,reg2,L_DAM_Hydro_PP,Supply,0.0
694,planning,2033,reg2,L_DAM_Hydro_PP,Supply,0.0
695,planning,2034,reg2,L_DAM_Hydro_PP,Supply,0.0
696,planning,2035,reg2,L_DAM_Hydro_PP,Supply,0.0
697,planning,2036,reg2,L_DAM_Hydro_PP,Supply,0.0
698,planning,2037,reg2,L_DAM_Hydro_PP,Supply,0.0
699,planning,2038,reg2,L_DAM_Hydro_PP,Supply,0.0
700,planning,2039,reg2,L_DAM_Hydro_PP,Supply,0.0
701,planning,2040,reg2,L_DAM_Hydro_PP,Supply,0.0
702,planning,2019,reg2,HFO_PP,Conversion,281500.0
703,planning,2020,reg2,HFO_PP,Conversion,281500.0
704,planning,2021,reg2,HFO_PP,Conversion,281500.0
705,planning,2022,reg2,HFO_PP,Conversion,281500.0
706,planning,2023,reg2,HFO_PP,Conversion,281500.0
707,planning,2024,reg2,HFO_PP,Conversion,281500.0
708,planning,2025,reg2,HFO_PP,Conversion,281500.0
709,planning,2026,reg2,HFO_PP,Conversion,281500.0
710,planning,2027,reg2,HFO_PP,Conversion,281500.0
711,planning,2028,reg2,HFO_PP,Conversion,281500.0
712,planning,2029,reg2,HFO_PP,Conversion,281500.0
713,planning,2030,reg2,HFO_PP,Conversion,281500.0
714,planning,2031,reg2,HFO_PP,Conversion,207000.0
715,planning,2032,reg2,HFO_PP,Conversion,207000.0
716,planning,2033,reg2,HFO_PP,Conversion,207000.0
717,planning,2034,reg2,HFO_PP,Conversion,207000.0
718,planning,2035,reg2,HFO_PP,Conversion,207000.0
719,planning,2036,reg2,HFO_PP,Conversion,207000.0
720,planning,2037,reg2,HFO_PP,Conversion,207000.0
721,planning,2038,reg2,HFO_PP,Conversion,207000.0
722,planning,2039,reg2,HFO_PP,Conversion,207000.0
723,planning,2040,reg2,HFO_PP,Conversion,117000.0
724,planning,2019,reg2,HFO_CC_PP,Conversion,0.0
725,planning,2020,reg2,HFO_CC_PP,Conversion,0.0
726,planning,2021,reg2,HFO_CC_PP,Conversion,0.0
727,planning,2022,reg2,HFO_CC_PP,Conversion,0.0
728,planning,2023,reg2,HFO_CC_PP,Conversion,0.0
729,planning,2024,reg2,HFO_CC_PP,Conversion,0.0
730,planning,2025,reg2,HFO_CC_PP,Conversion,0.0
731,planning,2026,reg2,HFO_CC_PP,Conversion,0.0
732,planning,2027,reg2,HFO_CC_PP,Conversion,0.0
733,planning,2028,reg2,HFO_CC_PP,Conversion,0.0
734,planning,2029,reg2,HFO_CC_PP,Conversion,0.0
735,planning,2030,reg2,HFO_CC_PP,Conversion,0.0
736,planning,2031,reg2,HFO_CC_PP,Conversion,0.0
737,planning,2032,reg2,HFO_CC_PP,Conversion,0.0
738,planning,2033,reg2,HFO_CC_PP,Conversion,0.0
739,planning,2034,reg2,HFO_CC_PP,Conversion,0.0
740,planning,2035,reg2,HFO_CC_PP,Conversion,0.0
741,planning,2036,reg2,HFO_CC_PP,Conversion,0.0
742,planning,2037,reg2,HFO_CC_PP,Conversion,0.0
743,planning,2038,reg2,HFO_CC_PP,Conversion,0.0
744,planning,2039,reg2,HFO_CC_PP,Conversion,0.0
745,planning,2040,reg2,HFO_CC_PP,Conversion,0.0
746,planning,2019,reg2,KGT_PP,Conversion,0.0
747,planning,2020,reg2,KGT_PP,Conversion,0.0
748,planning,2021,reg2,KGT_PP,Conversion,0.0
749,planning,2022,reg2,KGT_PP,Conversion,0.0
750,planning,2023,reg2,KGT_PP,Conversion,0.0
751,planning,2024,reg2,KGT_PP,Conversion,0.0
752,planning,2025,reg2,KGT_PP,Conversion,0.0
753,planning,2026,reg2,KGT_PP,Conversion,0.0
754,planning,2027,reg2,KGT_PP,Conversion,0.0
755,planning,2028,reg2,KGT_PP,Conversion,0.0
756,planning,2029,reg2,KGT_PP,Conversion,0.0
757,planning,2030,reg2,KGT_PP,Conversion,0.0
758,planning,2031,reg2,KGT_PP,Conversion,0.0
759,planning,2032,reg2,KGT_PP,Conversion,0.0
760,planning,2033,reg2,KGT_PP,Conversion,0.0
761,planning,2034,reg2,KGT_PP,Conversion,0.0
762,planning,2035,reg2,KGT_PP,Conversion,0.0
763,planning,2036,reg2,KGT_PP,Conversion,0.0
764,planning,2037,reg2,KGT_PP,Conversion,0.0
765,planning,2038,reg2,KGT_PP,Conversion,0.0
766,planning,2039,reg2,KGT_PP,Conversion,0.0
767,planning,2040,reg2,KGT_PP,Conversion,0.0
768,planning,2019,reg2,BW_PP,Conversion,18000.0
769,planning,2020,reg2,BW_PP,Conversion,18000.0
770,planning,2021,reg2,BW_PP,Conversion,18000.0
771,planning,2022,reg2,BW_PP,Conversion,18000.0
772,planning,2023,reg2,BW_PP,Conversion,18000.0
773,planning,2024,reg2,BW_PP,Conversion,18000.0
774,planning,2025,reg2,BW_PP,Conversion,18000.0
775,planning,2026,reg2,BW_PP,Conversion,18000.0
776,planning,2027,reg2,BW_PP,Conversion,18000.0
777,planning,2028,reg2,BW_PP,Conversion,18000.0
778,planning,2029,reg2,BW_PP,Conversion,18000.0
779,planning,2030,reg2,BW_PP,Conversion,18000.0
780,planning,2031,reg2,BW_PP,Conversion,18000.0
781,planning,2032,reg2,BW_PP,Conversion,18000.0
782,planning,2033,reg2,BW_PP,Conversion,18000.0
783,planning,2034,reg2,BW_PP,Conversion,18000.0
784,planning,2035,reg2,BW_PP,Conversion,18000.0
785,planning,2036,reg2,BW_PP,Conversion,18000.0
786,planning,2037,reg2,BW_PP,Conversion,18000.0
787,planning,2038,reg2,BW_PP,Conversion,18000.0
788,planning,2039,reg2,BW_PP,Conversion,18000.0
789,planning,2040,reg2,BW_PP,Conversion,18000.0
790,planning,2019,reg2,Diesel_engine_pp,Conversion,73500.0
791,planning,2020,reg2,Diesel_engine_pp,Conversion,73500.0
792,planning,2021,reg2,Diesel_engine_pp,Conversion,73500.0
793,planning,2022,reg2,Diesel_engine_pp,Conversion,73500.0
794,planning,2023,reg2,Diesel_engine_pp,Conversion,73500.0
795,planning,2024,reg2,Diesel_engine_pp,Conversion,73500.0
796,planning,2025,reg2,Diesel_engine_pp,Conversion,73500.0
797,planning,2026,reg2,Diesel_engine_pp,Conversion,73500.0
798,planning,2027,reg2,Diesel_engine_pp,Conversion,73500.0
799,planning,2028,reg2,Diesel_engine_pp,Conversion,73500.0
800,planning,2029,reg2,Diesel_engine_pp,Conversion,0.0
801,planning,2030,reg2,Diesel_engine_pp,Conversion,0.0
802,planning,2031,reg2,Diesel_engine_pp,Conversion,0.0
803,planning,2032,reg2,Diesel_engine_pp,Conversion,0.0
804,planning,2033,reg2,Diesel_engine_pp,Conversion,0.0
805,planning,2034,reg2,Diesel_engine_pp,Conversion,0.0
806,planning,2035,reg2,Diesel_engine_pp,Conversion,0.0
807,planning,2036,reg2,Diesel_engine_pp,Conversion,0.0
808,planning,2037,reg2,Diesel_engine_pp,Conversion,0.0
809,planning,2038,reg2,Diesel_engine_pp,Conversion,0.0
810,planning,2039,reg2,Diesel_engine_pp,Conversion,0.0
811,planning,2040,reg2,Diesel_engine_pp,Conversion,0.0
812,planning,2019,reg2,LNG_GT_CC_pp,Conversion,0.0
813,planning,2020,reg2,LNG_GT_CC_pp,Conversion,0.0
814,planning,2021,reg2,LNG_GT_CC_pp,Conversion,0.0
815,planning,2022,reg2,LNG_GT_CC_pp,Conversion,0.0
816,planning,2023,reg2,LNG_GT_CC_pp,Conversion,0.0
817,planning,2024,reg2,LNG_GT_CC_pp,Conversion,0.0
818,planning,2025,reg2,LNG_GT_CC_pp,Conversion,0.0
819,planning,2026,reg2,LNG_GT_CC_pp,Conversion,0.0
820,planning,2027,reg2,LNG_GT_CC_pp,Conversion,0.0
821,planning,2028,reg2,LNG_GT_CC_pp,Conversion,7023.946636622429
822,planning,2029,reg2,LNG_GT_CC_pp,Conversion,7023.946636622429
823,planning,2030,reg2,LNG_GT_CC_pp,Conversion,7023.946636622429
824,planning,2031,reg2,LNG_GT_CC_pp,Conversion,48152.27846183471
825,planning,2032,reg2,LNG_GT_CC_pp,Conversion,48152.27846183471
826,planning,2033,reg2,LNG_GT_CC_pp,Conversion,48152.27846183471
827,planning,2034,reg2,LNG_GT_CC_pp,Conversion,87382.1786385579
828,planning,2035,reg2,LNG_GT_CC_pp,Conversion,87382.1786385579
829,planning,2036,reg2,LNG_GT_CC_pp,Conversion,120721.394315176
830,planning,2037,reg2,LNG_GT_CC_pp,Conversion,120721.394315176
831,planning,2038,reg2,LNG_GT_CC_pp,Conversion,120721.394315176
832,planning,2039,reg2,LNG_GT_CC_pp,Conversion,120721.394315176
833,planning,2040,reg2,LNG_GT_CC_pp,Conversion,120721.394315176
834,planning,2019,reg2,Elec_transmission_distribution,Transmission,1225475.0
835,planning,2020,reg2,Elec_transmission_distribution,Transmission,1225475.0
836,planning,2021,reg2,Elec_transmission_distribution,Transmission,1225475.0
837,planning,2022,reg2,Elec_transmission_distribution,Transmission,1225475.0
838,planning,2023,reg2,Elec_transmission_distribution,Transmission,1225475.0
839,planning,2024,reg2,Elec_transmission_distribution,Transmission,1225475.0
840,planning,2025,reg2,Elec_transmission_distribution,Transmission,1225475.0
841,planning,2026,reg2,Elec_transmission_distribution,Transmission,1225475.0
842,planning,2027,reg2,Elec_transmission_distribution,Transmission,1225475.0
843,planning,2028,reg2,Elec_transmission_distribution,Transmission,1225475.0
844,planning,2029,reg2,Elec_transmission_distribution,Transmission,1225475.0
845,planning,2030,reg2,Elec_transmission_distribution,Transmission,1225475.0
846,planning,2031,reg2,Elec_transmission_distribution,Transmission,1225475.0
847,planning,2032,reg2,Elec_transmission_distribution,Transmission,1225475.0
848,planning,2033,reg2,Elec_transmission_distribution,Transmission,1225475.0
849,planning,2034,reg2,Elec_transmission_distribution,Transmission,1225475.0
850,planning,2035,reg2,Elec_transmission_distribution,Transmission,1225475.0
851,planning,2036,reg2,Elec_transmission_distribution,Transmission,1225475.0
852,planning,2037,reg2,Elec_transmission_distribution,Transmission,1225475.0
853,planning,2038,reg2,Elec_transmission_distribution,Transmission,1225475.0
854,planning,2039,reg2,Elec_transmission_distribution,Transmission,1225475.0
855,planning,2040,reg2,Elec_transmission_distribution,Transmission,1225475.0
856,planning,2019,reg3,Kerosene_supply,Supply,1e+20
857,planning,2020,reg3,Kerosene_supply,Supply,1e+20
858,planning,2021,reg3,Kerosene_supply,Supply,1e+20
859,planning,2022,reg3,Kerosene_supply,Supply,1e+20
860,planning,2023,reg3,Kerosene_supply,Supply,1e+20
861,planning,2024,reg3,Kerosene_supply,Supply,1e+20
862,planning,2025,reg3,Kerosene_supply,Supply,1e+20
863,planning,2026,reg3,Kerosene_supply,Supply,1e+20
864,planning,2027,reg3,Kerosene_supply,Supply,1e+20
865,planning,2028,reg3,Kerosene_supply,Supply,1e+20
866,planning,2029,reg3,Kerosene_supply,Supply,1e+20
867,planning,2030,reg3,Kerosene_supply,Supply,1e+20
868,planning,2031,reg3,Kerosene_supply,Supply,1e+20
869,planning,2032,reg3,Kerosene_supply,Supply,1e+20
870,planning,2033,reg3,Kerosene_supply,Supply,1e+20
871,planning,2034,reg3,Kerosene_supply,Supply,1e+20
872,planning,2035,reg3,Kerosene_supply,Supply,1e+20
873,planning,2036,reg3,Kerosene_supply,Supply,1e+20
874,planning,2037,reg3,Kerosene_supply,Supply,1e+20
875,planning,2038,reg3,Kerosene_supply,Supply,1e+20
876,planning,2039,reg3,Kerosene_supply,Supply,1e+20
877,planning,2040,reg3,Kerosene_supply,Supply,1e+20
878,planning,2019,reg3,Oil_supply,Supply,1e+20
879,planning,2020,reg3,Oil_supply,Supply,1e+20
880,planning,2021,reg3,Oil_supply,Supply,1e+20
881,planning,2022,reg3,Oil_supply,Supply,1e+20
882,planning,2023,reg3,Oil_supply,Supply,1e+20
883,planning,2024,reg3,Oil_supply,Supply,1e+20
884,planning,2025,reg3,Oil_supply,Supply,1e+20
885,planning,2026,reg3,Oil_supply,Supply,1e+20
886,planning,2027,reg3,Oil_supply,Supply,1e+20
887,planning,2028,reg3,Oil_supply,Supply,1e+20
888,planning,2029,reg3,Oil_supply,Supply,1e+20
889,planning,2030,reg3,Oil_supply,Supply,1e+20
890,planning,2031,reg3,Oil_supply,Supply,1e+20
891,planning,2032,reg3,Oil_supply,Supply,1e+20
892,planning,2033,reg3,Oil_supply,Supply,1e+20
893,planning,2034,reg3,Oil_supply,Supply,1e+20
894,planning,2035,reg3,Oil_supply,Supply,1e+20
895,planning,2036,reg3,Oil_supply,Supply,1e+20
896,planning,2037,reg3,Oil_supply,Supply,1e+20
897,planning,2038,reg3,Oil_supply,Supply,1e+20
898,planning,2039,reg3,Oil_supply,Supply,1e+20
899,planning,2040,reg3,Oil_supply,Supply,1e+20
900,planning,2019,reg3,BW_supply,Supply,1e+20
901,planning,2020,reg3,BW_supply,Supply,1e+20
902,planning,2021,reg3,BW_supply,Supply,1e+20
903,planning,2022,reg3,BW_supply,Supply,1e+20
904,planning,2023,reg3,BW_supply,Supply,1e+20
905,planning,2024,reg3,BW_supply,Supply,1e+20
906,planning,2025,reg3,BW_supply,Supply,1e+20
907,planning,2026,reg3,BW_supply,Supply,1e+20
908,planning,2027,reg3,BW_supply,Supply,1e+20
909,planning,2028,reg3,BW_supply,Supply,1e+20
910,planning,2029,reg3,BW_supply,Supply,1e+20
911,planning,2030,reg3,BW_supply,Supply,1e+20
912,planning,2031,reg3,BW_supply,Supply,1e+20
913,planning,2032,reg3,BW_supply,Supply,1e+20
914,planning,2033,reg3,BW_supply,Supply,1e+20
915,planning,2034,reg3,BW_supply,Supply,1e+20
916,planning,2035,reg3,BW_supply,Supply,1e+20
917,planning,2036,reg3,BW_supply,Supply,1e+20
918,planning,2037,reg3,BW_supply,Supply,1e+20
919,planning,2038,reg3,BW_supply,Supply,1e+20
920,planning,2039,reg3,BW_supply,Supply,1e+20
921,planning,2040,reg3,BW_supply,Supply,1e+20
922,planning,2019,reg3,Diesel_supply,Supply,1e+20
923,planning,2020,reg3,Diesel_supply,Supply,1e+20
924,planning,2021,reg3,Diesel_supply,Supply,1e+20
925,planning,2022,reg3,Diesel_supply,Supply,1e+20
926,planning,2023,reg3,Diesel_supply,Supply,1e+20
927,planning,2024,reg3,Diesel_supply,Supply,1e+20
928,planning,2025,reg3,Diesel_supply,Supply,1e+20
929,planning,2026,reg3,Diesel_supply,Supply,1e+20
930,planning,2027,reg3,Diesel_supply,Supply,1e+20
931,planning,2028,reg3,Diesel_supply,Supply,1e+20
932,planning,2029,reg3,Diesel_supply,Supply,1e+20
933,planning,2030,reg3,Diesel_supply,Supply,1e+20
934,planning,2031,reg3,Diesel_supply,Supply,1e+20
935,planning,2032,reg3,Diesel_supply,Supply,1e+20
936,planning,2033,reg3,Diesel_supply,Supply,1e+20
937,planning,2034,reg3,Diesel_supply,Supply,1e+20
938,planning,2035,reg3,Diesel_supply,Supply,1e+20
939,planning,2036,reg3,Diesel_supply,Supply,1e+20
940,planning,2037,reg3,Diesel_supply,Supply,1e+20
941,planning,2038,reg3,Diesel_supply,Supply,1e+20
942,planning,2039,reg3,Diesel_supply,Supply,1e+20
943,planning,2040,reg3,Diesel_supply,Supply,1e+20
944,planning,2019,reg3,NG_supply,Supply,1e+20
945,planning,2020,reg3,NG_supply,Supply,1e+20
946,planning,2021,reg3,NG_supply,Supply,1e+20
947,planning,2022,reg3,NG_supply,Supply,1e+20
948,planning,2023,reg3,NG_supply,Supply,1e+20
949,planning,2024,reg3,NG_supply,Supply,1e+20
950,planning,2025,reg3,NG_supply,Supply,1e+20
951,planning,2026,reg3,NG_supply,Supply,1e+20
952,planning,2027,reg3,NG_supply,Supply,1e+20
953,planning,2028,reg3,NG_supply,Supply,1e+20
954,planning,2029,reg3,NG_supply,Supply,1e+20
955,planning,2030,reg3,NG_supply,Supply,1e+20
956,planning,2031,reg3,NG_supply,Supply,1e+20
957,planning,2032,reg3,NG_supply,Supply,1e+20
958,planning,2033,reg3,NG_supply,Supply,1e+20
959,planning,2034,reg3,NG_supply,Supply,1e+20
960,planning,2035,reg3,NG_supply,Supply,1e+20
961,planning,2036,reg3,NG_supply,Supply,1e+20
962,planning,2037,reg3,NG_supply,Supply,1e+20
963,planning,2038,reg3,NG_supply,Supply,1e+20
964,planning,2039,reg3,NG_supply,Supply,1e+20
965,planning,2040,reg3,NG_supply,Supply,1e+20
966,planning,2019,reg3,Geo_PP,Supply,0.0
967,planning,2020,reg3,Geo_PP,Supply,0.0
968,planning,2021,reg3,Geo_PP,Supply,0.0
969,planning,2022,reg3,Geo_PP,Supply,0.0
970,planning,2023,reg3,Geo_PP,Supply,0.0
971,planning,2024,reg3,Geo_PP,Supply,0.0
972,planning,2025,reg3,Geo_PP,Supply,0.0
973,planning,2026,reg3,Geo_PP,Supply,0.0
974,planning,2027,reg3,Geo_PP,Supply,0.0
975,planning,2028,reg3,Geo_PP,Supply,0.0
976,planning,2029,reg3,Geo_PP,Supply,0.0
977,planning,2030,reg3,Geo_PP,Supply,0.0
978,planning,2031,reg3,Geo_PP,Supply,0.0
979,planning,2032,reg3,Geo_PP,Supply,0.0
980,planning,2033,reg3,Geo_PP,Supply,0.0
981,planning,2034,reg3,Geo_PP,Supply,0.0
982,planning,2035,reg3,Geo_PP,Supply,0.0
983,planning,2036,reg3,Geo_PP,Supply,0.0
984,planning,2037,reg3,Geo_PP,Supply,0.0
985,planning,2038,reg3,Geo_PP,Supply,0.0
986,planning,2039,reg3,Geo_PP,Supply,0.0
987,planning,2040,reg3,Geo_PP,Supply,0.0
988,planning,2019,reg3,Solar_PV_PP,Supply,0.0
989,planning,2020,reg3,Solar_PV_PP,Supply,0.0
990,planning,2021,reg3,Solar_PV_PP,Supply,0.0
991,planning,2022,reg3,Solar_PV_PP,Supply,0.0
992,planning,2023,reg3,Solar_PV_PP,Supply,0.0
993,planning,2024,reg3,Solar_PV_PP,Supply,0.0
994,planning,2025,reg3,Solar_PV_PP,Supply,0.0
995,planning,2026,reg3,Solar_PV_PP,Supply,0.0
996,planning,2027,reg3,Solar_PV_PP,Supply,0.0
997,planning,2028,reg3,Solar_PV_PP,Supply,0.0
998,planning,2029,reg3,Solar_PV_PP,Supply,0.0
999,planning,2030,reg3,Solar_PV_PP,Supply,0.0
1000,planning,2031,reg3,Solar_PV_PP,Supply,0.0
1001,planning,2032,reg3,Solar_PV_PP,Supply,0.0
1002,planning,2033,reg3,Solar_PV_PP,Supply,0.0
1003,planning,2034,reg3,Solar_PV_PP,Supply,0.0
1004,planning,2035,reg3,Solar_PV_PP,Supply,0.0
1005,planning,2036,reg3,Solar_PV_PP,Supply,0.0
1006,planning,2037,reg3,Solar_PV_PP,Supply,0.0
1007,planning,2038,reg3,Solar_PV_PP,Supply,0.0
1008,planning,2039,reg3,Solar_PV_PP,Supply,0.0
1009,planning,2040,reg3,Solar_PV_PP,Supply,0.0
1010,planning,2019,reg3,Wind_PP,Supply,310000.0
1011,planning,2020,reg3,Wind_PP,Supply,310000.0
1012,planning,2021,reg3,Wind_PP,Supply,310000.0
1013,planning,2022,reg3,Wind_PP,Supply,310000.0
1014,planning,2023,reg3,Wind_PP,Supply,310000.0
1015,planning,2024,reg3,Wind_PP,Supply,310000.0
1016,planning,2025,reg3,Wind_PP,Supply,310000.0
1017,planning,2026,reg3,Wind_PP,Supply,310000.0
1018,planning,2027,reg3,Wind_PP,Supply,310000.0
1019,planning,2028,reg3,Wind_PP,Supply,310000.0
1020,planning,2029,reg3,Wind_PP,Supply,310000.0
1021,planning,2030,reg3,Wind_PP,Supply,310000.0
1022,planning,2031,reg3,Wind_PP,Supply,310000.0
1023,planning,2032,reg3,Wind_PP,Supply,310000.0
1024,planning,2033,reg3,Wind_PP,Supply,310000.0
1025,planning,2034,reg3,Wind_PP,Supply,310000.0
1026,planning,2035,reg3,Wind_PP,Supply,310000.0
1027,planning,2036,reg3,Wind_PP,Supply,310000.0
1028,planning,2037,reg3,Wind_PP,Supply,310000.0
1029,planning,2038,reg3,Wind_PP,Supply,310000.0
1030,planning,2039,reg3,Wind_PP,Supply,0.0
1031,planning,2040,reg3,Wind_PP,Supply,0.0
1032,planning,2019,reg3,S_ROR_Hydro_PP,Supply,0.0
1033,planning,2020,reg3,S_ROR_Hydro_PP,Supply,0.0
1034,planning,2021,reg3,S_ROR_Hydro_PP,Supply,0.0
1035,planning,2022,reg3,S_ROR_Hydro_PP,Supply,0.0
1036,planning,2023,reg3,S_ROR_Hydro_PP,Supply,0.0
1037,planning,2024,reg3,S_ROR_Hydro_PP,Supply,0.0
1038,planning,2025,reg3,S_ROR_Hydro_PP,Supply,0.0
1039,planning,2026,reg3,S_ROR_Hydro_PP,Supply,0.0
1040,planning,2027,reg3,S_ROR_Hydro_PP,Supply,0.0
1041,planning,2028,reg3,S_ROR_Hydro_PP,Supply,0.0
1042,planning,2029,reg3,S_ROR_Hydro_PP,Supply,0.0
1043,planning,2030,reg3,S_ROR_Hydro_PP,Supply,0.0
1044,planning,2031,reg3,S_ROR_Hydro_PP,Supply,0.0
1045,planning,2032,reg3,S_ROR_Hydro_PP,Supply,0.0
1046,planning,2033,reg3,S_ROR_Hydro_PP,Supply,0.0
1047,planning,2034,reg3,S_ROR_Hydro_PP,Supply,0.0
1048,planning,2035,reg3,S_ROR_Hydro_PP,Supply,0.0
1049,planning,2036,reg3,S_ROR_Hydro_PP,Supply,0.0
1050,planning,2037,reg3,S_ROR_Hydro_PP,Supply,0.0
1051,planning,2038,reg3,S_ROR_Hydro_PP,Supply,0.0
1052,planning,2039,reg3,S_ROR_Hydro_PP,Supply,0.0
1053,planning,2040,reg3,S_ROR_Hydro_PP,Supply,0.0
1054,planning,2019,reg3,L_ROR_Hydro_PP,Supply,80000.0
1055,planning,2020,reg3,L_ROR_Hydro_PP,Supply,80000.0
1056,planning,2021,reg3,L_ROR_Hydro_PP,Supply,80000.0
1057,planning,2022,reg3,L_ROR_Hydro_PP,Supply,80000.0
1058,planning,2023,reg3,L_ROR_Hydro_PP,Supply,80000.0
1059,planning,2024,reg3,L_ROR_Hydro_PP,Supply,80000.0
1060,planning,2025,reg3,L_ROR_Hydro_PP,Supply,80000.0
1061,planning,2026,reg3,L_ROR_Hydro_PP,Supply,80000.0
1062,planning,2027,reg3,L_ROR_Hydro_PP,Supply,80000.0
1063,planning,2028,reg3,L_ROR_Hydro_PP,Supply,80000.0
1064,planning,2029,reg3,L_ROR_Hydro_PP,Supply,80000.0
1065,planning,2030,reg3,L_ROR_Hydro_PP,Supply,80000.0
1066,planning,2031,reg3,L_ROR_Hydro_PP,Supply,80000.0
1067,planning,2032,reg3,L_ROR_Hydro_PP,Supply,80000.0
1068,planning,2033,reg3,L_ROR_Hydro_PP,Supply,80000.0
1069,planning,2034,reg3,L_ROR_Hydro_PP,Supply,80000.0
1070,planning,2035,reg3,L_ROR_Hydro_PP,Supply,80000.0
1071,planning,2036,reg3,L_ROR_Hydro_PP,Supply,80000.0
1072,planning,2037,reg3,L_ROR_Hydro_PP,Supply,80000.0
1073,planning,2038,reg3,L_ROR_Hydro_PP,Supply,20000.0
1074,planning,2039,reg3,L_ROR_Hydro_PP,Supply,20000.0
1075,planning,2040,reg3,L_ROR_Hydro_PP,Supply,20000.0
1076,planning,2019,reg3,L_DAM_Hydro_PP,Supply,105000.0
1077,planning,2020,reg3,L_DAM_Hydro_PP,Supply,105000.0
1078,planning,2021,reg3,L_DAM_Hydro_PP,Supply,105000.0
1079,planning,2022,reg3,L_DAM_Hydro_PP,Supply,105000.0
1080,planning,2023,reg3,L_DAM_Hydro_PP,Supply,105000.0
1081,planning,2024,reg3,L_DAM_Hydro_PP,Supply,105000.0
1082,planning,2025,reg3,L_DAM_Hydro_PP,Supply,105000.0
1083,planning,2026,reg3,L_DAM_Hydro_PP,Supply,105000.0
1084,planning,2027,reg3,L_DAM_Hydro_PP,Supply,105000.0
1085,planning,2028,reg3,L_DAM_Hydro_PP,Supply,105000.0
1086,planning,2029,reg3,L_DAM_Hydro_PP,Supply,105000.0
1087,planning,2030,reg3,L_DAM_Hydro_PP,Supply,105000.0
1088,planning,2031,reg3,L_DAM_Hydro_PP,Supply,105000.0
1089,planning,2032,reg3,L_DAM_Hydro_PP,Supply,105000.0
1090,planning,2033,reg3,L_DAM_Hydro_PP,Supply,105000.0
1091,planning,2034,reg3,L_DAM_Hydro_PP,Supply,105000.0
1092,planning,2035,reg3,L_DAM_Hydro_PP,Supply,105000.0
1093,planning,2036,reg3,L_DAM_Hydro_PP,Supply,105000.0
1094,planning,2037,reg3,L_DAM_Hydro_PP,Supply,105000.0
1095,planning,2038,reg3,L_DAM_Hydro_PP,Supply,105000.0
1096,planning,2039,reg3,L_DAM_Hydro_PP,Supply,105000.0
1097,planning,2040,reg3,L_DAM_Hydro_PP,Supply,105000.0
1098,planning,2019,reg3,HFO_PP,Conversion,0.0
1099,planning,2020,reg3,HFO_PP,Conversion,0.0
1100,planning,2021,reg3,HFO_PP,Conversion,0.0
1101,planning,2022,reg3,HFO_PP,Conversion,0.0
1102,planning,2023,reg3,HFO_PP,Conversion,0.0
1103,planning,2024,reg3,HFO_PP,Conversion,0.0
1104,planning,2025,reg3,HFO_PP,Conversion,0.0
1105,planning,2026,reg3,HFO_PP,Conversion,0.0
1106,planning,2027,reg3,HFO_PP,Conversion,0.0
1107,planning,2028,reg3,HFO_PP,Conversion,0.0
1108,planning,2029,reg3,HFO_PP,Conversion,0.0
1109,planning,2030,reg3,HFO_PP,Conversion,0.0
1110,planning,2031,reg3,HFO_PP,Conversion,0.0
1111,planning,2032,reg3,HFO_PP,Conversion,0.0
1112,planning,2033,reg3,HFO_PP,Conversion,0.0
1113,planning,2034,reg3,HFO_PP,Conversion,0.0
1114,planning,2035,reg3,HFO_PP,Conversion,0.0
1115,planning,2036,reg3,HFO_PP,Conversion,0.0
1116,planning,2037,reg3,HFO_PP,Conversion,0.0
1117,planning,2038,reg3,HFO_PP,Conversion,0.0
1118,planning,2039,reg3,HFO_PP,Conversion,0.0
1119,planning,2040,reg3,HFO_PP,Conversion,0.0
1120,planning,2019,reg3,HFO_CC_PP,Conversion,0.0
1121,planning,2020,reg3,HFO_CC_PP,Conversion,0.0
1122,planning,2021,reg3,HFO_CC_PP,Conversion,0.0
1123,planning,2022,reg3,HFO_CC_PP,Conversion,0.0
1124,planning,2023,reg3,HFO_CC_PP,Conversion,0.0
1125,planning,2024,reg3,HFO_CC_PP,Conversion,0.0
1126,planning,2025,reg3,HFO_CC_PP,Conversion,0.0
1127,planning,2026,reg3,HFO_CC_PP,Conversion,0.0
1128,planning,2027,reg3,HFO_CC_PP,Conversion,0.0
1129,planning,2028,reg3,HFO_CC_PP,Conversion,0.0
1130,planning,2029,reg3,HFO_CC_PP,Conversion,0.0
1131,planning,2030,reg3,HFO_CC_PP,Conversion,0.0
1132,planning,2031,reg3,HFO_CC_PP,Conversion,0.0
1133,planning,2032,reg3,HFO_CC_PP,Conversion,0.0
1134,planning,2033,reg3,HFO_CC_PP,Conversion,0.0
1135,planning,2034,reg3,HFO_CC_PP,Conversion,0.0
1136,planning,2035,reg3,HFO_CC_PP,Conversion,0.0
1137,planning,2036,reg3,HFO_CC_PP,Conversion,0.0
1138,planning,2037,reg3,HFO_CC_PP,Conversion,0.0
1139,planning,2038,reg3,HFO_CC_PP,Conversion,0.0
1140,planning,2039,reg3,HFO_CC_PP,Conversion,0.0
1141,planning,2040,reg3,HFO_CC_PP,Conversion,0.0
1142,planning,2019,reg3,KGT_PP,Conversion,56000.0
1143,planning,2020,reg3,KGT_PP,Conversion,56000.0
1144,planning,2021,reg3,KGT_PP,Conversion,56000.0
1145,planning,2022,reg3,KGT_PP,Conversion,56000.0
1146,planning,2023,reg3,KGT_PP,Conversion,0.0
1147,planning,2024,reg3,KGT_PP,Conversion,0.0
1148,planning,2025,reg3,KGT_PP,Conversion,0.0
1149,planning,2026,reg3,KGT_PP,Conversion,0.0
1150,planning,2027,reg3,KGT_PP,Conversion,0.0
1151,planning,2028,reg3,KGT_PP,Conversion,0.0
1152,planning,2029,reg3,KGT_PP,Conversion,0.0
1153,planning,2030,reg3,KGT_PP,Conversion,0.0
1154,planning,2031,reg3,KGT_PP,Conversion,0.0
1155,planning,2032,reg3,KGT_PP,Conversion,0.0
1156,planning,2033,reg3,KGT_PP,Conversion,0.0
1157,planning,2034,reg3,KGT_PP,Conversion,0.0
1158,planning,2035,reg3,KGT_PP,Conversion,0.0
1159,planning,2036,reg3,KGT_PP,Conversion,0.0
1160,planning,2037,reg3,KGT_PP,Conversion,0.0
1161,planning,2038,reg3,KGT_PP,Conversion,0.0
1162,planning,2039,reg3,KGT_PP,Conversion,0.0
1163,planning,2040,reg3,KGT_PP,Conversion,0.0
1164,planning,2019,reg3,BW_PP,Conversion,68500.0
1165,planning,2020,reg3,BW_PP,Conversion,68500.0
1166,planning,2021,reg3,BW_PP,Conversion,68500.0
1167,planning,2022,reg3,BW_PP,Conversion,68500.0
1168,planning,2023,reg3,BW_PP,Conversion,68500.0
1169,planning,2024,reg3,BW_PP,Conversion,68500.0
1170,planning,2025,reg3,BW_PP,Conversion,68500.0
1171,planning,2026,reg3,BW_PP,Conversion,68500.0
1172,planning,2027,reg3,BW_PP,Conversion,68500.0
1173,planning,2028,reg3,BW_PP,Conversion,68500.0
1174,planning,2029,reg3,BW_PP,Conversion,68500.0
1175,planning,2030,reg3,BW_PP,Conversion,68500.0
1176,planning,2031,reg3,BW_PP,Conversion,68500.0
1177,planning,2032,reg3,BW_PP,Conversion,68500.0
1178,planning,2033,reg3,BW_PP,Conversion,68500.0
1179,planning,2034,reg3,BW_PP,Conversion,68500.0
1180,planning,2035,reg3,BW_PP,Conversion,68500.0
1181,planning,2036,reg3,BW_PP,Conversion,68500.0
1182,planning,2037,reg3,BW_PP,Conversion,68500.0
1183,planning,2038,reg3,BW_PP,Conversion,25000.0
1184,planning,2039,reg3,BW_PP,Conversion,25000.0
1185,planning,2040,reg3,BW_PP,Conversion,25000.0
1186,planning,2019,reg3,Diesel_engine_pp,Conversion,0.0
1187,planning,2020,reg3,Diesel_engine_pp,Conversion,0.0
1188,planning,2021,reg3,Diesel_engine_pp,Conversion,0.0
1189,planning,2022,reg3,Diesel_engine_pp,Conversion,0.0
1190,planning,2023,reg3,Diesel_engine_pp,Conversion,0.0
1191,planning,2024,reg3,Diesel_engine_pp,Conversion,0.0
1192,planning,2025,reg3,Diesel_engine_pp,Conversion,0.0
1193,planning,2026,reg3,Diesel_engine_pp,Conversion,0.0
1194,planning,2027,reg3,Diesel_engine_pp,Conversion,0.0
1195,planning,2028,reg3,Diesel_engine_pp,Conversion,0.0
1196,planning,2029,reg3,Diesel_engine_pp,Conversion,0.0
1197,planning,2030,reg3,Diesel_engine_pp,Conversion,0.0
1198,planning,2031,reg3,Diesel_engine_pp,Conversion,0.0
1199,planning,2032,reg3,Diesel_engine_pp,Conversion,0.0
1200,planning,2033,reg3,Diesel_engine_pp,Conversion,0.0
1201,planning,2034,reg3,Diesel_engine_pp,Conversion,0.0
1202,planning,2035,reg3,Diesel_engine_pp,Conversion,0.0
1203,planning,2036,reg3,Diesel_engine_pp,Conversion,0.0
1204,planning,2037,reg3,Diesel_engine_pp,Conversion,0.0
1205,planning,2038,reg3,Diesel_engine_pp,Conversion,0.0
1206,planning,2039,reg3,Diesel_engine_pp,Conversion,0.0
1207,planning,2040,reg3,Diesel_engine_pp,Conversion,0.0
1208,planning,2019,reg3,LNG_GT_CC_pp,Conversion,0.0
1209,planning,2020,reg3,LNG_GT_CC_pp,Conversion,0.0
1210,planning,2021,reg3,LNG_GT_CC_pp,Conversion,0.0
1211,planning,2022,reg3,LNG_GT_CC_pp,Conversion,0.0
1212,planning,2023,reg3,LNG_GT_CC_pp,Conversion,0.0
1213,planning,2024,reg3,LNG_GT_CC_pp,Conversion,0.0
1214,planning,2025,reg3,LNG_GT_CC_pp,Conversion,0.0
1215,planning,2026,reg3,LNG_GT_CC_pp,Conversion,0.0
1216,planning,2027,reg3,LNG_GT_CC_pp,Conversion,0.0
1217,planning,2028,reg3,LNG_GT_CC_pp,Conversion,0.0
1218,planning,2029,reg3,LNG_GT_CC_pp,Conversion,8355.974033881825
1219,planning,2030,reg3,LNG_GT_CC_pp,Conversion,15379.920670502306
1220,planning,2031,reg3,LNG_GT_CC_pp,Conversion,15379.920670502306
1221,planning,2032,reg3,LNG_GT_CC_pp,Conversion,22212.46818668153
1222,planning,2033,reg3,LNG_GT_CC_pp,Conversion,63340.80001189386
1223,planning,2034,reg3,LNG_GT_CC_pp,Conversion,63340.80001189386
1224,planning,2035,reg3,LNG_GT_CC_pp,Conversion,63340.80001189386
1225,planning,2036,reg3,LNG_GT_CC_pp,Conversion,63340.80001189386
1226,planning,2037,reg3,LNG_GT_CC_pp,Conversion,96680.0156884898
1227,planning,2038,reg3,LNG_GT_CC_pp,Conversion,150040.1223773327
1228,planning,2039,reg3,LNG_GT_CC_pp,Conversion,150040.1223773327
1229,planning,2040,reg3,LNG_GT_CC_pp,Conversion,150040.1223773327
1230,planning,2019,reg3,Elec_transmission_distribution,Transmission,2011355.0
1231,planning,2020,reg3,Elec_transmission_distribution,Transmission,2011355.0
1232,planning,2021,reg3,Elec_transmission_distribution,Transmission,2011355.0
1233,planning,2022,reg3,Elec_transmission_distribution,Transmission,2011355.0
1234,planning,2023,reg3,Elec_transmission_distribution,Transmission,2011355.0
1235,planning,2024,reg3,Elec_transmission_distribution,Transmission,2011355.0
1236,planning,2025,reg3,Elec_transmission_distribution,Transmission,2011355.0
1237,planning,2026,reg3,Elec_transmission_distribution,Transmission,2011355.0
1238,planning,2027,reg3,Elec_transmission_distribution,Transmission,2011355.0
1239,planning,2028,reg3,Elec_transmission_distribution,Transmission,2011355.0
1240,planning,2029,reg3,Elec_transmission_distribution,Transmission,2011355.0
1241,planning,2030,reg3,Elec_transmission_distribution,Transmission,2011355.0
1242,planning,2031,reg3,Elec_transmission_distribution,Transmission,2011355.0
1243,planning,2032,reg3,Elec_transmission_distribution,Transmission,2011355.0
1244,planning,2033,reg3,Elec_transmission_distribution,Transmission,2011355.0
1245,planning,2034,reg3,Elec_transmission_distribution,Transmission,2011355.0
1246,planning,2035,reg3,Elec_transmission_distribution,Transmission,2011355.0
1247,planning,2036,reg3,Elec_transmission_distribution,Transmission,2011355.0
1248,planning,2037,reg3,Elec_transmission_distribution,Transmission,2011355.0
1249,planning,2038,reg3,Elec_transmission_distribution,Transmission,2011355.0
1250,planning,2039,reg3,Elec_transmission_distribution,Transmission,2011355.0
1251,planning,2040,reg3,Elec_transmission_distribution,Transmission,2011355.0
1252,planning,2019,reg4,Kerosene_supply,Supply,1e+20
1253,planning,2020,reg4,Kerosene_supply,Supply,1e+20
1254,planning,2021,reg4,Kerosene_supply,Supply,1e+20
1255,planning,2022,reg4,Kerosene_supply,Supply,1e+20
1256,planning,2023,reg4,Kerosene_supply,Supply,1e+20
1257,planning,2024,reg4,Kerosene_supply,Supply,1e+20
1258,planning,2025,reg4,Kerosene_supply,Supply,1e+20
1259,planning,2026,reg4,Kerosene_supply,Supply,1e+20
1260,planning,2027,reg4,Kerosene_supply,Supply,1e+20
1261,planning,2028,reg4,Kerosene_supply,Supply,1e+20
1262,planning,2029,reg4,Kerosene_supply,Supply,1e+20
1263,planning,2030,reg4,Kerosene_supply,Supply,1e+20
1264,planning,2031,reg4,Kerosene_supply,Supply,1e+20
1265,planning,2032,reg4,Kerosene_supply,Supply,1e+20
1266,planning,2033,reg4,Kerosene_supply,Supply,1e+20
1267,planning,2034,reg4,Kerosene_supply,Supply,1e+20
1268,planning,2035,reg4,Kerosene_supply,Supply,1e+20
1269,planning,2036,reg4,Kerosene_supply,Supply,1e+20
1270,planning,2037,reg4,Kerosene_supply,Supply,1e+20
1271,planning,2038,reg4,Kerosene_supply,Supply,1e+20
1272,planning,2039,reg4,Kerosene_supply,Supply,1e+20
1273,planning,2040,reg4,Kerosene_supply,Supply,1e+20
1274,planning,2019,reg4,Oil_supply,Supply,1e+20
1275,planning,2020,reg4,Oil_supply,Supply,1e+20
1276,planning,2021,reg4,Oil_supply,Supply,1e+20
1277,planning,2022,reg4,Oil_supply,Supply,1e+20
1278,planning,2023,reg4,Oil_supply,Supply,1e+20
1279,planning,2024,reg4,Oil_supply,Supply,1e+20
1280,planning,2025,reg4,Oil_supply,Supply,1e+20
1281,planning,2026,reg4,Oil_supply,Supply,1e+20
1282,planning,2027,reg4,Oil_supply,Supply,1e+20
1283,planning,2028,reg4,Oil_supply,Supply,1e+20
1284,planning,2029,reg4,Oil_supply,Supply,1e+20
1285,planning,2030,reg4,Oil_supply,Supply,1e+20
1286,planning,2031,reg4,Oil_supply,Supply,1e+20
1287,planning,2032,reg4,Oil_supply,Supply,1e+20
1288,planning,2033,reg4,Oil_supply,Supply,1e+20
1289,planning,2034,reg4,Oil_supply,Supply,1e+20
1290,planning,2035,reg4,Oil_supply,Supply,1e+20
1291,planning,2036,reg4,Oil_supply,Supply,1e+20
1292,planning,2037,reg4,Oil_supply,Supply,1e+20
1293,planning,2038,reg4,Oil_supply,Supply,1e+20
1294,planning,2039,reg4,Oil_supply,Supply,1e+20
1295,planning,2040,reg4,Oil_supply,Supply,1e+20
1296,planning,2019,reg4,BW_supply,Supply,1e+20
1297,planning,2020,reg4,BW_supply,Supply,1e+20
1298,planning,2021,reg4,BW_supply,Supply,1e+20
1299,planning,2022,reg4,BW_supply,Supply,1e+20
1300,planning,2023,reg4,BW_supply,Supply,1e+20
1301,planning,2024,reg4,BW_supply,Supply,1e+20
1302,planning,2025,reg4,BW_supply,Supply,1e+20
1303,planning,2026,reg4,BW_supply,Supply,1e+20
1304,planning,2027,reg4,BW_supply,Supply,1e+20
1305,planning,2028,reg4,BW_supply,Supply,1e+20
1306,planning,2029,reg4,BW_supply,Supply,1e+20
1307,planning,2030,reg4,BW_supply,Supply,1e+20
1308,planning,2031,reg4,BW_supply,Supply,1e+20
1309,planning,2032,reg4,BW_supply,Supply,1e+20
1310,planning,2033,reg4,BW_supply,Supply,1e+20
1311,planning,2034,reg4,BW_supply,Supply,1e+20
1312,planning,2035,reg4,BW_supply,Supply,1e+20
1313,planning,2036,reg4,BW_supply,Supply,1e+20
1314,planning,2037,reg4,BW_supply,Supply,1e+20
1315,planning,2038,reg4,BW_supply,Supply,1e+20
1316,planning,2039,reg4,BW_supply,Supply,1e+20
1317,planning,2040,reg4,BW_supply,Supply,1e+20
1318,planning,2019,reg4,Diesel_supply,Supply,1e+20
1319,planning,2020,reg4,Diesel_supply,Supply,1e+20
1320,planning,2021,reg4,Diesel_supply,Supply,1e+20
1321,planning,2022,reg4,Diesel_supply,Supply,1e+20
1322,planning,2023,reg4,Diesel_supply,Supply,1e+20
1323,planning,2024,reg4,Diesel_supply,Supply,1e+20
1324,planning,2025,reg4,Diesel_supply,Supply,1e+20
1325,planning,2026,reg4,Diesel_supply,Supply,1e+20
1326,planning,2027,reg4,Diesel_supply,Supply,1e+20
1327,planning,2028,reg4,Diesel_supply,Supply,1e+20
1328,planning,2029,reg4,Diesel_supply,Supply,1e+20
1329,planning,2030,reg4,Diesel_supply,Supply,1e+20
1330,planning,2031,reg4,Diesel_supply,Supply,1e+20
1331,planning,2032,reg4,Diesel_supply,Supply,1e+20
1332,planning,2033,reg4,Diesel_supply,Supply,1e+20
1333,planning,2034,reg4,Diesel_supply,Supply,1e+20
1334,planning,2035,reg4,Diesel_supply,Supply,1e+20
1335,planning,2036,reg4,Diesel_supply,Supply,1e+20
1336,planning,2037,reg4,Diesel_supply,Supply,1e+20
1337,planning,2038,reg4,Diesel_supply,Supply,1e+20
1338,planning,2039,reg4,Diesel_supply,Supply,1e+20
1339,planning,2040,reg4,Diesel_supply,Supply,1e+20
1340,planning,2019,reg4,NG_supply,Supply,1e+20
1341,planning,2020,reg4,NG_supply,Supply,1e+20
1342,planning,2021,reg4,NG_supply,Supply,1e+20
1343,planning,2022,reg4,NG_supply,Supply,1e+20
1344,planning,2023,reg4,NG_supply,Supply,1e+20
1345,planning,2024,reg4,NG_supply,Supply,1e+20
1346,planning,2025,reg4,NG_supply,Supply,1e+20
1347,planning,2026,reg4,NG_supply,Supply,1e+20
1348,planning,2027,reg4,NG_supply,Supply,1e+20
1349,planning,2028,reg4,NG_supply,Supply,1e+20
1350,planning,2029,reg4,NG_supply,Supply,1e+20
1351,planning,2030,reg4,NG_supply,Supply,1e+20
1352,planning,2031,reg4,NG_supply,Supply,1e+20
1353,planning,2032,reg4,NG_supply,Supply,1e+20
1354,planning,2033,reg4,NG_supply,Supply,1e+20
1355,planning,2034,reg4,NG_supply,Supply,1e+20
1356,planning,2035,reg4,NG_supply,Supply,1e+20
1357,planning,2036,reg4,NG_supply,Supply,1e+20
1358,planning,2037,reg4,NG_supply,Supply,1e+20
1359,planning,2038,reg4,NG_supply,Supply,1e+20
1360,planning,2039,reg4,NG_supply,Supply,1e+20
1361,planning,2040,reg4,NG_supply,Supply,1e+20
1362,planning,2019,reg4,Geo_PP,Supply,0.0
1363,planning,2020,reg4,Geo_PP,Supply,0.0
1364,planning,2021,reg4,Geo_PP,Supply,0.0
1365,planning,2022,reg4,Geo_PP,Supply,0.0
1366,planning,2023,reg4,Geo_PP,Supply,0.0
1367,planning,2024,reg4,Geo_PP,Supply,0.0
1368,planning,2025,reg4,Geo_PP,Supply,0.0
1369,planning,2026,reg4,Geo_PP,Supply,0.0
1370,planning,2027,reg4,Geo_PP,Supply,0.0
1371,planning,2028,reg4,Geo_PP,Supply,0.0
1372,planning,2029,reg4,Geo_PP,Supply,0.0
1373,planning,2030,reg4,Geo_PP,Supply,0.0
1374,planning,2031,reg4,Geo_PP,Supply,0.0
1375,planning,2032,reg4,Geo_PP,Supply,0.0
1376,planning,2033,reg4,Geo_PP,Supply,0.0
1377,planning,2034,reg4,Geo_PP,Supply,0.0
1378,planning,2035,reg4,Geo_PP,Supply,0.0
1379,planning,2036,reg4,Geo_PP,Supply,0.0
1380,planning,2037,reg4,Geo_PP,Supply,0.0
1381,planning,2038,reg4,Geo_PP,Supply,0.0
1382,planning,2039,reg4,Geo_PP,Supply,0.0
1383,planning,2040,reg4,Geo_PP,Supply,0.0
1384,planning,2019,reg4,Solar_PV_PP,Supply,0.0
1385,planning,2020,reg4,Solar_PV_PP,Supply,0.0
1386,planning,2021,reg4,Solar_PV_PP,Supply,0.0
1387,planning,2022,reg4,Solar_PV_PP,Supply,0.0
1388,planning,2023,reg4,Solar_PV_PP,Supply,0.0
1389,planning,2024,reg4,Solar_PV_PP,Supply,0.0
1390,planning,2025,reg4,Solar_PV_PP,Supply,0.0
1391,planning,2026,reg4,Solar_PV_PP,Supply,0.0
1392,planning,2027,reg4,Solar_PV_PP,Supply,0.0
1393,planning,2028,reg4,Solar_PV_PP,Supply,0.0
1394,planning,2029,reg4,Solar_PV_PP,Supply,0.0
1395,planning,2030,reg4,Solar_PV_PP,Supply,0.0
1396,planning,2031,reg4,Solar_PV_PP,Supply,0.0
1397,planning,2032,reg4,Solar_PV_PP,Supply,0.0
1398,planning,2033,reg4,Solar_PV_PP,Supply,0.0
1399,planning,2034,reg4,Solar_PV_PP,Supply,0.0
1400,planning,2035,reg4,Solar_PV_PP,Supply,0.0
1401,planning,2036,reg4,Solar_PV_PP,Supply,0.0
1402,planning,2037,reg4,Solar_PV_PP,Supply,0.0
1403,planning,2038,reg4,Solar_PV_PP,Supply,0.0
1404,planning,2039,reg4,Solar_PV_PP,Supply,0.0
1405,planning,2040,reg4,Solar_PV_PP,Supply,0.0
1406,planning,2019,reg4,Wind_PP,Supply,0.0
1407,planning,2020,reg4,Wind_PP,Supply,0.0
1408,planning,2021,reg4,Wind_PP,Supply,0.0
1409,planning,2022,reg4,Wind_PP,Supply,0.0
1410,planning,2023,reg4,Wind_PP,Supply,0.0
1411,planning,2024,reg4,Wind_PP,Supply,0.0
1412,planning,2025,reg4,Wind_PP,Supply,0.0
1413,planning,2026,reg4,Wind_PP,Supply,0.0
1414,planning,2027,reg4,Wind_PP,Supply,0.0
1415,planning,2028,reg4,Wind_PP,Supply,0.0
1416,planning,2029,reg4,Wind_PP,Supply,0.0
1417,planning,2030,reg4,Wind_PP,Supply,0.0
1418,planning,2031,reg4,Wind_PP,Supply,0.0
1419,planning,2032,reg4,Wind_PP,Supply,0.0
1420,planning,2033,reg4,Wind_PP,Supply,0.0
1421,planning,2034,reg4,Wind_PP,Supply,0.0
1422,planning,2035,reg4,Wind_PP,Supply,0.0
1423,planning,2036,reg4,Wind_PP,Supply,0.0
1424,planning,2037,reg4,Wind_PP,Supply,0.0
1425,planning,2038,reg4,Wind_PP,Supply,0.0
1426,planning,2039,reg4,Wind_PP,Supply,0.0
1427,planning,2040,reg4,Wind_PP,Supply,0.0
1428,planning,2019,reg4,S_ROR_Hydro_PP,Supply,7400.0
1429,planning,2020,reg4,S_ROR_Hydro_PP,Supply,0.0
1430,planning,2021,reg4,S_ROR_Hydro_PP,Supply,0.0
1431,planning,2022,reg4,S_ROR_Hydro_PP,Supply,0.0
1432,planning,2023,reg4,S_ROR_Hydro_PP,Supply,0.0
1433,planning,2024,reg4,S_ROR_Hydro_PP,Supply,0.0
1434,planning,2025,reg4,S_ROR_Hydro_PP,Supply,0.0
1435,planning,2026,reg4,S_ROR_Hydro_PP,Supply,0.0
1436,planning,2027,reg4,S_ROR_Hydro_PP,Supply,0.0
1437,planning,2028,reg4,S_ROR_Hydro_PP,Supply,0.0
1438,planning,2029,reg4,S_ROR_Hydro_PP,Supply,0.0
1439,planning,2030,reg4,S_ROR_Hydro_PP,Supply,0.0
1440,planning,2031,reg4,S_ROR_Hydro_PP,Supply,0.0
1441,planning,2032,reg4,S_ROR_Hydro_PP,Supply,0.0
1442,planning,2033,reg4,S_ROR_Hydro_PP,Supply,0.0
1443,planning,2034,reg4,S_ROR_Hydro_PP,Supply,0.0
1444,planning,2035,reg4,S_ROR_Hydro_PP,Supply,0.0
1445,planning,2036,reg4,S_ROR_Hydro_PP,Supply,0.0
1446,planning,2037,reg4,S_ROR_Hydro_PP,Supply,0.0
1447,planning,2038,reg4,S_ROR_Hydro_PP,Supply,0.0
1448,planning,2039,reg4,S_ROR_Hydro_PP,Supply,0.0
1449,planning,2040,reg4,S_ROR_Hydro_PP,Supply,0.0
1450,planning,2019,reg4,L_ROR_Hydro_PP,Supply,20000.0
1451,planning,2020,reg4,L_ROR_Hydro_PP,Supply,0.0
1452,planning,2021,reg4,L_ROR_Hydro_PP,Supply,0.0
1453,planning,2022,reg4,L_ROR_Hydro_PP,Supply,0.0
1454,planning,2023,reg4,L_ROR_Hydro_PP,Supply,0.0
1455,planning,2024,reg4,L_ROR_Hydro_PP,Supply,0.0
1456,planning,2025,reg4,L_ROR_Hydro_PP,Supply,0.0
1457,planning,2026,reg4,L_ROR_Hydro_PP,Supply,0.0
1458,planning,2027,reg4,L_ROR_Hydro_PP,Supply,0.0
1459,planning,2028,reg4,L_ROR_Hydro_PP,Supply,0.0
1460,planning,2029,reg4,L_ROR_Hydro_PP,Supply,0.0
1461,planning,2030,reg4,L_ROR_Hydro_PP,Supply,0.0
1462,planning,2031,reg4,L_ROR_Hydro_PP,Supply,0.0
1463,planning,2032,reg4,L_ROR_Hydro_PP,Supply,0.0
1464,planning,2033,reg4,L_ROR_Hydro_PP,Supply,0.0
1465,planning,2034,reg4,L_ROR_Hydro_PP,Supply,0.0
1466,planning,2035,reg4,L_ROR_Hydro_PP,Supply,0.0
1467,planning,2036,reg4,L_ROR_Hydro_PP,Supply,0.0
1468,planning,2037,reg4,L_ROR_Hydro_PP,Supply,0.0
1469,planning,2038,reg4,L_ROR_Hydro_PP,Supply,0.0
1470,planning,2039,reg4,L_ROR_Hydro_PP,Supply,0.0
1471,planning,2040,reg4,L_ROR_Hydro_PP,Supply,0.0
1472,planning,2019,reg4,L_DAM_Hydro_PP,Supply,578000.0
1473,planning,2020,reg4,L_DAM_Hydro_PP,Supply,1001794.9378318884
1474,planning,2021,reg4,L_DAM_Hydro_PP,Supply,1224376.104623134
1475,planning,2022,reg4,L_DAM_Hydro_PP,Supply,1446957.2714143798
1476,planning,2023,reg4,L_DAM_Hydro_PP,Supply,1669538.4382056245
1477,planning,2024,reg4,L_DAM_Hydro_PP,Supply,1892119.604996868
1478,planning,2025,reg4,L_DAM_Hydro_PP,Supply,2199441.16732043
1479,planning,2026,reg4,L_DAM_Hydro_PP,Supply,2425900.601113047
1480,planning,2027,reg4,L_DAM_Hydro_PP,Supply,2648668.4528827257
1481,planning,2028,reg4,L_DAM_Hydro_PP,Supply,2871436.304652405
1482,planning,2029,reg4,L_DAM_Hydro_PP,Supply,3098745.51933005
1483,planning,2030,reg4,L_DAM_Hydro_PP,Supply,3321513.371099728
1484,planning,2031,reg4,L_DAM_Hydro_PP,Supply,4625917.563726112
1485,planning,2032,reg4,L_DAM_Hydro_PP,Supply,5930321.756352495
1486,planning,2033,reg4,L_DAM_Hydro_PP,Supply,7234725.948978875
1487,planning,2034,reg4,L_DAM_Hydro_PP,Supply,8542705.116022686
1488,planning,2035,reg4,L_DAM_Hydro_PP,Supply,9876715.256399348
1489,planning,2036,reg4,L_DAM_Hydro_PP,Supply,11195787.28865416
1490,planning,2037,reg4,L_DAM_Hydro_PP,Supply,12514859.320908992
1491,planning,2038,reg4,L_DAM_Hydro_PP,Supply,13878869.496149745
1492,planning,2039,reg4,L_DAM_Hydro_PP,Supply,15492958.263384376
1493,planning,2040,reg4,L_DAM_Hydro_PP,Supply,16327281.872928118
1494,planning,2019,reg4,HFO_PP,Conversion,0.0
1495,planning,2020,reg4,HFO_PP,Conversion,0.0
1496,planning,2021,reg4,HFO_PP,Conversion,0.0
1497,planning,2022,reg4,HFO_PP,Conversion,0.0
1498,planning,2023,reg4,HFO_PP,Conversion,0.0
1499,planning,2024,reg4,HFO_PP,Conversion,0.0
1500,planning,2025,reg4,HFO_PP,Conversion,0.0
1501,planning,2026,reg4,HFO_PP,Conversion,0.0
1502,planning,2027,reg4,HFO_PP,Conversion,0.0
1503,planning,2028,reg4,HFO_PP,Conversion,0.0
1504,planning,2029,reg4,HFO_PP,Conversion,0.0
1505,planning,2030,reg4,HFO_PP,Conversion,0.0
1506,planning,2031,reg4,HFO_PP,Conversion,0.0
1507,planning,2032,reg4,HFO_PP,Conversion,0.0
1508,planning,2033,reg4,HFO_PP,Conversion,0.0
1509,planning,2034,reg4,HFO_PP,Conversion,0.0
1510,planning,2035,reg4,HFO_PP,Conversion,0.0
1511,planning,2036,reg4,HFO_PP,Conversion,0.0
1512,planning,2037,reg4,HFO_PP,Conversion,0.0
1513,planning,2038,reg4,HFO_PP,Conversion,0.0
1514,planning,2039,reg4,HFO_PP,Conversion,0.0
1515,planning,2040,reg4,HFO_PP,Conversion,0.0
1516,planning,2019,reg4,HFO_CC_PP,Conversion,0.0
1517,planning,2020,reg4,HFO_CC_PP,Conversion,0.0
1518,planning,2021,reg4,HFO_CC_PP,Conversion,0.0
1519,planning,2022,reg4,HFO_CC_PP,Conversion,0.0
1520,planning,2023,reg4,HFO_CC_PP,Conversion,0.0
1521,planning,2024,reg4,HFO_CC_PP,Conversion,0.0
1522,planning,2025,reg4,HFO_CC_PP,Conversion,0.0
1523,planning,2026,reg4,HFO_CC_PP,Conversion,0.0
1524,planning,2027,reg4,HFO_CC_PP,Conversion,0.0
1525,planning,2028,reg4,HFO_CC_PP,Conversion,0.0
1526,planning,2029,reg4,HFO_CC_PP,Conversion,0.0
1527,planning,2030,reg4,HFO_CC_PP,Conversion,0.0
1528,planning,2031,reg4,HFO_CC_PP,Conversion,0.0
1529,planning,2032,reg4,HFO_CC_PP,Conversion,0.0
1530,planning,2033,reg4,HFO_CC_PP,Conversion,0.0
1531,planning,2034,reg4,HFO_CC_PP,Conversion,0.0
1532,planning,2035,reg4,HFO_CC_PP,Conversion,0.0
1533,planning,2036,reg4,HFO_CC_PP,Conversion,0.0
1534,planning,2037,reg4,HFO_CC_PP,Conversion,0.0
1535,planning,2038,reg4,HFO_CC_PP,Conversion,0.0
1536,planning,2039,reg4,HFO_CC_PP,Conversion,0.0
1537,planning,2040,reg4,HFO_CC_PP,Conversion,0.0
1538,planning,2019,reg4,KGT_PP,Conversion,0.0
1539,planning,2020,reg4,KGT_PP,Conversion,0.0
1540,planning,2021,reg4,KGT_PP,Conversion,0.0
1541,planning,2022,reg4,KGT_PP,Conversion,0.0
1542,planning,2023,reg4,KGT_PP,Conversion,0.0
1543,planning,2024,reg4,KGT_PP,Conversion,0.0
1544,planning,2025,reg4,KGT_PP,Conversion,0.0
1545,planning,2026,reg4,KGT_PP,Conversion,0.0
1546,planning,2027,reg4,KGT_PP,Conversion,0.0
1547,planning,2028,reg4,KGT_PP,Conversion,0.0
1548,planning,2029,reg4,KGT_PP,Conversion,0.0
1549,planning,2030,reg4,KGT_PP,Conversion,0.0
1550,planning,2031,reg4,KGT_PP,Conversion,0.0
1551,planning,2032,reg4,KGT_PP,Conversion,0.0
1552,planning,2033,reg4,KGT_PP,Conversion,0.0
1553,planning,2034,reg4,KGT_PP,Conversion,0.0
1554,planning,2035,reg4,KGT_PP,Conversion,0.0
1555,planning,2036,reg4,KGT_PP,Conversion,0.0
1556,planning,2037,reg4,KGT_PP,Conversion,0.0
1557,planning,2038,reg4,KGT_PP,Conversion,0.0
1558,planning,2039,reg4,KGT_PP,Conversion,0.0
1559,planning,2040,reg4,KGT_PP,Conversion,0.0
1560,planning,2019,reg4,BW_PP,Conversion,0.0
1561,planning,2020,reg4,BW_PP,Conversion,0.0
1562,planning,2021,reg4,BW_PP,Conversion,0.0
1563,planning,2022,reg4,BW_PP,Conversion,0.0
1564,planning,2023,reg4,BW_PP,Conversion,0.0
1565,planning,2024,reg4,BW_PP,Conversion,0.0
1566,planning,2025,reg4,BW_PP,Conversion,0.0
1567,planning,2026,reg4,BW_PP,Conversion,0.0
1568,planning,2027,reg4,BW_PP,Conversion,0.0
1569,planning,2028,reg4,BW_PP,Conversion,0.0
1570,planning,2029,reg4,BW_PP,Conversion,0.0
1571,planning,2030,reg4,BW_PP,Conversion,0.0
1572,planning,2031,reg4,BW_PP,Conversion,0.0
1573,planning,2032,reg4,BW_PP,Conversion,0.0
1574,planning,2033,reg4,BW_PP,Conversion,0.0
1575,planning,2034,reg4,BW_PP,Conversion,0.0
1576,planning,2035,reg4,BW_PP,Conversion,0.0
1577,planning,2036,reg4,BW_PP,Conversion,0.0
1578,planning,2037,reg4,BW_PP,Conversion,0.0
1579,planning,2038,reg4,BW_PP,Conversion,0.0
1580,planning,2039,reg4,BW_PP,Conversion,0.0
1581,planning,2040,reg4,BW_PP,Conversion,0.0
1582,planning,2019,reg4,Diesel_engine_pp,Conversion,0.0
1583,planning,2020,reg4,Diesel_engine_pp,Conversion,0.0
1584,planning,2021,reg4,Diesel_engine_pp,Conversion,0.0
1585,planning,2022,reg4,Diesel_engine_pp,Conversion,0.0
1586,planning,2023,reg4,Diesel_engine_pp,Conversion,0.0
1587,planning,2024,reg4,Diesel_engine_pp,Conversion,0.0
1588,planning,2025,reg4,Diesel_engine_pp,Conversion,0.0
1589,planning,2026,reg4,Diesel_engine_pp,Conversion,0.0
1590,planning,2027,reg4,Diesel_engine_pp,Conversion,0.0
1591,planning,2028,reg4,Diesel_engine_pp,Conversion,0.0
1592,planning,2029,reg4,Diesel_engine_pp,Conversion,0.0
1593,planning,2030,reg4,Diesel_engine_pp,Conversion,0.0
1594,planning,2031,reg4,Diesel_engine_pp,Conversion,0.0
1595,planning,2032,reg4,Diesel_engine_pp,Conversion,0.0
1596,planning,2033,reg4,Diesel_engine_pp,Conversion,0.0
1597,planning,2034,reg4,Diesel_engine_pp,Conversion,0.0
1598,planning,2035,reg4,Diesel_engine_pp,Conversion,0.0
1599,planning,2036,reg4,Diesel_engine_pp,Conversion,0.0
1600,planning,2037,reg4,Diesel_engine_pp,Conversion,0.0
1601,planning,2038,reg4,Diesel_engine_pp,Conversion,0.0
1602,planning,2039,reg4,Diesel_engine_pp,Conversion,0.0
1603,planning,2040,reg4,Diesel_engine_pp,Conversion,0.0
1604,planning,2019,reg4,LNG_GT_CC_pp,Conversion,0.0
1605,planning,2020,reg4,LNG_GT_CC_pp,Conversion,0.0
1606,planning,2021,reg4,LNG_GT_CC_pp,Conversion,0.0
1607,planning,2022,reg4,LNG_GT_CC_pp,Conversion,0.0
1608,planning,2023,reg4,LNG_GT_CC_pp,Conversion,0.0
1609,planning,2024,reg4,LNG_GT_CC_pp,Conversion,0.0
1610,planning,2025,reg4,LNG_GT_CC_pp,Conversion,0.0
1611,planning,2026,reg4,LNG_GT_CC_pp,Conversion,0.0
1612,planning,2027,reg4,LNG_GT_CC_pp,Conversion,0.0
1613,planning,2028,reg4,LNG_GT_CC_pp,Conversion,0.0
1614,planning,2029,reg4,LNG_GT_CC_pp,Conversion,0.0
1615,planning,2030,reg4,LNG_GT_CC_pp,Conversion,0.0
1616,planning,2031,reg4,LNG_GT_CC_pp,Conversion,0.0
1617,planning,2032,reg4,LNG_GT_CC_pp,Conversion,0.0
1618,planning,2033,reg4,LNG_GT_CC_pp,Conversion,0.0
1619,planning,2034,reg4,LNG_GT_CC_pp,Conversion,0.0
1620,planning,2035,reg4,LNG_GT_CC_pp,Conversion,0.0
1621,planning,2036,reg4,LNG_GT_CC_pp,Conversion,0.0
1622,planning,2037,reg4,LNG_GT_CC_pp,Conversion,0.0
1623,planning,2038,reg4,LNG_GT_CC_pp,Conversion,0.0
1624,planning,2039,reg4,LNG_GT_CC_pp,Conversion,0.0
1625,planning,2040,reg4,LNG_GT_CC_pp,Conversion,0.0
1626,planning,2019,reg4,Elec_transmission_distribution,Transmission,571565.0
1627,planning,2020,reg4,Elec_transmission_distribution,Transmission,650184.8895315877
1628,planning,2021,reg4,Elec_transmission_distribution,Transmission,650184.8895315877
1629,planning,2022,reg4,Elec_transmission_distribution,Transmission,768382.9749038294
1630,planning,2023,reg4,Elec_transmission_distribution,Transmission,886581.0602760706
1631,planning,2024,reg4,Elec_transmission_distribution,Transmission,1004779.1456483112
1632,planning,2025,reg4,Elec_transmission_distribution,Transmission,1167977.2310205535
1633,planning,2026,reg4,Elec_transmission_distribution,Transmission,1763835.3085393617
1634,planning,2027,reg4,Elec_transmission_distribution,Transmission,1763835.3085393617
1635,planning,2028,reg4,Elec_transmission_distribution,Transmission,1763835.3085393617
1636,planning,2029,reg4,Elec_transmission_distribution,Transmission,1763835.3085393617
1637,planning,2030,reg4,Elec_transmission_distribution,Transmission,1763835.3085393617
1638,planning,2031,reg4,Elec_transmission_distribution,Transmission,2456517.8042896143
1639,planning,2032,reg4,Elec_transmission_distribution,Transmission,3841882.795790117
1640,planning,2033,reg4,Elec_transmission_distribution,Transmission,3841882.795790117
1641,planning,2034,reg4,Elec_transmission_distribution,Transmission,6645811.196693645
1642,planning,2035,reg4,Elec_transmission_distribution,Transmission,6645811.196693645
1643,planning,2036,reg4,Elec_transmission_distribution,Transmission,6645811.196693645
1644,planning,2037,reg4,Elec_transmission_distribution,Transmission,6645811.196693645
1645,planning,2038,reg4,Elec_transmission_distribution,Transmission,8227281.893986857
1646,planning,2039,reg4,Elec_transmission_distribution,Transmission,8227281.893986857
1647,planning,2040,reg4,Elec_transmission_distribution,Transmission,8670335.790462371
