,Year,Timesteps,Region,Technology,Carrier,Value
0,2020,1,reg1,Pump_hydro_ST,Electricity,1.2027272727272726
1,2020,2,reg1,Pump_hydro_ST,Electricity,1.2027272727272726
2,2020,3,reg1,Pump_hydro_ST,Electricity,1.2027272727272726
3,2020,4,reg1,Pump_hydro_ST,Electricity,1.2027272727272726
4,2020,5,reg1,Pump_hydro_ST,Electricity,1.2027272727272726
5,2020,6,reg1,Pump_hydro_ST,Electricity,1.2027272727272726
6,2020,7,reg1,Pump_hydro_ST,Electricity,1.2027272727272726
7,2020,8,reg1,Pump_hydro_ST,Electricity,1.2027272727272726
8,2020,9,reg1,Pump_hydro_ST,Electricity,1.2027272727272726
9,2020,10,reg1,Pump_hydro_ST,Electricity,1.2027272727272726
10,2020,11,reg1,Pump_hydro_ST,Electricity,1.2027272727272726
11,2020,12,reg1,Pump_hydro_ST,Electricity,1.2027272727272726
12,2020,13,reg1,Pump_hydro_ST,Electricity,1.2027272727272726
13,2020,14,reg1,Pump_hydro_ST,Electricity,1.2027272727272726
14,2020,15,reg1,Pump_hydro_ST,Electricity,1.2027272727272726
15,2020,16,reg1,Pump_hydro_ST,Electricity,1.2027272727272726
16,2020,17,reg1,Pump_hydro_ST,Electricity,1.2027272727272726
17,2020,18,reg1,Pump_hydro_ST,Electricity,1.2027272727272726
18,2020,19,reg1,Pump_hydro_ST,Electricity,1.2027272727272726
19,2020,20,reg1,Pump_hydro_ST,Electricity,1.2027272727272726
20,2020,21,reg1,Pump_hydro_ST,Electricity,1.2027272727272726
21,2020,22,reg1,Pump_hydro_ST,Electricity,1.2027272727272726
22,2020,23,reg1,Pump_hydro_ST,Electricity,1.2027272727272726
23,2020,24,reg1,Pump_hydro_ST,Electricity,1.2027272727272726
24,2021,1,reg1,Pump_hydro_ST,Electricity,1.2903345454545454
25,2021,2,reg1,Pump_hydro_ST,Electricity,1.2903345454545454
26,2021,3,reg1,Pump_hydro_ST,Electricity,1.2903345454545454
27,2021,4,reg1,Pump_hydro_ST,Electricity,1.2903345454545454
28,2021,5,reg1,Pump_hydro_ST,Electricity,1.2903345454545454
29,2021,6,reg1,Pump_hydro_ST,Electricity,1.2903345454545454
30,2021,7,reg1,Pump_hydro_ST,Electricity,1.2903345454545454
31,2021,8,reg1,Pump_hydro_ST,Electricity,1.2903345454545454
32,2021,9,reg1,Pump_hydro_ST,Electricity,1.2903345454545454
33,2021,10,reg1,Pump_hydro_ST,Electricity,1.2903345454545454
34,2021,11,reg1,Pump_hydro_ST,Electricity,1.2903345454545454
35,2021,12,reg1,Pump_hydro_ST,Electricity,1.2903345454545454
36,2021,13,reg1,Pump_hydro_ST,Electricity,1.2903345454545454
37,2021,14,reg1,Pump_hydro_ST,Electricity,1.2903345454545454
38,2021,15,reg1,Pump_hydro_ST,Electricity,1.2903345454545454
39,2021,16,reg1,Pump_hydro_ST,Electricity,1.2903345454545454
40,2021,17,reg1,Pump_hydro_ST,Electricity,1.2903345454545454
41,2021,18,reg1,Pump_hydro_ST,Electricity,1.2903345454545454
42,2021,19,reg1,Pump_hydro_ST,Electricity,1.2903345454545454
43,2021,20,reg1,Pump_hydro_ST,Electricity,1.2903345454545454
44,2021,21,reg1,Pump_hydro_ST,Electricity,1.2903345454545454
45,2021,22,reg1,Pump_hydro_ST,Electricity,1.2903345454545454
46,2021,23,reg1,Pump_hydro_ST,Electricity,1.2903345454545454
47,2021,24,reg1,Pump_hydro_ST,Electricity,1.2903345454545454
48,2022,1,reg1,Pump_hydro_ST,Electricity,1.3779418181818182
49,2022,2,reg1,Pump_hydro_ST,Electricity,1.3779418181818182
50,2022,3,reg1,Pump_hydro_ST,Electricity,1.3779418181818182
51,2022,4,reg1,Pump_hydro_ST,Electricity,1.3779418181818182
52,2022,5,reg1,Pump_hydro_ST,Electricity,1.3779418181818182
53,2022,6,reg1,Pump_hydro_ST,Electricity,1.3779418181818182
54,2022,7,reg1,Pump_hydro_ST,Electricity,1.3779418181818182
55,2022,8,reg1,Pump_hydro_ST,Electricity,1.3779418181818182
56,2022,9,reg1,Pump_hydro_ST,Electricity,1.3779418181818182
57,2022,10,reg1,Pump_hydro_ST,Electricity,1.3779418181818182
58,2022,11,reg1,Pump_hydro_ST,Electricity,1.3779418181818182
59,2022,12,reg1,Pump_hydro_ST,Electricity,1.3779418181818182
60,2022,13,reg1,Pump_hydro_ST,Electricity,1.3779418181818182
61,2022,14,reg1,Pump_hydro_ST,Electricity,1.3779418181818182
62,2022,15,reg1,Pump_hydro_ST,Electricity,1.3779418181818182
63,2022,16,reg1,Pump_hydro_ST,Electricity,1.3779418181818182
64,2022,17,reg1,Pump_hydro_ST,Electricity,1.3779418181818182
65,2022,18,reg1,Pump_hydro_ST,Electricity,1.3779418181818182
66,2022,19,reg1,Pump_hydro_ST,Electricity,1.3779418181818182
67,2022,20,reg1,Pump_hydro_ST,Electricity,1.3779418181818182
68,2022,21,reg1,Pump_hydro_ST,Electricity,1.3779418181818182
69,2022,22,reg1,Pump_hydro_ST,Electricity,1.3779418181818182
70,2022,23,reg1,Pump_hydro_ST,Electricity,1.3779418181818182
71,2022,24,reg1,Pump_hydro_ST,Electricity,1.3779418181818182
72,2023,1,reg1,Pump_hydro_ST,Electricity,1.4655490909090911
73,2023,2,reg1,Pump_hydro_ST,Electricity,1.4655490909090911
74,2023,3,reg1,Pump_hydro_ST,Electricity,1.4655490909090911
75,2023,4,reg1,Pump_hydro_ST,Electricity,1.4655490909090911
76,2023,5,reg1,Pump_hydro_ST,Electricity,1.4655490909090911
77,2023,6,reg1,Pump_hydro_ST,Electricity,1.4655490909090911
78,2023,7,reg1,Pump_hydro_ST,Electricity,1.4655490909090911
79,2023,8,reg1,Pump_hydro_ST,Electricity,1.4655490909090911
80,2023,9,reg1,Pump_hydro_ST,Electricity,1.4655490909090911
81,2023,10,reg1,Pump_hydro_ST,Electricity,1.4655490909090911
82,2023,11,reg1,Pump_hydro_ST,Electricity,1.4655490909090911
83,2023,12,reg1,Pump_hydro_ST,Electricity,1.4655490909090911
84,2023,13,reg1,Pump_hydro_ST,Electricity,1.4655490909090911
85,2023,14,reg1,Pump_hydro_ST,Electricity,1.4655490909090911
86,2023,15,reg1,Pump_hydro_ST,Electricity,1.4655490909090911
87,2023,16,reg1,Pump_hydro_ST,Electricity,1.4655490909090911
88,2023,17,reg1,Pump_hydro_ST,Electricity,1.4655490909090911
89,2023,18,reg1,Pump_hydro_ST,Electricity,1.4655490909090911
90,2023,19,reg1,Pump_hydro_ST,Electricity,1.4655490909090911
91,2023,20,reg1,Pump_hydro_ST,Electricity,1.4655490909090911
92,2023,21,reg1,Pump_hydro_ST,Electricity,1.4655490909090911
93,2023,22,reg1,Pump_hydro_ST,Electricity,1.4655490909090911
94,2023,23,reg1,Pump_hydro_ST,Electricity,1.4655490909090911
95,2023,24,reg1,Pump_hydro_ST,Electricity,1.4655490909090911
96,2024,1,reg1,Pump_hydro_ST,Electricity,1.5531563636363637
97,2024,2,reg1,Pump_hydro_ST,Electricity,1.5531563636363637
98,2024,3,reg1,Pump_hydro_ST,Electricity,1.5531563636363637
99,2024,4,reg1,Pump_hydro_ST,Electricity,1.5531563636363637
100,2024,5,reg1,Pump_hydro_ST,Electricity,1.5531563636363637
101,2024,6,reg1,Pump_hydro_ST,Electricity,1.5531563636363637
102,2024,7,reg1,Pump_hydro_ST,Electricity,1.5531563636363637
103,2024,8,reg1,Pump_hydro_ST,Electricity,1.5531563636363637
104,2024,9,reg1,Pump_hydro_ST,Electricity,1.5531563636363637
105,2024,10,reg1,Pump_hydro_ST,Electricity,1.5531563636363637
106,2024,11,reg1,Pump_hydro_ST,Electricity,1.5531563636363637
107,2024,12,reg1,Pump_hydro_ST,Electricity,1.5531563636363637
108,2024,13,reg1,Pump_hydro_ST,Electricity,1.5531563636363637
109,2024,14,reg1,Pump_hydro_ST,Electricity,1.5531563636363637
110,2024,15,reg1,Pump_hydro_ST,Electricity,1.5531563636363637
111,2024,16,reg1,Pump_hydro_ST,Electricity,1.5531563636363637
112,2024,17,reg1,Pump_hydro_ST,Electricity,1.5531563636363637
113,2024,18,reg1,Pump_hydro_ST,Electricity,1.5531563636363637
114,2024,19,reg1,Pump_hydro_ST,Electricity,1.5531563636363637
115,2024,20,reg1,Pump_hydro_ST,Electricity,1.5531563636363637
116,2024,21,reg1,Pump_hydro_ST,Electricity,1.5531563636363637
117,2024,22,reg1,Pump_hydro_ST,Electricity,1.5531563636363637
118,2024,23,reg1,Pump_hydro_ST,Electricity,1.5531563636363637
119,2024,24,reg1,Pump_hydro_ST,Electricity,1.5531563636363637
120,2025,1,reg1,Pump_hydro_ST,Electricity,1.6407636363636366
121,2025,2,reg1,Pump_hydro_ST,Electricity,1.6407636363636366
122,2025,3,reg1,Pump_hydro_ST,Electricity,1.6407636363636366
123,2025,4,reg1,Pump_hydro_ST,Electricity,1.6407636363636366
124,2025,5,reg1,Pump_hydro_ST,Electricity,1.6407636363636366
125,2025,6,reg1,Pump_hydro_ST,Electricity,1.6407636363636366
126,2025,7,reg1,Pump_hydro_ST,Electricity,1.6407636363636366
127,2025,8,reg1,Pump_hydro_ST,Electricity,1.6407636363636366
128,2025,9,reg1,Pump_hydro_ST,Electricity,1.6407636363636366
129,2025,10,reg1,Pump_hydro_ST,Electricity,1.6407636363636366
130,2025,11,reg1,Pump_hydro_ST,Electricity,1.6407636363636366
131,2025,12,reg1,Pump_hydro_ST,Electricity,1.6407636363636366
132,2025,13,reg1,Pump_hydro_ST,Electricity,1.6407636363636366
133,2025,14,reg1,Pump_hydro_ST,Electricity,1.6407636363636366
134,2025,15,reg1,Pump_hydro_ST,Electricity,1.6407636363636366
135,2025,16,reg1,Pump_hydro_ST,Electricity,1.6407636363636366
136,2025,17,reg1,Pump_hydro_ST,Electricity,1.6407636363636366
137,2025,18,reg1,Pump_hydro_ST,Electricity,1.6407636363636366
138,2025,19,reg1,Pump_hydro_ST,Electricity,1.6407636363636366
139,2025,20,reg1,Pump_hydro_ST,Electricity,1.6407636363636366
140,2025,21,reg1,Pump_hydro_ST,Electricity,1.6407636363636366
141,2025,22,reg1,Pump_hydro_ST,Electricity,1.6407636363636366
142,2025,23,reg1,Pump_hydro_ST,Electricity,1.6407636363636366
143,2025,24,reg1,Pump_hydro_ST,Electricity,1.6407636363636366
144,2026,1,reg1,Pump_hydro_ST,Electricity,1.7283709090909092
145,2026,2,reg1,Pump_hydro_ST,Electricity,1.7283709090909092
146,2026,3,reg1,Pump_hydro_ST,Electricity,1.7283709090909092
147,2026,4,reg1,Pump_hydro_ST,Electricity,1.7283709090909092
148,2026,5,reg1,Pump_hydro_ST,Electricity,1.7283709090909092
149,2026,6,reg1,Pump_hydro_ST,Electricity,1.7283709090909092
150,2026,7,reg1,Pump_hydro_ST,Electricity,1.7283709090909092
151,2026,8,reg1,Pump_hydro_ST,Electricity,1.7283709090909092
152,2026,9,reg1,Pump_hydro_ST,Electricity,1.7283709090909092
153,2026,10,reg1,Pump_hydro_ST,Electricity,1.7283709090909092
154,2026,11,reg1,Pump_hydro_ST,Electricity,1.7283709090909092
155,2026,12,reg1,Pump_hydro_ST,Electricity,1.7283709090909092
156,2026,13,reg1,Pump_hydro_ST,Electricity,1.7283709090909092
157,2026,14,reg1,Pump_hydro_ST,Electricity,1.7283709090909092
158,2026,15,reg1,Pump_hydro_ST,Electricity,1.7283709090909092
159,2026,16,reg1,Pump_hydro_ST,Electricity,1.7283709090909092
160,2026,17,reg1,Pump_hydro_ST,Electricity,1.7283709090909092
161,2026,18,reg1,Pump_hydro_ST,Electricity,1.7283709090909092
162,2026,19,reg1,Pump_hydro_ST,Electricity,1.7283709090909092
163,2026,20,reg1,Pump_hydro_ST,Electricity,1.7283709090909092
164,2026,21,reg1,Pump_hydro_ST,Electricity,1.7283709090909092
165,2026,22,reg1,Pump_hydro_ST,Electricity,1.7283709090909092
166,2026,23,reg1,Pump_hydro_ST,Electricity,1.7283709090909092
167,2026,24,reg1,Pump_hydro_ST,Electricity,1.7283709090909092
168,2027,1,reg1,Pump_hydro_ST,Electricity,1.8159781818181822
169,2027,2,reg1,Pump_hydro_ST,Electricity,1.8159781818181822
170,2027,3,reg1,Pump_hydro_ST,Electricity,1.8159781818181822
171,2027,4,reg1,Pump_hydro_ST,Electricity,1.8159781818181822
172,2027,5,reg1,Pump_hydro_ST,Electricity,1.8159781818181822
173,2027,6,reg1,Pump_hydro_ST,Electricity,1.8159781818181822
174,2027,7,reg1,Pump_hydro_ST,Electricity,1.8159781818181822
175,2027,8,reg1,Pump_hydro_ST,Electricity,1.8159781818181822
176,2027,9,reg1,Pump_hydro_ST,Electricity,1.8159781818181822
177,2027,10,reg1,Pump_hydro_ST,Electricity,1.8159781818181822
178,2027,11,reg1,Pump_hydro_ST,Electricity,1.8159781818181822
179,2027,12,reg1,Pump_hydro_ST,Electricity,1.8159781818181822
180,2027,13,reg1,Pump_hydro_ST,Electricity,1.8159781818181822
181,2027,14,reg1,Pump_hydro_ST,Electricity,1.8159781818181822
182,2027,15,reg1,Pump_hydro_ST,Electricity,1.8159781818181822
183,2027,16,reg1,Pump_hydro_ST,Electricity,1.8159781818181822
184,2027,17,reg1,Pump_hydro_ST,Electricity,1.8159781818181822
185,2027,18,reg1,Pump_hydro_ST,Electricity,1.8159781818181822
186,2027,19,reg1,Pump_hydro_ST,Electricity,1.8159781818181822
187,2027,20,reg1,Pump_hydro_ST,Electricity,1.8159781818181822
188,2027,21,reg1,Pump_hydro_ST,Electricity,1.8159781818181822
189,2027,22,reg1,Pump_hydro_ST,Electricity,1.8159781818181822
190,2027,23,reg1,Pump_hydro_ST,Electricity,1.8159781818181822
191,2027,24,reg1,Pump_hydro_ST,Electricity,1.8159781818181822
192,2028,1,reg1,Pump_hydro_ST,Electricity,1.9035854545454547
193,2028,2,reg1,Pump_hydro_ST,Electricity,1.9035854545454547
194,2028,3,reg1,Pump_hydro_ST,Electricity,1.9035854545454547
195,2028,4,reg1,Pump_hydro_ST,Electricity,1.9035854545454547
196,2028,5,reg1,Pump_hydro_ST,Electricity,1.9035854545454547
197,2028,6,reg1,Pump_hydro_ST,Electricity,1.9035854545454547
198,2028,7,reg1,Pump_hydro_ST,Electricity,1.9035854545454547
199,2028,8,reg1,Pump_hydro_ST,Electricity,1.9035854545454547
200,2028,9,reg1,Pump_hydro_ST,Electricity,1.9035854545454547
201,2028,10,reg1,Pump_hydro_ST,Electricity,1.9035854545454547
202,2028,11,reg1,Pump_hydro_ST,Electricity,1.9035854545454547
203,2028,12,reg1,Pump_hydro_ST,Electricity,1.9035854545454547
204,2028,13,reg1,Pump_hydro_ST,Electricity,1.9035854545454547
205,2028,14,reg1,Pump_hydro_ST,Electricity,1.9035854545454547
206,2028,15,reg1,Pump_hydro_ST,Electricity,1.9035854545454547
207,2028,16,reg1,Pump_hydro_ST,Electricity,1.9035854545454547
208,2028,17,reg1,Pump_hydro_ST,Electricity,1.9035854545454547
209,2028,18,reg1,Pump_hydro_ST,Electricity,1.9035854545454547
210,2028,19,reg1,Pump_hydro_ST,Electricity,1.9035854545454547
211,2028,20,reg1,Pump_hydro_ST,Electricity,1.9035854545454547
212,2028,21,reg1,Pump_hydro_ST,Electricity,1.9035854545454547
213,2028,22,reg1,Pump_hydro_ST,Electricity,1.9035854545454547
214,2028,23,reg1,Pump_hydro_ST,Electricity,1.9035854545454547
215,2028,24,reg1,Pump_hydro_ST,Electricity,1.9035854545454547
216,2029,1,reg1,Pump_hydro_ST,Electricity,1.9911927272727277
217,2029,2,reg1,Pump_hydro_ST,Electricity,1.9911927272727277
218,2029,3,reg1,Pump_hydro_ST,Electricity,1.9911927272727277
219,2029,4,reg1,Pump_hydro_ST,Electricity,1.9911927272727277
220,2029,5,reg1,Pump_hydro_ST,Electricity,1.9911927272727277
221,2029,6,reg1,Pump_hydro_ST,Electricity,1.9911927272727277
222,2029,7,reg1,Pump_hydro_ST,Electricity,1.9911927272727277
223,2029,8,reg1,Pump_hydro_ST,Electricity,1.9911927272727277
224,2029,9,reg1,Pump_hydro_ST,Electricity,1.9911927272727277
225,2029,10,reg1,Pump_hydro_ST,Electricity,1.9911927272727277
226,2029,11,reg1,Pump_hydro_ST,Electricity,1.9911927272727277
227,2029,12,reg1,Pump_hydro_ST,Electricity,1.9911927272727277
228,2029,13,reg1,Pump_hydro_ST,Electricity,1.9911927272727277
229,2029,14,reg1,Pump_hydro_ST,Electricity,1.9911927272727277
230,2029,15,reg1,Pump_hydro_ST,Electricity,1.9911927272727277
231,2029,16,reg1,Pump_hydro_ST,Electricity,1.9911927272727277
232,2029,17,reg1,Pump_hydro_ST,Electricity,1.9911927272727277
233,2029,18,reg1,Pump_hydro_ST,Electricity,1.9911927272727277
234,2029,19,reg1,Pump_hydro_ST,Electricity,1.9911927272727277
235,2029,20,reg1,Pump_hydro_ST,Electricity,1.9911927272727277
236,2029,21,reg1,Pump_hydro_ST,Electricity,1.9911927272727277
237,2029,22,reg1,Pump_hydro_ST,Electricity,1.9911927272727277
238,2029,23,reg1,Pump_hydro_ST,Electricity,1.9911927272727277
239,2029,24,reg1,Pump_hydro_ST,Electricity,1.9911927272727277
240,2030,1,reg1,Pump_hydro_ST,Electricity,2.0788
241,2030,2,reg1,Pump_hydro_ST,Electricity,2.0788
242,2030,3,reg1,Pump_hydro_ST,Electricity,2.0788
243,2030,4,reg1,Pump_hydro_ST,Electricity,2.0788
244,2030,5,reg1,Pump_hydro_ST,Electricity,2.0788
245,2030,6,reg1,Pump_hydro_ST,Electricity,2.0788
246,2030,7,reg1,Pump_hydro_ST,Electricity,2.0788
247,2030,8,reg1,Pump_hydro_ST,Electricity,2.0788
248,2030,9,reg1,Pump_hydro_ST,Electricity,2.0788
249,2030,10,reg1,Pump_hydro_ST,Electricity,2.0788
250,2030,11,reg1,Pump_hydro_ST,Electricity,2.0788
251,2030,12,reg1,Pump_hydro_ST,Electricity,2.0788
252,2030,13,reg1,Pump_hydro_ST,Electricity,2.0788
253,2030,14,reg1,Pump_hydro_ST,Electricity,2.1645856414626916
254,2030,15,reg1,Pump_hydro_ST,Electricity,2.1645856414626916
255,2030,16,reg1,Pump_hydro_ST,Electricity,2.1645856414626916
256,2030,17,reg1,Pump_hydro_ST,Electricity,2.1645856414626916
257,2030,18,reg1,Pump_hydro_ST,Electricity,2.1645856414626916
258,2030,19,reg1,Pump_hydro_ST,Electricity,2.1645856414626916
259,2030,20,reg1,Pump_hydro_ST,Electricity,2.0788
260,2030,21,reg1,Pump_hydro_ST,Electricity,2.0788
261,2030,22,reg1,Pump_hydro_ST,Electricity,2.0788
262,2030,23,reg1,Pump_hydro_ST,Electricity,2.0788
263,2030,24,reg1,Pump_hydro_ST,Electricity,2.0788
264,2031,1,reg1,Pump_hydro_ST,Electricity,2.0788
265,2031,2,reg1,Pump_hydro_ST,Electricity,2.0788
266,2031,3,reg1,Pump_hydro_ST,Electricity,2.0788
267,2031,4,reg1,Pump_hydro_ST,Electricity,2.0788
268,2031,5,reg1,Pump_hydro_ST,Electricity,2.0788
269,2031,6,reg1,Pump_hydro_ST,Electricity,2.0788
270,2031,7,reg1,Pump_hydro_ST,Electricity,2.0788
271,2031,8,reg1,Pump_hydro_ST,Electricity,2.0788
272,2031,9,reg1,Pump_hydro_ST,Electricity,2.0788
273,2031,10,reg1,Pump_hydro_ST,Electricity,2.0788
274,2031,11,reg1,Pump_hydro_ST,Electricity,2.0788
275,2031,12,reg1,Pump_hydro_ST,Electricity,2.0788
276,2031,13,reg1,Pump_hydro_ST,Electricity,2.0788
277,2031,14,reg1,Pump_hydro_ST,Electricity,2.1668989636909304
278,2031,15,reg1,Pump_hydro_ST,Electricity,2.1668989636909304
279,2031,16,reg1,Pump_hydro_ST,Electricity,2.1668989636909304
280,2031,17,reg1,Pump_hydro_ST,Electricity,2.1668989636909304
281,2031,18,reg1,Pump_hydro_ST,Electricity,2.1668989636909304
282,2031,19,reg1,Pump_hydro_ST,Electricity,2.1668989636909304
283,2031,20,reg1,Pump_hydro_ST,Electricity,2.0788
284,2031,21,reg1,Pump_hydro_ST,Electricity,2.0788
285,2031,22,reg1,Pump_hydro_ST,Electricity,2.0788
286,2031,23,reg1,Pump_hydro_ST,Electricity,2.0788
287,2031,24,reg1,Pump_hydro_ST,Electricity,2.0788
288,2032,1,reg1,Pump_hydro_ST,Electricity,2.0788
289,2032,2,reg1,Pump_hydro_ST,Electricity,2.0788
290,2032,3,reg1,Pump_hydro_ST,Electricity,2.0788
291,2032,4,reg1,Pump_hydro_ST,Electricity,2.0788
292,2032,5,reg1,Pump_hydro_ST,Electricity,2.0788
293,2032,6,reg1,Pump_hydro_ST,Electricity,2.0788
294,2032,7,reg1,Pump_hydro_ST,Electricity,2.0788
295,2032,8,reg1,Pump_hydro_ST,Electricity,2.0788
296,2032,9,reg1,Pump_hydro_ST,Electricity,2.1721150913475364
297,2032,10,reg1,Pump_hydro_ST,Electricity,2.1721150913475364
298,2032,11,reg1,Pump_hydro_ST,Electricity,2.1721150913475364
299,2032,12,reg1,Pump_hydro_ST,Electricity,2.1721150913475364
300,2032,13,reg1,Pump_hydro_ST,Electricity,2.1721150913475364
301,2032,14,reg1,Pump_hydro_ST,Electricity,2.1721150913475364
302,2032,15,reg1,Pump_hydro_ST,Electricity,2.1721150913475364
303,2032,16,reg1,Pump_hydro_ST,Electricity,2.1721150913475364
304,2032,17,reg1,Pump_hydro_ST,Electricity,2.1721150913475364
305,2032,18,reg1,Pump_hydro_ST,Electricity,2.1721150913475364
306,2032,19,reg1,Pump_hydro_ST,Electricity,2.1721150913475364
307,2032,20,reg1,Pump_hydro_ST,Electricity,2.0788
308,2032,21,reg1,Pump_hydro_ST,Electricity,2.0788
309,2032,22,reg1,Pump_hydro_ST,Electricity,2.0788
310,2032,23,reg1,Pump_hydro_ST,Electricity,2.0788
311,2032,24,reg1,Pump_hydro_ST,Electricity,2.0788
312,2033,1,reg1,Pump_hydro_ST,Electricity,2.0788
313,2033,2,reg1,Pump_hydro_ST,Electricity,2.0788
314,2033,3,reg1,Pump_hydro_ST,Electricity,2.0788
315,2033,4,reg1,Pump_hydro_ST,Electricity,2.0788
316,2033,5,reg1,Pump_hydro_ST,Electricity,2.0788
317,2033,6,reg1,Pump_hydro_ST,Electricity,2.0788
318,2033,7,reg1,Pump_hydro_ST,Electricity,2.0788
319,2033,8,reg1,Pump_hydro_ST,Electricity,2.0788
320,2033,9,reg1,Pump_hydro_ST,Electricity,2.0788
321,2033,10,reg1,Pump_hydro_ST,Electricity,2.0788
322,2033,11,reg1,Pump_hydro_ST,Electricity,2.0788
323,2033,12,reg1,Pump_hydro_ST,Electricity,2.0788
324,2033,13,reg1,Pump_hydro_ST,Electricity,2.0788
325,2033,14,reg1,Pump_hydro_ST,Electricity,2.171661169555218
326,2033,15,reg1,Pump_hydro_ST,Electricity,2.171661169555218
327,2033,16,reg1,Pump_hydro_ST,Electricity,2.171661169555218
328,2033,17,reg1,Pump_hydro_ST,Electricity,2.171661169555218
329,2033,18,reg1,Pump_hydro_ST,Electricity,2.171661169555218
330,2033,19,reg1,Pump_hydro_ST,Electricity,2.171661169555218
331,2033,20,reg1,Pump_hydro_ST,Electricity,2.0787999999999998
332,2033,21,reg1,Pump_hydro_ST,Electricity,2.0787999999999998
333,2033,22,reg1,Pump_hydro_ST,Electricity,2.0787999999999998
334,2033,23,reg1,Pump_hydro_ST,Electricity,2.0787999999999998
335,2033,24,reg1,Pump_hydro_ST,Electricity,2.0787999999999998
336,2034,1,reg1,Pump_hydro_ST,Electricity,2.0788
337,2034,2,reg1,Pump_hydro_ST,Electricity,2.0788
338,2034,3,reg1,Pump_hydro_ST,Electricity,2.0788
339,2034,4,reg1,Pump_hydro_ST,Electricity,2.174010422087902
340,2034,5,reg1,Pump_hydro_ST,Electricity,2.174010422087902
341,2034,6,reg1,Pump_hydro_ST,Electricity,2.174010422087902
342,2034,7,reg1,Pump_hydro_ST,Electricity,2.174010422087902
343,2034,8,reg1,Pump_hydro_ST,Electricity,2.174010422087902
344,2034,9,reg1,Pump_hydro_ST,Electricity,2.174010422087902
345,2034,10,reg1,Pump_hydro_ST,Electricity,2.174010422087902
346,2034,11,reg1,Pump_hydro_ST,Electricity,2.174010422087902
347,2034,12,reg1,Pump_hydro_ST,Electricity,2.174010422087902
348,2034,13,reg1,Pump_hydro_ST,Electricity,2.174010422087902
349,2034,14,reg1,Pump_hydro_ST,Electricity,2.174010422087902
350,2034,15,reg1,Pump_hydro_ST,Electricity,2.174010422087902
351,2034,16,reg1,Pump_hydro_ST,Electricity,2.174010422087902
352,2034,17,reg1,Pump_hydro_ST,Electricity,2.174010422087902
353,2034,18,reg1,Pump_hydro_ST,Electricity,2.174010422087902
354,2034,19,reg1,Pump_hydro_ST,Electricity,2.174010422087902
355,2034,20,reg1,Pump_hydro_ST,Electricity,2.0788
356,2034,21,reg1,Pump_hydro_ST,Electricity,2.0788
357,2034,22,reg1,Pump_hydro_ST,Electricity,2.0788
358,2034,23,reg1,Pump_hydro_ST,Electricity,2.0788
359,2034,24,reg1,Pump_hydro_ST,Electricity,2.0788
360,2035,1,reg1,Pump_hydro_ST,Electricity,2.0788
361,2035,2,reg1,Pump_hydro_ST,Electricity,2.0788
362,2035,3,reg1,Pump_hydro_ST,Electricity,2.0788
363,2035,4,reg1,Pump_hydro_ST,Electricity,2.0788
364,2035,5,reg1,Pump_hydro_ST,Electricity,2.1763543773784226
365,2035,6,reg1,Pump_hydro_ST,Electricity,2.1763543773784226
366,2035,7,reg1,Pump_hydro_ST,Electricity,2.1763543773784226
367,2035,8,reg1,Pump_hydro_ST,Electricity,2.1763543773784226
368,2035,9,reg1,Pump_hydro_ST,Electricity,2.1763543773784226
369,2035,10,reg1,Pump_hydro_ST,Electricity,2.1763543773784226
370,2035,11,reg1,Pump_hydro_ST,Electricity,2.1763543773784226
371,2035,12,reg1,Pump_hydro_ST,Electricity,2.1763543773784226
372,2035,13,reg1,Pump_hydro_ST,Electricity,2.1763543773784226
373,2035,14,reg1,Pump_hydro_ST,Electricity,2.1763543773784226
374,2035,15,reg1,Pump_hydro_ST,Electricity,2.1763543773784226
375,2035,16,reg1,Pump_hydro_ST,Electricity,2.1763543773784226
376,2035,17,reg1,Pump_hydro_ST,Electricity,2.1763543773784226
377,2035,18,reg1,Pump_hydro_ST,Electricity,2.1763543773784226
378,2035,19,reg1,Pump_hydro_ST,Electricity,2.1763543773784226
379,2035,20,reg1,Pump_hydro_ST,Electricity,2.0788
380,2035,21,reg1,Pump_hydro_ST,Electricity,2.0788
381,2035,22,reg1,Pump_hydro_ST,Electricity,2.0788
382,2035,23,reg1,Pump_hydro_ST,Electricity,2.0788
383,2035,24,reg1,Pump_hydro_ST,Electricity,2.0788
384,2036,1,reg1,Pump_hydro_ST,Electricity,2.0788
385,2036,2,reg1,Pump_hydro_ST,Electricity,2.0788
386,2036,3,reg1,Pump_hydro_ST,Electricity,2.0788
387,2036,4,reg1,Pump_hydro_ST,Electricity,2.0788
388,2036,5,reg1,Pump_hydro_ST,Electricity,2.0788
389,2036,6,reg1,Pump_hydro_ST,Electricity,2.0788
390,2036,7,reg1,Pump_hydro_ST,Electricity,2.0788
391,2036,8,reg1,Pump_hydro_ST,Electricity,2.178995768651788
392,2036,9,reg1,Pump_hydro_ST,Electricity,2.178995768651788
393,2036,10,reg1,Pump_hydro_ST,Electricity,2.178995768651788
394,2036,11,reg1,Pump_hydro_ST,Electricity,2.178995768651788
395,2036,12,reg1,Pump_hydro_ST,Electricity,2.178995768651788
396,2036,13,reg1,Pump_hydro_ST,Electricity,2.178995768651788
397,2036,14,reg1,Pump_hydro_ST,Electricity,2.178995768651788
398,2036,15,reg1,Pump_hydro_ST,Electricity,2.178995768651788
399,2036,16,reg1,Pump_hydro_ST,Electricity,2.178995768651788
400,2036,17,reg1,Pump_hydro_ST,Electricity,2.178995768651788
401,2036,18,reg1,Pump_hydro_ST,Electricity,2.178995768651788
402,2036,19,reg1,Pump_hydro_ST,Electricity,2.178995768651788
403,2036,20,reg1,Pump_hydro_ST,Electricity,2.0788
404,2036,21,reg1,Pump_hydro_ST,Electricity,2.0788
405,2036,22,reg1,Pump_hydro_ST,Electricity,2.0788
406,2036,23,reg1,Pump_hydro_ST,Electricity,2.0788
407,2036,24,reg1,Pump_hydro_ST,Electricity,2.0788
408,2037,1,reg1,Pump_hydro_ST,Electricity,2.0787999999999998
409,2037,2,reg1,Pump_hydro_ST,Electricity,2.0787999999999998
410,2037,3,reg1,Pump_hydro_ST,Electricity,2.0787999999999998
411,2037,4,reg1,Pump_hydro_ST,Electricity,2.0787999999999998
412,2037,5,reg1,Pump_hydro_ST,Electricity,2.0787999999999998
413,2037,6,reg1,Pump_hydro_ST,Electricity,2.1816312173497114
414,2037,7,reg1,Pump_hydro_ST,Electricity,2.1816312173497114
415,2037,8,reg1,Pump_hydro_ST,Electricity,2.1816312173497114
416,2037,9,reg1,Pump_hydro_ST,Electricity,2.1816312173497114
417,2037,10,reg1,Pump_hydro_ST,Electricity,2.1816312173497114
418,2037,11,reg1,Pump_hydro_ST,Electricity,2.1816312173497114
419,2037,12,reg1,Pump_hydro_ST,Electricity,2.1816312173497114
420,2037,13,reg1,Pump_hydro_ST,Electricity,2.1816312173497114
421,2037,14,reg1,Pump_hydro_ST,Electricity,2.1816312173497114
422,2037,15,reg1,Pump_hydro_ST,Electricity,2.1816312173497114
423,2037,16,reg1,Pump_hydro_ST,Electricity,2.1816312173497114
424,2037,17,reg1,Pump_hydro_ST,Electricity,2.1816312173497114
425,2037,18,reg1,Pump_hydro_ST,Electricity,2.1816312173497114
426,2037,19,reg1,Pump_hydro_ST,Electricity,2.1816312173497114
427,2037,20,reg1,Pump_hydro_ST,Electricity,2.0788
428,2037,21,reg1,Pump_hydro_ST,Electricity,2.0788
429,2037,22,reg1,Pump_hydro_ST,Electricity,2.0788
430,2037,23,reg1,Pump_hydro_ST,Electricity,2.0788
431,2037,24,reg1,Pump_hydro_ST,Electricity,2.0788
432,2038,1,reg1,Pump_hydro_ST,Electricity,2.0788
433,2038,2,reg1,Pump_hydro_ST,Electricity,2.0788
434,2038,3,reg1,Pump_hydro_ST,Electricity,2.0788
435,2038,4,reg1,Pump_hydro_ST,Electricity,2.0788
436,2038,5,reg1,Pump_hydro_ST,Electricity,2.0788
437,2038,6,reg1,Pump_hydro_ST,Electricity,2.0788
438,2038,7,reg1,Pump_hydro_ST,Electricity,2.0788
439,2038,8,reg1,Pump_hydro_ST,Electricity,2.0788
440,2038,9,reg1,Pump_hydro_ST,Electricity,2.1842607435040593
441,2038,10,reg1,Pump_hydro_ST,Electricity,2.1842607435040593
442,2038,11,reg1,Pump_hydro_ST,Electricity,2.1842607435040593
443,2038,12,reg1,Pump_hydro_ST,Electricity,2.1842607435040593
444,2038,13,reg1,Pump_hydro_ST,Electricity,2.1842607435040593
445,2038,14,reg1,Pump_hydro_ST,Electricity,2.1842607435040593
446,2038,15,reg1,Pump_hydro_ST,Electricity,2.1842607435040593
447,2038,16,reg1,Pump_hydro_ST,Electricity,2.1842607435040593
448,2038,17,reg1,Pump_hydro_ST,Electricity,2.1842607435040593
449,2038,18,reg1,Pump_hydro_ST,Electricity,2.1842607435040593
450,2038,19,reg1,Pump_hydro_ST,Electricity,2.1842607435040593
451,2038,20,reg1,Pump_hydro_ST,Electricity,2.0787999999999998
452,2038,21,reg1,Pump_hydro_ST,Electricity,2.0787999999999998
453,2038,22,reg1,Pump_hydro_ST,Electricity,2.0787999999999998
454,2038,23,reg1,Pump_hydro_ST,Electricity,2.0787999999999998
455,2038,24,reg1,Pump_hydro_ST,Electricity,2.0787999999999998
456,2039,1,reg1,Pump_hydro_ST,Electricity,2.0788
457,2039,2,reg1,Pump_hydro_ST,Electricity,2.0788
458,2039,3,reg1,Pump_hydro_ST,Electricity,2.0788
459,2039,4,reg1,Pump_hydro_ST,Electricity,2.0788
460,2039,5,reg1,Pump_hydro_ST,Electricity,2.0788
461,2039,6,reg1,Pump_hydro_ST,Electricity,2.0788
462,2039,7,reg1,Pump_hydro_ST,Electricity,2.0788
463,2039,8,reg1,Pump_hydro_ST,Electricity,2.0788
464,2039,9,reg1,Pump_hydro_ST,Electricity,2.0788
465,2039,10,reg1,Pump_hydro_ST,Electricity,2.1868843670568143
466,2039,11,reg1,Pump_hydro_ST,Electricity,2.1868843670568143
467,2039,12,reg1,Pump_hydro_ST,Electricity,2.1868843670568143
468,2039,13,reg1,Pump_hydro_ST,Electricity,2.1868843670568143
469,2039,14,reg1,Pump_hydro_ST,Electricity,2.1868843670568143
470,2039,15,reg1,Pump_hydro_ST,Electricity,2.1868843670568143
471,2039,16,reg1,Pump_hydro_ST,Electricity,2.1868843670568143
472,2039,17,reg1,Pump_hydro_ST,Electricity,2.1868843670568143
473,2039,18,reg1,Pump_hydro_ST,Electricity,2.1868843670568143
474,2039,19,reg1,Pump_hydro_ST,Electricity,2.1868843670568143
475,2039,20,reg1,Pump_hydro_ST,Electricity,2.0788
476,2039,21,reg1,Pump_hydro_ST,Electricity,2.0788
477,2039,22,reg1,Pump_hydro_ST,Electricity,2.0788
478,2039,23,reg1,Pump_hydro_ST,Electricity,2.0788
479,2039,24,reg1,Pump_hydro_ST,Electricity,2.0788
480,2040,1,reg1,Pump_hydro_ST,Electricity,2.0788
481,2040,2,reg1,Pump_hydro_ST,Electricity,2.0788
482,2040,3,reg1,Pump_hydro_ST,Electricity,2.0788
483,2040,4,reg1,Pump_hydro_ST,Electricity,2.0788
484,2040,5,reg1,Pump_hydro_ST,Electricity,2.0788
485,2040,6,reg1,Pump_hydro_ST,Electricity,3.303915367741845
486,2040,7,reg1,Pump_hydro_ST,Electricity,4.202906366445979
487,2040,8,reg1,Pump_hydro_ST,Electricity,4.202906366445979
488,2040,9,reg1,Pump_hydro_ST,Electricity,4.202906366445979
489,2040,10,reg1,Pump_hydro_ST,Electricity,4.202906366445979
490,2040,11,reg1,Pump_hydro_ST,Electricity,4.202906366445979
491,2040,12,reg1,Pump_hydro_ST,Electricity,4.202906366445979
492,2040,13,reg1,Pump_hydro_ST,Electricity,4.202906366445979
493,2040,14,reg1,Pump_hydro_ST,Electricity,4.202906366445979
494,2040,15,reg1,Pump_hydro_ST,Electricity,4.202906366445979
495,2040,16,reg1,Pump_hydro_ST,Electricity,4.202906366445979
496,2040,17,reg1,Pump_hydro_ST,Electricity,4.202906366445979
497,2040,18,reg1,Pump_hydro_ST,Electricity,4.202906366445979
498,2040,19,reg1,Pump_hydro_ST,Electricity,3.1962042371531014
499,2040,20,reg1,Pump_hydro_ST,Electricity,2.0788000000000006
500,2040,21,reg1,Pump_hydro_ST,Electricity,2.0788000000000006
501,2040,22,reg1,Pump_hydro_ST,Electricity,2.0788000000000006
502,2040,23,reg1,Pump_hydro_ST,Electricity,2.0788000000000006
503,2040,24,reg1,Pump_hydro_ST,Electricity,2.0788000000000006
504,2041,1,reg1,Pump_hydro_ST,Electricity,2.0787999999999984
505,2041,2,reg1,Pump_hydro_ST,Electricity,3.308622327031725
506,2041,3,reg1,Pump_hydro_ST,Electricity,3.308622327031725
507,2041,4,reg1,Pump_hydro_ST,Electricity,3.308622327031725
508,2041,5,reg1,Pump_hydro_ST,Electricity,3.308622327031725
509,2041,6,reg1,Pump_hydro_ST,Electricity,3.308622327031725
510,2041,7,reg1,Pump_hydro_ST,Electricity,3.308622327031725
511,2041,8,reg1,Pump_hydro_ST,Electricity,3.308622327031725
512,2041,9,reg1,Pump_hydro_ST,Electricity,4.5384446540634515
513,2041,10,reg1,Pump_hydro_ST,Electricity,4.5384446540634515
514,2041,11,reg1,Pump_hydro_ST,Electricity,4.5384446540634515
515,2041,12,reg1,Pump_hydro_ST,Electricity,4.711121555987268
516,2041,13,reg1,Pump_hydro_ST,Electricity,4.711121555987268
517,2041,14,reg1,Pump_hydro_ST,Electricity,4.711121555987268
518,2041,15,reg1,Pump_hydro_ST,Electricity,4.711121555987268
519,2041,16,reg1,Pump_hydro_ST,Electricity,4.711121555987268
520,2041,17,reg1,Pump_hydro_ST,Electricity,4.711121555987268
521,2041,18,reg1,Pump_hydro_ST,Electricity,4.711121555987268
522,2041,19,reg1,Pump_hydro_ST,Electricity,3.4513971023588743
523,2041,20,reg1,Pump_hydro_ST,Electricity,2.0787999999999984
524,2041,21,reg1,Pump_hydro_ST,Electricity,2.0787999999999984
525,2041,22,reg1,Pump_hydro_ST,Electricity,2.0787999999999984
526,2041,23,reg1,Pump_hydro_ST,Electricity,2.0787999999999984
527,2041,24,reg1,Pump_hydro_ST,Electricity,2.0787999999999984
528,2042,1,reg1,Pump_hydro_ST,Electricity,2.0787999999999993
529,2042,2,reg1,Pump_hydro_ST,Electricity,2.0787999999999993
530,2042,3,reg1,Pump_hydro_ST,Electricity,2.0787999999999993
531,2042,4,reg1,Pump_hydro_ST,Electricity,2.0787999999999993
532,2042,5,reg1,Pump_hydro_ST,Electricity,2.2434859855234723
533,2042,6,reg1,Pump_hydro_ST,Electricity,2.2434859855234723
534,2042,7,reg1,Pump_hydro_ST,Electricity,2.2434859855234723
535,2042,8,reg1,Pump_hydro_ST,Electricity,2.2434859855234723
536,2042,9,reg1,Pump_hydro_ST,Electricity,2.2434859855234723
537,2042,10,reg1,Pump_hydro_ST,Electricity,2.2434859855234723
538,2042,11,reg1,Pump_hydro_ST,Electricity,2.2434859855234723
539,2042,12,reg1,Pump_hydro_ST,Electricity,2.2434859855234723
540,2042,13,reg1,Pump_hydro_ST,Electricity,2.2434859855234723
541,2042,14,reg1,Pump_hydro_ST,Electricity,3.4746855365354
542,2042,15,reg1,Pump_hydro_ST,Electricity,4.705885087547328
543,2042,16,reg1,Pump_hydro_ST,Electricity,4.705885087547328
544,2042,17,reg1,Pump_hydro_ST,Electricity,4.705885087547328
545,2042,18,reg1,Pump_hydro_ST,Electricity,4.705885087547328
546,2042,19,reg1,Pump_hydro_ST,Electricity,3.449861710599701
547,2042,20,reg1,Pump_hydro_ST,Electricity,2.0787999999999993
548,2042,21,reg1,Pump_hydro_ST,Electricity,2.0787999999999993
549,2042,22,reg1,Pump_hydro_ST,Electricity,2.0787999999999993
550,2042,23,reg1,Pump_hydro_ST,Electricity,2.0787999999999993
551,2042,24,reg1,Pump_hydro_ST,Electricity,2.0787999999999993
552,2043,1,reg1,Pump_hydro_ST,Electricity,2.078800000000001
553,2043,2,reg1,Pump_hydro_ST,Electricity,2.078800000000001
554,2043,3,reg1,Pump_hydro_ST,Electricity,2.078800000000001
555,2043,4,reg1,Pump_hydro_ST,Electricity,2.078800000000001
556,2043,5,reg1,Pump_hydro_ST,Electricity,2.078800000000001
557,2043,6,reg1,Pump_hydro_ST,Electricity,2.444883566007972
558,2043,7,reg1,Pump_hydro_ST,Electricity,2.444883566007972
559,2043,8,reg1,Pump_hydro_ST,Electricity,2.444883566007972
560,2043,9,reg1,Pump_hydro_ST,Electricity,2.444883566007972
561,2043,10,reg1,Pump_hydro_ST,Electricity,2.444883566007972
562,2043,11,reg1,Pump_hydro_ST,Electricity,2.444883566007972
563,2043,12,reg1,Pump_hydro_ST,Electricity,3.6278029999428565
564,2043,13,reg1,Pump_hydro_ST,Electricity,3.6278029999428565
565,2043,14,reg1,Pump_hydro_ST,Electricity,3.6278029999428565
566,2043,15,reg1,Pump_hydro_ST,Electricity,4.810722433877743
567,2043,16,reg1,Pump_hydro_ST,Electricity,4.810722433877743
568,2043,17,reg1,Pump_hydro_ST,Electricity,4.810722433877743
569,2043,18,reg1,Pump_hydro_ST,Electricity,4.810722433877743
570,2043,19,reg1,Pump_hydro_ST,Electricity,3.505820737063077
571,2043,20,reg1,Pump_hydro_ST,Electricity,2.078800000000001
572,2043,21,reg1,Pump_hydro_ST,Electricity,2.078800000000001
573,2043,22,reg1,Pump_hydro_ST,Electricity,2.078800000000001
574,2043,23,reg1,Pump_hydro_ST,Electricity,2.078800000000001
575,2043,24,reg1,Pump_hydro_ST,Electricity,2.078800000000001
576,2044,1,reg1,Pump_hydro_ST,Electricity,2.0787999999999975
577,2044,2,reg1,Pump_hydro_ST,Electricity,2.0787999999999975
578,2044,3,reg1,Pump_hydro_ST,Electricity,3.3113767749921266
579,2044,4,reg1,Pump_hydro_ST,Electricity,3.3113767749921266
580,2044,5,reg1,Pump_hydro_ST,Electricity,3.3113767749921266
581,2044,6,reg1,Pump_hydro_ST,Electricity,3.3113767749921266
582,2044,7,reg1,Pump_hydro_ST,Electricity,3.3113767749921266
583,2044,8,reg1,Pump_hydro_ST,Electricity,3.3113767749921266
584,2044,9,reg1,Pump_hydro_ST,Electricity,3.3113767749921266
585,2044,10,reg1,Pump_hydro_ST,Electricity,3.3113767749921266
586,2044,11,reg1,Pump_hydro_ST,Electricity,3.3113767749921266
587,2044,12,reg1,Pump_hydro_ST,Electricity,3.4657941623522035
588,2044,13,reg1,Pump_hydro_ST,Electricity,3.4657941623522035
589,2044,14,reg1,Pump_hydro_ST,Electricity,3.4657941623522035
590,2044,15,reg1,Pump_hydro_ST,Electricity,4.698370937344331
591,2044,16,reg1,Pump_hydro_ST,Electricity,4.698370937344331
592,2044,17,reg1,Pump_hydro_ST,Electricity,4.698370937344331
593,2044,18,reg1,Pump_hydro_ST,Electricity,4.698370937344331
594,2044,19,reg1,Pump_hydro_ST,Electricity,3.4483297499912506
595,2044,20,reg1,Pump_hydro_ST,Electricity,2.0787999999999958
596,2044,21,reg1,Pump_hydro_ST,Electricity,2.0787999999999958
597,2044,22,reg1,Pump_hydro_ST,Electricity,2.0787999999999958
598,2044,23,reg1,Pump_hydro_ST,Electricity,2.0787999999999958
599,2044,24,reg1,Pump_hydro_ST,Electricity,2.0787999999999958
600,2045,1,reg1,Pump_hydro_ST,Electricity,2.078800000000001
601,2045,2,reg1,Pump_hydro_ST,Electricity,2.078800000000001
602,2045,3,reg1,Pump_hydro_ST,Electricity,2.078800000000001
603,2045,4,reg1,Pump_hydro_ST,Electricity,3.2638522738890146
604,2045,5,reg1,Pump_hydro_ST,Electricity,2.078800000000001
605,2045,6,reg1,Pump_hydro_ST,Electricity,3.263852273889018
606,2045,7,reg1,Pump_hydro_ST,Electricity,4.448904547778032
607,2045,8,reg1,Pump_hydro_ST,Electricity,5.633956821667045
608,2045,9,reg1,Pump_hydro_ST,Electricity,6.8190090955560585
609,2045,10,reg1,Pump_hydro_ST,Electricity,7.26560048521468
610,2045,11,reg1,Pump_hydro_ST,Electricity,5.841148079448406
611,2045,12,reg1,Pump_hydro_ST,Electricity,7.026200353337423
612,2045,13,reg1,Pump_hydro_ST,Electricity,8.211252627226436
613,2045,14,reg1,Pump_hydro_ST,Electricity,9.39630490111545
614,2045,15,reg1,Pump_hydro_ST,Electricity,9.39630490111545
615,2045,16,reg1,Pump_hydro_ST,Electricity,10.394000000000002
616,2045,17,reg1,Pump_hydro_ST,Electricity,8.969547594233727
617,2045,18,reg1,Pump_hydro_ST,Electricity,7.545095188467453
618,2045,19,reg1,Pump_hydro_ST,Electricity,6.120642782701175
619,2045,20,reg1,Pump_hydro_ST,Electricity,4.696190376934901
620,2045,21,reg1,Pump_hydro_ST,Electricity,3.2717379711686263
621,2045,22,reg1,Pump_hydro_ST,Electricity,2.078800000000001
622,2045,23,reg1,Pump_hydro_ST,Electricity,3.2638522738890146
623,2045,24,reg1,Pump_hydro_ST,Electricity,2.078800000000001
624,2046,1,reg1,Pump_hydro_ST,Electricity,2.078800000000001
625,2046,2,reg1,Pump_hydro_ST,Electricity,2.078800000000001
626,2046,3,reg1,Pump_hydro_ST,Electricity,3.2659851138431364
627,2046,4,reg1,Pump_hydro_ST,Electricity,2.318412392006504
628,2046,5,reg1,Pump_hydro_ST,Electricity,3.5055975058496465
629,2046,6,reg1,Pump_hydro_ST,Electricity,2.0837042030980086
630,2046,7,reg1,Pump_hydro_ST,Electricity,3.2708893169411475
631,2046,8,reg1,Pump_hydro_ST,Electricity,4.458074430784297
632,2046,9,reg1,Pump_hydro_ST,Electricity,5.645259544627432
633,2046,10,reg1,Pump_hydro_ST,Electricity,6.832444658470575
634,2046,11,reg1,Pump_hydro_ST,Electricity,8.019629772313717
635,2046,12,reg1,Pump_hydro_ST,Electricity,9.20681488615686
636,2046,13,reg1,Pump_hydro_ST,Electricity,10.394000000000002
637,2046,14,reg1,Pump_hydro_ST,Electricity,9.20681488615686
638,2046,15,reg1,Pump_hydro_ST,Electricity,10.394000000000002
639,2046,16,reg1,Pump_hydro_ST,Electricity,10.394000000000002
640,2046,17,reg1,Pump_hydro_ST,Electricity,8.972106697248364
641,2046,18,reg1,Pump_hydro_ST,Electricity,7.55021339449673
642,2046,19,reg1,Pump_hydro_ST,Electricity,6.1283200917450955
643,2046,20,reg1,Pump_hydro_ST,Electricity,4.706426788993461
644,2046,21,reg1,Pump_hydro_ST,Electricity,3.284533486241827
645,2046,22,reg1,Pump_hydro_ST,Electricity,2.078799999999994
646,2046,23,reg1,Pump_hydro_ST,Electricity,2.078799999999994
647,2046,24,reg1,Pump_hydro_ST,Electricity,2.078799999999994
648,2047,1,reg1,Pump_hydro_ST,Electricity,2.078800000000001
649,2047,2,reg1,Pump_hydro_ST,Electricity,3.2681179537972724
650,2047,3,reg1,Pump_hydro_ST,Electricity,4.457435907594537
651,2047,4,reg1,Pump_hydro_ST,Electricity,4.457435907594537
652,2047,5,reg1,Pump_hydro_ST,Electricity,5.646753861391808
653,2047,6,reg1,Pump_hydro_ST,Electricity,5.646753861391808
654,2047,7,reg1,Pump_hydro_ST,Electricity,6.836071815189079
655,2047,8,reg1,Pump_hydro_ST,Electricity,5.416728436817998
656,2047,9,reg1,Pump_hydro_ST,Electricity,6.606046390615269
657,2047,10,reg1,Pump_hydro_ST,Electricity,7.795364344412533
658,2047,11,reg1,Pump_hydro_ST,Electricity,7.795364344412533
659,2047,12,reg1,Pump_hydro_ST,Electricity,7.795364344412533
660,2047,13,reg1,Pump_hydro_ST,Electricity,8.984682298209805
661,2047,14,reg1,Pump_hydro_ST,Electricity,8.015364092405463
662,2047,15,reg1,Pump_hydro_ST,Electricity,9.204682046202734
663,2047,16,reg1,Pump_hydro_ST,Electricity,10.393999999999998
664,2047,17,reg1,Pump_hydro_ST,Electricity,8.974656621628917
665,2047,18,reg1,Pump_hydro_ST,Electricity,7.555313243257835
666,2047,19,reg1,Pump_hydro_ST,Electricity,6.1359698648867464
667,2047,20,reg1,Pump_hydro_ST,Electricity,4.716626486515665
668,2047,21,reg1,Pump_hydro_ST,Electricity,3.49814337837109
669,2047,22,reg1,Pump_hydro_ST,Electricity,2.078800000000001
670,2047,23,reg1,Pump_hydro_ST,Electricity,2.078800000000001
671,2047,24,reg1,Pump_hydro_ST,Electricity,2.078800000000001
672,2048,1,reg1,Pump_hydro_ST,Electricity,2.078800000000001
673,2048,2,reg1,Pump_hydro_ST,Electricity,3.2702507937514014
674,2048,3,reg1,Pump_hydro_ST,Electricity,4.4617015875027946
675,2048,4,reg1,Pump_hydro_ST,Electricity,3.0448990041707447
676,2048,5,reg1,Pump_hydro_ST,Electricity,4.236349797922145
677,2048,6,reg1,Pump_hydro_ST,Electricity,4.236349797922145
678,2048,7,reg1,Pump_hydro_ST,Electricity,5.427800591673545
679,2048,8,reg1,Pump_hydro_ST,Electricity,5.427800591673545
680,2048,9,reg1,Pump_hydro_ST,Electricity,4.0146418544157285
681,2048,10,reg1,Pump_hydro_ST,Electricity,4.436746031243018
682,2048,11,reg1,Pump_hydro_ST,Electricity,5.6281968249944185
683,2048,12,reg1,Pump_hydro_ST,Electricity,6.819647618745812
684,2048,13,reg1,Pump_hydro_ST,Electricity,8.011098412497212
685,2048,14,reg1,Pump_hydro_ST,Electricity,9.202549206248605
686,2048,15,reg1,Pump_hydro_ST,Electricity,10.394000000000005
687,2048,16,reg1,Pump_hydro_ST,Electricity,10.394000000000005
688,2048,17,reg1,Pump_hydro_ST,Electricity,8.977197416667956
689,2048,18,reg1,Pump_hydro_ST,Electricity,7.560394833335906
690,2048,19,reg1,Pump_hydro_ST,Electricity,6.143592250003856
691,2048,20,reg1,Pump_hydro_ST,Electricity,4.726789666671806
692,2048,21,reg1,Pump_hydro_ST,Electricity,3.495602583332051
693,2048,22,reg1,Pump_hydro_ST,Electricity,2.078800000000001
694,2048,23,reg1,Pump_hydro_ST,Electricity,2.078800000000001
695,2048,24,reg1,Pump_hydro_ST,Electricity,2.078800000000001
696,2049,1,reg1,Pump_hydro_ST,Electricity,2.078800000000001
697,2049,2,reg1,Pump_hydro_ST,Electricity,2.078800000000001
698,2049,3,reg1,Pump_hydro_ST,Electricity,2.078800000000001
699,2049,4,reg1,Pump_hydro_ST,Electricity,3.272383633705523
700,2049,5,reg1,Pump_hydro_ST,Electricity,4.465967267411052
701,2049,6,reg1,Pump_hydro_ST,Electricity,5.006267315459873
702,2049,7,reg1,Pump_hydro_ST,Electricity,5.006267315459873
703,2049,8,reg1,Pump_hydro_ST,Electricity,5.006267315459873
704,2049,9,reg1,Pump_hydro_ST,Electricity,6.199850949165402
705,2049,10,reg1,Pump_hydro_ST,Electricity,6.756688006476828
706,2049,11,reg1,Pump_hydro_ST,Electricity,7.950271640182358
707,2049,12,reg1,Pump_hydro_ST,Electricity,8.227519967577727
708,2049,13,reg1,Pump_hydro_ST,Electricity,6.813249098883432
709,2049,14,reg1,Pump_hydro_ST,Electricity,8.006832732588961
710,2049,15,reg1,Pump_hydro_ST,Electricity,9.200416366294476
711,2049,16,reg1,Pump_hydro_ST,Electricity,10.394000000000005
712,2049,17,reg1,Pump_hydro_ST,Electricity,8.979729131305717
713,2049,18,reg1,Pump_hydro_ST,Electricity,7.565458262611429
714,2049,19,reg1,Pump_hydro_ST,Electricity,6.151187393917127
715,2049,20,reg1,Pump_hydro_ST,Electricity,4.7369165252228385
716,2049,21,reg1,Pump_hydro_ST,Electricity,3.3226456565285503
717,2049,22,reg1,Pump_hydro_ST,Electricity,2.078800000000001
718,2049,23,reg1,Pump_hydro_ST,Electricity,2.078800000000001
719,2049,24,reg1,Pump_hydro_ST,Electricity,2.078800000000001
720,2050,1,reg1,Pump_hydro_ST,Electricity,2.078800000000001
721,2050,2,reg1,Pump_hydro_ST,Electricity,3.2745164736596593
722,2050,3,reg1,Pump_hydro_ST,Electricity,3.490548185866757
723,2050,4,reg1,Pump_hydro_ST,Electricity,2.078800000000001
724,2050,5,reg1,Pump_hydro_ST,Electricity,3.274516473659645
725,2050,6,reg1,Pump_hydro_ST,Electricity,4.470232947319303
726,2050,7,reg1,Pump_hydro_ST,Electricity,4.470232947319303
727,2050,8,reg1,Pump_hydro_ST,Electricity,5.665949420978947
728,2050,9,reg1,Pump_hydro_ST,Electricity,6.861665894638605
729,2050,10,reg1,Pump_hydro_ST,Electricity,7.553714646070873
730,2050,11,reg1,Pump_hydro_ST,Electricity,6.141966460204131
731,2050,12,reg1,Pump_hydro_ST,Electricity,6.806850579021045
732,2050,13,reg1,Pump_hydro_ST,Electricity,8.002567052680703
733,2050,14,reg1,Pump_hydro_ST,Electricity,8.002567052680703
734,2050,15,reg1,Pump_hydro_ST,Electricity,9.198283526340347
735,2050,16,reg1,Pump_hydro_ST,Electricity,10.394000000000005
736,2050,17,reg1,Pump_hydro_ST,Electricity,8.98225181413325
737,2050,18,reg1,Pump_hydro_ST,Electricity,7.725792743466997
738,2050,19,reg1,Pump_hydro_ST,Electricity,6.314044557600255
739,2050,20,reg1,Pump_hydro_ST,Electricity,4.902296371733499
740,2050,21,reg1,Pump_hydro_ST,Electricity,3.490548185866757
741,2050,22,reg1,Pump_hydro_ST,Electricity,2.078800000000001
742,2050,23,reg1,Pump_hydro_ST,Electricity,2.078800000000001
743,2050,24,reg1,Pump_hydro_ST,Electricity,2.078800000000001
744,2020,1,reg1,Electrochemical_ST,Electricity,0.0
745,2020,2,reg1,Electrochemical_ST,Electricity,0.0
746,2020,3,reg1,Electrochemical_ST,Electricity,0.0
747,2020,4,reg1,Electrochemical_ST,Electricity,0.0
748,2020,5,reg1,Electrochemical_ST,Electricity,0.0
749,2020,6,reg1,Electrochemical_ST,Electricity,0.0
750,2020,7,reg1,Electrochemical_ST,Electricity,0.0
751,2020,8,reg1,Electrochemical_ST,Electricity,0.0
752,2020,9,reg1,Electrochemical_ST,Electricity,0.0
753,2020,10,reg1,Electrochemical_ST,Electricity,0.0
754,2020,11,reg1,Electrochemical_ST,Electricity,0.0
755,2020,12,reg1,Electrochemical_ST,Electricity,0.0
756,2020,13,reg1,Electrochemical_ST,Electricity,0.0
757,2020,14,reg1,Electrochemical_ST,Electricity,0.0
758,2020,15,reg1,Electrochemical_ST,Electricity,0.0
759,2020,16,reg1,Electrochemical_ST,Electricity,0.0
760,2020,17,reg1,Electrochemical_ST,Electricity,0.0
761,2020,18,reg1,Electrochemical_ST,Electricity,0.0
762,2020,19,reg1,Electrochemical_ST,Electricity,0.0
763,2020,20,reg1,Electrochemical_ST,Electricity,0.0
764,2020,21,reg1,Electrochemical_ST,Electricity,0.0
765,2020,22,reg1,Electrochemical_ST,Electricity,0.0
766,2020,23,reg1,Electrochemical_ST,Electricity,0.0
767,2020,24,reg1,Electrochemical_ST,Electricity,0.0
768,2021,1,reg1,Electrochemical_ST,Electricity,0.12140000000000001
769,2021,2,reg1,Electrochemical_ST,Electricity,0.2653626904791655
770,2021,3,reg1,Electrochemical_ST,Electricity,0.28135854497685053
771,2021,4,reg1,Electrochemical_ST,Electricity,0.28135854497685053
772,2021,5,reg1,Electrochemical_ST,Electricity,0.28135854497685053
773,2021,6,reg1,Electrochemical_ST,Electricity,0.28135854497685053
774,2021,7,reg1,Electrochemical_ST,Electricity,0.28135854497685053
775,2021,8,reg1,Electrochemical_ST,Electricity,0.28135854497685053
776,2021,9,reg1,Electrochemical_ST,Electricity,0.28135854497685053
777,2021,10,reg1,Electrochemical_ST,Electricity,0.28135854497685053
778,2021,11,reg1,Electrochemical_ST,Electricity,0.28135854497685053
779,2021,12,reg1,Electrochemical_ST,Electricity,0.28135854497685053
780,2021,13,reg1,Electrochemical_ST,Electricity,0.28135854497685053
781,2021,14,reg1,Electrochemical_ST,Electricity,0.28135854497685053
782,2021,15,reg1,Electrochemical_ST,Electricity,0.28135854497685053
783,2021,16,reg1,Electrochemical_ST,Electricity,0.12140000000000001
784,2021,17,reg1,Electrochemical_ST,Electricity,0.12140000000000001
785,2021,18,reg1,Electrochemical_ST,Electricity,0.12140000000000001
786,2021,19,reg1,Electrochemical_ST,Electricity,0.12140000000000001
787,2021,20,reg1,Electrochemical_ST,Electricity,0.12140000000000001
788,2021,21,reg1,Electrochemical_ST,Electricity,0.12140000000000001
789,2021,22,reg1,Electrochemical_ST,Electricity,0.12140000000000001
790,2021,23,reg1,Electrochemical_ST,Electricity,0.12140000000000001
791,2021,24,reg1,Electrochemical_ST,Electricity,0.12140000000000001
792,2022,1,reg1,Electrochemical_ST,Electricity,0.24280000000000002
793,2022,2,reg1,Electrochemical_ST,Electricity,0.24280000000000002
794,2022,3,reg1,Electrochemical_ST,Electricity,0.24280000000000002
795,2022,4,reg1,Electrochemical_ST,Electricity,0.24280000000000002
796,2022,5,reg1,Electrochemical_ST,Electricity,0.24280000000000002
797,2022,6,reg1,Electrochemical_ST,Electricity,0.24280000000000002
798,2022,7,reg1,Electrochemical_ST,Electricity,0.24280000000000002
799,2022,8,reg1,Electrochemical_ST,Electricity,0.24280000000000002
800,2022,9,reg1,Electrochemical_ST,Electricity,0.24280000000000002
801,2022,10,reg1,Electrochemical_ST,Electricity,0.24280000000000002
802,2022,11,reg1,Electrochemical_ST,Electricity,0.24280000000000002
803,2022,12,reg1,Electrochemical_ST,Electricity,0.24280000000000002
804,2022,13,reg1,Electrochemical_ST,Electricity,0.24280000000000002
805,2022,14,reg1,Electrochemical_ST,Electricity,0.24280000000000002
806,2022,15,reg1,Electrochemical_ST,Electricity,0.24280000000000002
807,2022,16,reg1,Electrochemical_ST,Electricity,0.24280000000000002
808,2022,17,reg1,Electrochemical_ST,Electricity,0.24280000000000002
809,2022,18,reg1,Electrochemical_ST,Electricity,0.24280000000000002
810,2022,19,reg1,Electrochemical_ST,Electricity,0.24280000000000002
811,2022,20,reg1,Electrochemical_ST,Electricity,0.24280000000000002
812,2022,21,reg1,Electrochemical_ST,Electricity,0.24280000000000002
813,2022,22,reg1,Electrochemical_ST,Electricity,0.24280000000000002
814,2022,23,reg1,Electrochemical_ST,Electricity,0.24280000000000002
815,2022,24,reg1,Electrochemical_ST,Electricity,0.24280000000000002
816,2023,1,reg1,Electrochemical_ST,Electricity,0.3642
817,2023,2,reg1,Electrochemical_ST,Electricity,0.3642
818,2023,3,reg1,Electrochemical_ST,Electricity,0.3642
819,2023,4,reg1,Electrochemical_ST,Electricity,0.3642
820,2023,5,reg1,Electrochemical_ST,Electricity,0.3642
821,2023,6,reg1,Electrochemical_ST,Electricity,0.3642
822,2023,7,reg1,Electrochemical_ST,Electricity,0.3642
823,2023,8,reg1,Electrochemical_ST,Electricity,0.3642
824,2023,9,reg1,Electrochemical_ST,Electricity,0.3642
825,2023,10,reg1,Electrochemical_ST,Electricity,0.3642
826,2023,11,reg1,Electrochemical_ST,Electricity,0.3642
827,2023,12,reg1,Electrochemical_ST,Electricity,0.3642
828,2023,13,reg1,Electrochemical_ST,Electricity,0.3642
829,2023,14,reg1,Electrochemical_ST,Electricity,0.3642
830,2023,15,reg1,Electrochemical_ST,Electricity,0.3642
831,2023,16,reg1,Electrochemical_ST,Electricity,0.3642
832,2023,17,reg1,Electrochemical_ST,Electricity,0.3642
833,2023,18,reg1,Electrochemical_ST,Electricity,0.3642
834,2023,19,reg1,Electrochemical_ST,Electricity,0.3642
835,2023,20,reg1,Electrochemical_ST,Electricity,0.3642
836,2023,21,reg1,Electrochemical_ST,Electricity,0.3642
837,2023,22,reg1,Electrochemical_ST,Electricity,0.3642
838,2023,23,reg1,Electrochemical_ST,Electricity,0.3642
839,2023,24,reg1,Electrochemical_ST,Electricity,0.3642
840,2024,1,reg1,Electrochemical_ST,Electricity,0.4856000000000002
841,2024,2,reg1,Electrochemical_ST,Electricity,0.4856000000000002
842,2024,3,reg1,Electrochemical_ST,Electricity,0.4856000000000002
843,2024,4,reg1,Electrochemical_ST,Electricity,0.4856000000000002
844,2024,5,reg1,Electrochemical_ST,Electricity,0.4856000000000002
845,2024,6,reg1,Electrochemical_ST,Electricity,0.4856000000000002
846,2024,7,reg1,Electrochemical_ST,Electricity,0.4856000000000002
847,2024,8,reg1,Electrochemical_ST,Electricity,0.4856000000000002
848,2024,9,reg1,Electrochemical_ST,Electricity,0.4856000000000002
849,2024,10,reg1,Electrochemical_ST,Electricity,0.4856000000000002
850,2024,11,reg1,Electrochemical_ST,Electricity,0.4856000000000002
851,2024,12,reg1,Electrochemical_ST,Electricity,0.4856000000000002
852,2024,13,reg1,Electrochemical_ST,Electricity,0.4856000000000002
853,2024,14,reg1,Electrochemical_ST,Electricity,0.4856000000000002
854,2024,15,reg1,Electrochemical_ST,Electricity,0.4856000000000002
855,2024,16,reg1,Electrochemical_ST,Electricity,0.4856000000000002
856,2024,17,reg1,Electrochemical_ST,Electricity,0.4856000000000002
857,2024,18,reg1,Electrochemical_ST,Electricity,0.4856000000000002
858,2024,19,reg1,Electrochemical_ST,Electricity,0.4856000000000002
859,2024,20,reg1,Electrochemical_ST,Electricity,0.4856000000000002
860,2024,21,reg1,Electrochemical_ST,Electricity,0.4856000000000002
861,2024,22,reg1,Electrochemical_ST,Electricity,0.4856000000000002
862,2024,23,reg1,Electrochemical_ST,Electricity,0.4856000000000002
863,2024,24,reg1,Electrochemical_ST,Electricity,0.4856000000000002
864,2025,1,reg1,Electrochemical_ST,Electricity,0.607
865,2025,2,reg1,Electrochemical_ST,Electricity,0.607
866,2025,3,reg1,Electrochemical_ST,Electricity,0.607
867,2025,4,reg1,Electrochemical_ST,Electricity,0.607
868,2025,5,reg1,Electrochemical_ST,Electricity,0.607
869,2025,6,reg1,Electrochemical_ST,Electricity,0.607
870,2025,7,reg1,Electrochemical_ST,Electricity,0.607
871,2025,8,reg1,Electrochemical_ST,Electricity,0.607
872,2025,9,reg1,Electrochemical_ST,Electricity,0.607
873,2025,10,reg1,Electrochemical_ST,Electricity,0.607
874,2025,11,reg1,Electrochemical_ST,Electricity,0.607
875,2025,12,reg1,Electrochemical_ST,Electricity,0.607
876,2025,13,reg1,Electrochemical_ST,Electricity,0.607
877,2025,14,reg1,Electrochemical_ST,Electricity,0.607
878,2025,15,reg1,Electrochemical_ST,Electricity,0.607
879,2025,16,reg1,Electrochemical_ST,Electricity,0.607
880,2025,17,reg1,Electrochemical_ST,Electricity,0.607
881,2025,18,reg1,Electrochemical_ST,Electricity,0.607
882,2025,19,reg1,Electrochemical_ST,Electricity,0.607
883,2025,20,reg1,Electrochemical_ST,Electricity,0.607
884,2025,21,reg1,Electrochemical_ST,Electricity,0.607
885,2025,22,reg1,Electrochemical_ST,Electricity,0.607
886,2025,23,reg1,Electrochemical_ST,Electricity,0.607
887,2025,24,reg1,Electrochemical_ST,Electricity,0.607
888,2026,1,reg1,Electrochemical_ST,Electricity,0.7870000000000001
889,2026,2,reg1,Electrochemical_ST,Electricity,0.7870000000000001
890,2026,3,reg1,Electrochemical_ST,Electricity,0.7870000000000001
891,2026,4,reg1,Electrochemical_ST,Electricity,0.7870000000000001
892,2026,5,reg1,Electrochemical_ST,Electricity,0.7870000000000001
893,2026,6,reg1,Electrochemical_ST,Electricity,0.7870000000000001
894,2026,7,reg1,Electrochemical_ST,Electricity,0.7870000000000001
895,2026,8,reg1,Electrochemical_ST,Electricity,0.7870000000000001
896,2026,9,reg1,Electrochemical_ST,Electricity,0.7870000000000001
897,2026,10,reg1,Electrochemical_ST,Electricity,0.7870000000000001
898,2026,11,reg1,Electrochemical_ST,Electricity,0.7870000000000001
899,2026,12,reg1,Electrochemical_ST,Electricity,0.7870000000000001
900,2026,13,reg1,Electrochemical_ST,Electricity,0.7870000000000001
901,2026,14,reg1,Electrochemical_ST,Electricity,0.7870000000000001
902,2026,15,reg1,Electrochemical_ST,Electricity,0.7870000000000001
903,2026,16,reg1,Electrochemical_ST,Electricity,0.7870000000000001
904,2026,17,reg1,Electrochemical_ST,Electricity,0.7870000000000001
905,2026,18,reg1,Electrochemical_ST,Electricity,0.7870000000000001
906,2026,19,reg1,Electrochemical_ST,Electricity,0.7870000000000001
907,2026,20,reg1,Electrochemical_ST,Electricity,0.7870000000000001
908,2026,21,reg1,Electrochemical_ST,Electricity,0.7870000000000001
909,2026,22,reg1,Electrochemical_ST,Electricity,0.7870000000000001
910,2026,23,reg1,Electrochemical_ST,Electricity,0.7870000000000001
911,2026,24,reg1,Electrochemical_ST,Electricity,0.7870000000000001
912,2027,1,reg1,Electrochemical_ST,Electricity,0.9669999999999996
913,2027,2,reg1,Electrochemical_ST,Electricity,0.9669999999999996
914,2027,3,reg1,Electrochemical_ST,Electricity,0.9669999999999996
915,2027,4,reg1,Electrochemical_ST,Electricity,0.9669999999999996
916,2027,5,reg1,Electrochemical_ST,Electricity,0.9669999999999996
917,2027,6,reg1,Electrochemical_ST,Electricity,0.9669999999999996
918,2027,7,reg1,Electrochemical_ST,Electricity,0.9669999999999996
919,2027,8,reg1,Electrochemical_ST,Electricity,0.9669999999999996
920,2027,9,reg1,Electrochemical_ST,Electricity,0.9669999999999996
921,2027,10,reg1,Electrochemical_ST,Electricity,0.9669999999999996
922,2027,11,reg1,Electrochemical_ST,Electricity,0.9669999999999996
923,2027,12,reg1,Electrochemical_ST,Electricity,0.9669999999999996
924,2027,13,reg1,Electrochemical_ST,Electricity,0.9669999999999996
925,2027,14,reg1,Electrochemical_ST,Electricity,0.9669999999999996
926,2027,15,reg1,Electrochemical_ST,Electricity,0.9669999999999996
927,2027,16,reg1,Electrochemical_ST,Electricity,0.9669999999999996
928,2027,17,reg1,Electrochemical_ST,Electricity,0.9669999999999996
929,2027,18,reg1,Electrochemical_ST,Electricity,0.9669999999999996
930,2027,19,reg1,Electrochemical_ST,Electricity,0.9669999999999996
931,2027,20,reg1,Electrochemical_ST,Electricity,0.9669999999999996
932,2027,21,reg1,Electrochemical_ST,Electricity,0.9669999999999996
933,2027,22,reg1,Electrochemical_ST,Electricity,0.9669999999999996
934,2027,23,reg1,Electrochemical_ST,Electricity,0.9669999999999996
935,2027,24,reg1,Electrochemical_ST,Electricity,0.9669999999999996
936,2028,1,reg1,Electrochemical_ST,Electricity,1.1469999999999998
937,2028,2,reg1,Electrochemical_ST,Electricity,1.1469999999999998
938,2028,3,reg1,Electrochemical_ST,Electricity,1.1469999999999998
939,2028,4,reg1,Electrochemical_ST,Electricity,1.1469999999999998
940,2028,5,reg1,Electrochemical_ST,Electricity,1.1469999999999998
941,2028,6,reg1,Electrochemical_ST,Electricity,1.1469999999999998
942,2028,7,reg1,Electrochemical_ST,Electricity,1.1469999999999998
943,2028,8,reg1,Electrochemical_ST,Electricity,1.1469999999999998
944,2028,9,reg1,Electrochemical_ST,Electricity,1.1469999999999998
945,2028,10,reg1,Electrochemical_ST,Electricity,2.507174678579924
946,2028,11,reg1,Electrochemical_ST,Electricity,2.658305198422138
947,2028,12,reg1,Electrochemical_ST,Electricity,2.658305198422138
948,2028,13,reg1,Electrochemical_ST,Electricity,2.658305198422138
949,2028,14,reg1,Electrochemical_ST,Electricity,2.658305198422138
950,2028,15,reg1,Electrochemical_ST,Electricity,2.658305198422138
951,2028,16,reg1,Electrochemical_ST,Electricity,2.658305198422138
952,2028,17,reg1,Electrochemical_ST,Electricity,2.658305198422138
953,2028,18,reg1,Electrochemical_ST,Electricity,2.658305198422138
954,2028,19,reg1,Electrochemical_ST,Electricity,2.658305198422138
955,2028,20,reg1,Electrochemical_ST,Electricity,1.147
956,2028,21,reg1,Electrochemical_ST,Electricity,1.147
957,2028,22,reg1,Electrochemical_ST,Electricity,1.147
958,2028,23,reg1,Electrochemical_ST,Electricity,1.147
959,2028,24,reg1,Electrochemical_ST,Electricity,1.147
960,2029,1,reg1,Electrochemical_ST,Electricity,1.3269999999999997
961,2029,2,reg1,Electrochemical_ST,Electricity,1.3424711679426207
962,2029,3,reg1,Electrochemical_ST,Electricity,1.3424711679426207
963,2029,4,reg1,Electrochemical_ST,Electricity,1.3424711679426207
964,2029,5,reg1,Electrochemical_ST,Electricity,1.3424711679426207
965,2029,6,reg1,Electrochemical_ST,Electricity,1.3424711679426207
966,2029,7,reg1,Electrochemical_ST,Electricity,1.3424711679426207
967,2029,8,reg1,Electrochemical_ST,Electricity,1.3424711679426207
968,2029,9,reg1,Electrochemical_ST,Electricity,1.3424711679426207
969,2029,10,reg1,Electrochemical_ST,Electricity,1.3424711679426207
970,2029,11,reg1,Electrochemical_ST,Electricity,2.9160995885839105
971,2029,12,reg1,Electrochemical_ST,Electricity,2.9160995885839105
972,2029,13,reg1,Electrochemical_ST,Electricity,2.9160995885839105
973,2029,14,reg1,Electrochemical_ST,Electricity,2.9160995885839105
974,2029,15,reg1,Electrochemical_ST,Electricity,2.9160995885839105
975,2029,16,reg1,Electrochemical_ST,Electricity,2.9160995885839105
976,2029,17,reg1,Electrochemical_ST,Electricity,2.9160995885839105
977,2029,18,reg1,Electrochemical_ST,Electricity,2.9160995885839105
978,2029,19,reg1,Electrochemical_ST,Electricity,2.153646184165288
979,2029,20,reg1,Electrochemical_ST,Electricity,1.327
980,2029,21,reg1,Electrochemical_ST,Electricity,1.327
981,2029,22,reg1,Electrochemical_ST,Electricity,1.327
982,2029,23,reg1,Electrochemical_ST,Electricity,1.327
983,2029,24,reg1,Electrochemical_ST,Electricity,1.327
984,2030,1,reg1,Electrochemical_ST,Electricity,1.5069999999999997
985,2030,2,reg1,Electrochemical_ST,Electricity,1.5069999999999997
986,2030,3,reg1,Electrochemical_ST,Electricity,1.5069999999999997
987,2030,4,reg1,Electrochemical_ST,Electricity,1.5069999999999997
988,2030,5,reg1,Electrochemical_ST,Electricity,1.5069999999999997
989,2030,6,reg1,Electrochemical_ST,Electricity,1.5069999999999997
990,2030,7,reg1,Electrochemical_ST,Electricity,1.5069999999999997
991,2030,8,reg1,Electrochemical_ST,Electricity,2.216230698574118
992,2030,9,reg1,Electrochemical_ST,Electricity,2.216230698574118
993,2030,10,reg1,Electrochemical_ST,Electricity,2.216230698574118
994,2030,11,reg1,Electrochemical_ST,Electricity,2.216230698574118
995,2030,12,reg1,Electrochemical_ST,Electricity,4.003312861276774
996,2030,13,reg1,Electrochemical_ST,Electricity,4.003312861276774
997,2030,14,reg1,Electrochemical_ST,Electricity,5.7903950239794275
998,2030,15,reg1,Electrochemical_ST,Electricity,7.534999999999999
999,2030,16,reg1,Electrochemical_ST,Electricity,7.534999999999999
1000,2030,17,reg1,Electrochemical_ST,Electricity,7.534999999999999
1001,2030,18,reg1,Electrochemical_ST,Electricity,5.549353152552604
1002,2030,19,reg1,Electrochemical_ST,Electricity,3.5637063051052094
1003,2030,20,reg1,Electrochemical_ST,Electricity,1.5780594576578153
1004,2030,21,reg1,Electrochemical_ST,Electricity,1.5069999999999997
1005,2030,22,reg1,Electrochemical_ST,Electricity,1.5069999999999997
1006,2030,23,reg1,Electrochemical_ST,Electricity,1.5069999999999997
1007,2030,24,reg1,Electrochemical_ST,Electricity,1.5069999999999997
1008,2031,1,reg1,Electrochemical_ST,Electricity,1.5069999999999997
1009,2031,2,reg1,Electrochemical_ST,Electricity,3.2940821627026544
1010,2031,3,reg1,Electrochemical_ST,Electricity,3.2940821627026544
1011,2031,4,reg1,Electrochemical_ST,Electricity,3.960835674594689
1012,2031,5,reg1,Electrochemical_ST,Electricity,3.960835674594689
1013,2031,6,reg1,Electrochemical_ST,Electricity,3.960835674594689
1014,2031,7,reg1,Electrochemical_ST,Electricity,3.960835674594689
1015,2031,8,reg1,Electrochemical_ST,Electricity,3.960835674594689
1016,2031,9,reg1,Electrochemical_ST,Electricity,5.747917837297344
1017,2031,10,reg1,Electrochemical_ST,Electricity,5.747917837297344
1018,2031,11,reg1,Electrochemical_ST,Electricity,5.747917837297344
1019,2031,12,reg1,Electrochemical_ST,Electricity,5.747917837297344
1020,2031,13,reg1,Electrochemical_ST,Electricity,5.747917837297344
1021,2031,14,reg1,Electrochemical_ST,Electricity,7.534999999999998
1022,2031,15,reg1,Electrochemical_ST,Electricity,7.534999999999998
1023,2031,16,reg1,Electrochemical_ST,Electricity,7.534999999999998
1024,2031,17,reg1,Electrochemical_ST,Electricity,6.669339259679651
1025,2031,18,reg1,Electrochemical_ST,Electricity,7.4639405423421845
1026,2031,19,reg1,Electrochemical_ST,Electricity,5.478293694894791
1027,2031,20,reg1,Electrochemical_ST,Electricity,3.4926468474473964
1028,2031,21,reg1,Electrochemical_ST,Electricity,1.5070000000000014
1029,2031,22,reg1,Electrochemical_ST,Electricity,1.5070000000000014
1030,2031,23,reg1,Electrochemical_ST,Electricity,1.5070000000000014
1031,2031,24,reg1,Electrochemical_ST,Electricity,1.5070000000000014
1032,2032,1,reg1,Electrochemical_ST,Electricity,1.5070000000000014
1033,2032,2,reg1,Electrochemical_ST,Electricity,1.5070000000000014
1034,2032,3,reg1,Electrochemical_ST,Electricity,1.5070000000000014
1035,2032,4,reg1,Electrochemical_ST,Electricity,1.5070000000000014
1036,2032,5,reg1,Electrochemical_ST,Electricity,1.5070000000000014
1037,2032,6,reg1,Electrochemical_ST,Electricity,1.5070000000000014
1038,2032,7,reg1,Electrochemical_ST,Electricity,2.407648522522159
1039,2032,8,reg1,Electrochemical_ST,Electricity,2.407648522522159
1040,2032,9,reg1,Electrochemical_ST,Electricity,4.194730685224812
1041,2032,10,reg1,Electrochemical_ST,Electricity,4.194730685224812
1042,2032,11,reg1,Electrochemical_ST,Electricity,4.194730685224812
1043,2032,12,reg1,Electrochemical_ST,Electricity,4.194730685224812
1044,2032,13,reg1,Electrochemical_ST,Electricity,4.194730685224812
1045,2032,14,reg1,Electrochemical_ST,Electricity,5.478293694894791
1046,2032,15,reg1,Electrochemical_ST,Electricity,5.478293694894791
1047,2032,16,reg1,Electrochemical_ST,Electricity,5.478293694894791
1048,2032,17,reg1,Electrochemical_ST,Electricity,5.478293694894791
1049,2032,18,reg1,Electrochemical_ST,Electricity,5.478293694894791
1050,2032,19,reg1,Electrochemical_ST,Electricity,3.4926468474473964
1051,2032,20,reg1,Electrochemical_ST,Electricity,1.5070000000000014
1052,2032,21,reg1,Electrochemical_ST,Electricity,1.5070000000000014
1053,2032,22,reg1,Electrochemical_ST,Electricity,1.5070000000000014
1054,2032,23,reg1,Electrochemical_ST,Electricity,1.5070000000000014
1055,2032,24,reg1,Electrochemical_ST,Electricity,1.5070000000000014
1056,2033,1,reg1,Electrochemical_ST,Electricity,1.5070000000000014
1057,2033,2,reg1,Electrochemical_ST,Electricity,1.5070000000000014
1058,2033,3,reg1,Electrochemical_ST,Electricity,1.5070000000000014
1059,2033,4,reg1,Electrochemical_ST,Electricity,1.5070000000000014
1060,2033,5,reg1,Electrochemical_ST,Electricity,1.5070000000000014
1061,2033,6,reg1,Electrochemical_ST,Electricity,1.5070000000000014
1062,2033,7,reg1,Electrochemical_ST,Electricity,1.5070000000000014
1063,2033,8,reg1,Electrochemical_ST,Electricity,3.2940821627026544
1064,2033,9,reg1,Electrochemical_ST,Electricity,3.2940821627026544
1065,2033,10,reg1,Electrochemical_ST,Electricity,3.2940821627026544
1066,2033,11,reg1,Electrochemical_ST,Electricity,4.60232898240309
1067,2033,12,reg1,Electrochemical_ST,Electricity,4.60232898240309
1068,2033,13,reg1,Electrochemical_ST,Electricity,4.60232898240309
1069,2033,14,reg1,Electrochemical_ST,Electricity,6.389411145105743
1070,2033,15,reg1,Electrochemical_ST,Electricity,6.389411145105743
1071,2033,16,reg1,Electrochemical_ST,Electricity,6.389411145105743
1072,2033,17,reg1,Electrochemical_ST,Electricity,5.478293694894791
1073,2033,18,reg1,Electrochemical_ST,Electricity,5.478293694894791
1074,2033,19,reg1,Electrochemical_ST,Electricity,3.4926468474473964
1075,2033,20,reg1,Electrochemical_ST,Electricity,1.5070000000000014
1076,2033,21,reg1,Electrochemical_ST,Electricity,1.5070000000000014
1077,2033,22,reg1,Electrochemical_ST,Electricity,1.5070000000000014
1078,2033,23,reg1,Electrochemical_ST,Electricity,1.5070000000000014
1079,2033,24,reg1,Electrochemical_ST,Electricity,1.5070000000000014
1080,2034,1,reg1,Electrochemical_ST,Electricity,1.5070000000000014
1081,2034,2,reg1,Electrochemical_ST,Electricity,1.5070000000000014
1082,2034,3,reg1,Electrochemical_ST,Electricity,1.5070000000000014
1083,2034,4,reg1,Electrochemical_ST,Electricity,3.294082162702658
1084,2034,5,reg1,Electrochemical_ST,Electricity,3.294082162702658
1085,2034,6,reg1,Electrochemical_ST,Electricity,5.081164325405311
1086,2034,7,reg1,Electrochemical_ST,Electricity,5.67685837963953
1087,2034,8,reg1,Electrochemical_ST,Electricity,5.67685837963953
1088,2034,9,reg1,Electrochemical_ST,Electricity,7.463940542342183
1089,2034,10,reg1,Electrochemical_ST,Electricity,7.463940542342183
1090,2034,11,reg1,Electrochemical_ST,Electricity,7.463940542342183
1091,2034,12,reg1,Electrochemical_ST,Electricity,7.463940542342183
1092,2034,13,reg1,Electrochemical_ST,Electricity,7.463940542342183
1093,2034,14,reg1,Electrochemical_ST,Electricity,7.463940542342183
1094,2034,15,reg1,Electrochemical_ST,Electricity,7.463940542342183
1095,2034,16,reg1,Electrochemical_ST,Electricity,7.463940542342183
1096,2034,17,reg1,Electrochemical_ST,Electricity,7.463940542342183
1097,2034,18,reg1,Electrochemical_ST,Electricity,7.463940542342183
1098,2034,19,reg1,Electrochemical_ST,Electricity,5.478293694894788
1099,2034,20,reg1,Electrochemical_ST,Electricity,3.4926468474473964
1100,2034,21,reg1,Electrochemical_ST,Electricity,1.5070000000000014
1101,2034,22,reg1,Electrochemical_ST,Electricity,1.5070000000000014
1102,2034,23,reg1,Electrochemical_ST,Electricity,1.5070000000000014
1103,2034,24,reg1,Electrochemical_ST,Electricity,1.5070000000000014
1104,2035,1,reg1,Electrochemical_ST,Electricity,1.5070000000000014
1105,2035,2,reg1,Electrochemical_ST,Electricity,1.5070000000000014
1106,2035,3,reg1,Electrochemical_ST,Electricity,1.5070000000000014
1107,2035,4,reg1,Electrochemical_ST,Electricity,1.5070000000000014
1108,2035,5,reg1,Electrochemical_ST,Electricity,3.2940821627026615
1109,2035,6,reg1,Electrochemical_ST,Electricity,3.2940821627026615
1110,2035,7,reg1,Electrochemical_ST,Electricity,3.2940821627026615
1111,2035,8,reg1,Electrochemical_ST,Electricity,5.0811643254053145
1112,2035,9,reg1,Electrochemical_ST,Electricity,5.0811643254053145
1113,2035,10,reg1,Electrochemical_ST,Electricity,5.0811643254053145
1114,2035,11,reg1,Electrochemical_ST,Electricity,5.67685837963953
1115,2035,12,reg1,Electrochemical_ST,Electricity,5.67685837963953
1116,2035,13,reg1,Electrochemical_ST,Electricity,5.67685837963953
1117,2035,14,reg1,Electrochemical_ST,Electricity,5.67685837963953
1118,2035,15,reg1,Electrochemical_ST,Electricity,5.67685837963953
1119,2035,16,reg1,Electrochemical_ST,Electricity,5.67685837963953
1120,2035,17,reg1,Electrochemical_ST,Electricity,5.67685837963953
1121,2035,18,reg1,Electrochemical_ST,Electricity,5.67685837963953
1122,2035,19,reg1,Electrochemical_ST,Electricity,3.691211532192135
1123,2035,20,reg1,Electrochemical_ST,Electricity,1.7055646847447434
1124,2035,21,reg1,Electrochemical_ST,Electricity,1.7055646847447434
1125,2035,22,reg1,Electrochemical_ST,Electricity,3.4926468474473964
1126,2035,23,reg1,Electrochemical_ST,Electricity,1.506999999999998
1127,2035,24,reg1,Electrochemical_ST,Electricity,1.506999999999998
1128,2036,1,reg1,Electrochemical_ST,Electricity,1.506999999999998
1129,2036,2,reg1,Electrochemical_ST,Electricity,1.506999999999998
1130,2036,3,reg1,Electrochemical_ST,Electricity,1.506999999999998
1131,2036,4,reg1,Electrochemical_ST,Electricity,1.506999999999998
1132,2036,5,reg1,Electrochemical_ST,Electricity,3.294082162702651
1133,2036,6,reg1,Electrochemical_ST,Electricity,3.294082162702651
1134,2036,7,reg1,Electrochemical_ST,Electricity,3.294082162702651
1135,2036,8,reg1,Electrochemical_ST,Electricity,5.081164325405311
1136,2036,9,reg1,Electrochemical_ST,Electricity,5.081164325405311
1137,2036,10,reg1,Electrochemical_ST,Electricity,5.081164325405311
1138,2036,11,reg1,Electrochemical_ST,Electricity,5.081164325405311
1139,2036,12,reg1,Electrochemical_ST,Electricity,5.081164325405311
1140,2036,13,reg1,Electrochemical_ST,Electricity,5.081164325405311
1141,2036,14,reg1,Electrochemical_ST,Electricity,5.747917837297351
1142,2036,15,reg1,Electrochemical_ST,Electricity,7.535000000000004
1143,2036,16,reg1,Electrochemical_ST,Electricity,7.535000000000004
1144,2036,17,reg1,Electrochemical_ST,Electricity,7.535000000000004
1145,2036,18,reg1,Electrochemical_ST,Electricity,7.463940542342179
1146,2036,19,reg1,Electrochemical_ST,Electricity,5.478293694894788
1147,2036,20,reg1,Electrochemical_ST,Electricity,3.4926468474473893
1148,2036,21,reg1,Electrochemical_ST,Electricity,1.506999999999998
1149,2036,22,reg1,Electrochemical_ST,Electricity,1.506999999999998
1150,2036,23,reg1,Electrochemical_ST,Electricity,1.506999999999998
1151,2036,24,reg1,Electrochemical_ST,Electricity,1.506999999999998
1152,2037,1,reg1,Electrochemical_ST,Electricity,1.506999999999998
1153,2037,2,reg1,Electrochemical_ST,Electricity,1.506999999999998
1154,2037,3,reg1,Electrochemical_ST,Electricity,1.506999999999998
1155,2037,4,reg1,Electrochemical_ST,Electricity,3.294082162702658
1156,2037,5,reg1,Electrochemical_ST,Electricity,3.294082162702658
1157,2037,6,reg1,Electrochemical_ST,Electricity,5.081164325405311
1158,2037,7,reg1,Electrochemical_ST,Electricity,5.081164325405311
1159,2037,8,reg1,Electrochemical_ST,Electricity,5.081164325405311
1160,2037,9,reg1,Electrochemical_ST,Electricity,5.081164325405311
1161,2037,10,reg1,Electrochemical_ST,Electricity,5.081164325405311
1162,2037,11,reg1,Electrochemical_ST,Electricity,5.081164325405311
1163,2037,12,reg1,Electrochemical_ST,Electricity,5.081164325405311
1164,2037,13,reg1,Electrochemical_ST,Electricity,5.478293694894788
1165,2037,14,reg1,Electrochemical_ST,Electricity,5.478293694894788
1166,2037,15,reg1,Electrochemical_ST,Electricity,5.478293694894788
1167,2037,16,reg1,Electrochemical_ST,Electricity,5.478293694894788
1168,2037,17,reg1,Electrochemical_ST,Electricity,5.478293694894788
1169,2037,18,reg1,Electrochemical_ST,Electricity,5.478293694894788
1170,2037,19,reg1,Electrochemical_ST,Electricity,3.4926468474473893
1171,2037,20,reg1,Electrochemical_ST,Electricity,1.506999999999998
1172,2037,21,reg1,Electrochemical_ST,Electricity,1.506999999999998
1173,2037,22,reg1,Electrochemical_ST,Electricity,1.506999999999998
1174,2037,23,reg1,Electrochemical_ST,Electricity,1.506999999999998
1175,2037,24,reg1,Electrochemical_ST,Electricity,1.506999999999998
1176,2038,1,reg1,Electrochemical_ST,Electricity,1.506999999999998
1177,2038,2,reg1,Electrochemical_ST,Electricity,1.506999999999998
1178,2038,3,reg1,Electrochemical_ST,Electricity,3.294082162702651
1179,2038,4,reg1,Electrochemical_ST,Electricity,3.294082162702651
1180,2038,5,reg1,Electrochemical_ST,Electricity,3.294082162702651
1181,2038,6,reg1,Electrochemical_ST,Electricity,3.294082162702651
1182,2038,7,reg1,Electrochemical_ST,Electricity,3.691211532192135
1183,2038,8,reg1,Electrochemical_ST,Electricity,3.691211532192135
1184,2038,9,reg1,Electrochemical_ST,Electricity,5.478293694894788
1185,2038,10,reg1,Electrochemical_ST,Electricity,5.478293694894788
1186,2038,11,reg1,Electrochemical_ST,Electricity,5.478293694894788
1187,2038,12,reg1,Electrochemical_ST,Electricity,5.478293694894788
1188,2038,13,reg1,Electrochemical_ST,Electricity,5.478293694894788
1189,2038,14,reg1,Electrochemical_ST,Electricity,5.478293694894788
1190,2038,15,reg1,Electrochemical_ST,Electricity,5.478293694894788
1191,2038,16,reg1,Electrochemical_ST,Electricity,5.478293694894788
1192,2038,17,reg1,Electrochemical_ST,Electricity,5.478293694894788
1193,2038,18,reg1,Electrochemical_ST,Electricity,5.478293694894788
1194,2038,19,reg1,Electrochemical_ST,Electricity,3.4926468474473964
1195,2038,20,reg1,Electrochemical_ST,Electricity,1.506999999999998
1196,2038,21,reg1,Electrochemical_ST,Electricity,1.506999999999998
1197,2038,22,reg1,Electrochemical_ST,Electricity,1.506999999999998
1198,2038,23,reg1,Electrochemical_ST,Electricity,1.506999999999998
1199,2038,24,reg1,Electrochemical_ST,Electricity,1.506999999999998
1200,2039,1,reg1,Electrochemical_ST,Electricity,1.506999999999998
1201,2039,2,reg1,Electrochemical_ST,Electricity,1.506999999999998
1202,2039,3,reg1,Electrochemical_ST,Electricity,1.506999999999998
1203,2039,4,reg1,Electrochemical_ST,Electricity,1.506999999999998
1204,2039,5,reg1,Electrochemical_ST,Electricity,3.2528243826354455
1205,2039,6,reg1,Electrochemical_ST,Electricity,3.2528243826354455
1206,2039,7,reg1,Electrochemical_ST,Electricity,5.039906545338106
1207,2039,8,reg1,Electrochemical_ST,Electricity,5.039906545338106
1208,2039,9,reg1,Electrochemical_ST,Electricity,5.039906545338106
1209,2039,10,reg1,Electrochemical_ST,Electricity,6.8269887080407585
1210,2039,11,reg1,Electrochemical_ST,Electricity,6.8269887080407585
1211,2039,12,reg1,Electrochemical_ST,Electricity,6.8269887080407585
1212,2039,13,reg1,Electrochemical_ST,Electricity,6.8269887080407585
1213,2039,14,reg1,Electrochemical_ST,Electricity,6.8269887080407585
1214,2039,15,reg1,Electrochemical_ST,Electricity,6.8269887080407585
1215,2039,16,reg1,Electrochemical_ST,Electricity,7.463940542342179
1216,2039,17,reg1,Electrochemical_ST,Electricity,7.463940542342179
1217,2039,18,reg1,Electrochemical_ST,Electricity,7.463940542342179
1218,2039,19,reg1,Electrochemical_ST,Electricity,5.478293694894788
1219,2039,20,reg1,Electrochemical_ST,Electricity,3.4926468474473964
1220,2039,21,reg1,Electrochemical_ST,Electricity,1.506999999999998
1221,2039,22,reg1,Electrochemical_ST,Electricity,1.506999999999998
1222,2039,23,reg1,Electrochemical_ST,Electricity,1.506999999999998
1223,2039,24,reg1,Electrochemical_ST,Electricity,1.506999999999998
1224,2040,1,reg1,Electrochemical_ST,Electricity,1.506999999999998
1225,2040,2,reg1,Electrochemical_ST,Electricity,1.506999999999998
1226,2040,3,reg1,Electrochemical_ST,Electricity,1.506999999999998
1227,2040,4,reg1,Electrochemical_ST,Electricity,1.506999999999998
1228,2040,5,reg1,Electrochemical_ST,Electricity,1.506999999999998
1229,2040,6,reg1,Electrochemical_ST,Electricity,3.294082162702651
1230,2040,7,reg1,Electrochemical_ST,Electricity,5.081164325405311
1231,2040,8,reg1,Electrochemical_ST,Electricity,6.868246488107971
1232,2040,9,reg1,Electrochemical_ST,Electricity,6.868246488107971
1233,2040,10,reg1,Electrochemical_ST,Electricity,7.535000000000018
1234,2040,11,reg1,Electrochemical_ST,Electricity,7.535000000000018
1235,2040,12,reg1,Electrochemical_ST,Electricity,7.535000000000018
1236,2040,13,reg1,Electrochemical_ST,Electricity,7.535000000000018
1237,2040,14,reg1,Electrochemical_ST,Electricity,7.535000000000018
1238,2040,15,reg1,Electrochemical_ST,Electricity,7.535000000000018
1239,2040,16,reg1,Electrochemical_ST,Electricity,6.0494332227625165
1240,2040,17,reg1,Electrochemical_ST,Electricity,6.0494332227625165
1241,2040,18,reg1,Electrochemical_ST,Electricity,6.011982926163682
1242,2040,19,reg1,Electrochemical_ST,Electricity,4.026336078716291
1243,2040,20,reg1,Electrochemical_ST,Electricity,2.0406892312688996
1244,2040,21,reg1,Electrochemical_ST,Electricity,1.506999999999998
1245,2040,22,reg1,Electrochemical_ST,Electricity,1.506999999999998
1246,2040,23,reg1,Electrochemical_ST,Electricity,1.506999999999998
1247,2040,24,reg1,Electrochemical_ST,Electricity,1.506999999999998
1248,2041,1,reg1,Electrochemical_ST,Electricity,1.506999999999998
1249,2041,2,reg1,Electrochemical_ST,Electricity,3.294082162702658
1250,2041,3,reg1,Electrochemical_ST,Electricity,3.294082162702658
1251,2041,4,reg1,Electrochemical_ST,Electricity,3.294082162702658
1252,2041,5,reg1,Electrochemical_ST,Electricity,3.294082162702658
1253,2041,6,reg1,Electrochemical_ST,Electricity,3.294082162702658
1254,2041,7,reg1,Electrochemical_ST,Electricity,4.10745159169965
1255,2041,8,reg1,Electrochemical_ST,Electricity,4.10745159169965
1256,2041,9,reg1,Electrochemical_ST,Electricity,5.89453375440231
1257,2041,10,reg1,Electrochemical_ST,Electricity,5.89453375440231
1258,2041,11,reg1,Electrochemical_ST,Electricity,5.89453375440231
1259,2041,12,reg1,Electrochemical_ST,Electricity,7.535000000000004
1260,2041,13,reg1,Electrochemical_ST,Electricity,7.535000000000004
1261,2041,14,reg1,Electrochemical_ST,Electricity,7.535000000000004
1262,2041,15,reg1,Electrochemical_ST,Electricity,7.535000000000004
1263,2041,16,reg1,Electrochemical_ST,Electricity,7.535000000000004
1264,2041,17,reg1,Electrochemical_ST,Electricity,6.58879611482989
1265,2041,18,reg1,Electrochemical_ST,Electricity,6.2851802751445405
1266,2041,19,reg1,Electrochemical_ST,Electricity,4.299533427697142
1267,2041,20,reg1,Electrochemical_ST,Electricity,2.3138865802497577
1268,2041,21,reg1,Electrochemical_ST,Electricity,1.507000000000005
1269,2041,22,reg1,Electrochemical_ST,Electricity,1.507000000000005
1270,2041,23,reg1,Electrochemical_ST,Electricity,1.507000000000005
1271,2041,24,reg1,Electrochemical_ST,Electricity,1.507000000000005
1272,2042,1,reg1,Electrochemical_ST,Electricity,1.507000000000005
1273,2042,2,reg1,Electrochemical_ST,Electricity,1.507000000000005
1274,2042,3,reg1,Electrochemical_ST,Electricity,1.507000000000005
1275,2042,4,reg1,Electrochemical_ST,Electricity,1.507000000000005
1276,2042,5,reg1,Electrochemical_ST,Electricity,3.294082162702665
1277,2042,6,reg1,Electrochemical_ST,Electricity,3.294082162702665
1278,2042,7,reg1,Electrochemical_ST,Electricity,3.294082162702665
1279,2042,8,reg1,Electrochemical_ST,Electricity,3.294082162702665
1280,2042,9,reg1,Electrochemical_ST,Electricity,3.294082162702665
1281,2042,10,reg1,Electrochemical_ST,Electricity,3.294082162702665
1282,2042,11,reg1,Electrochemical_ST,Electricity,5.081164325405325
1283,2042,12,reg1,Electrochemical_ST,Electricity,6.868246488107985
1284,2042,13,reg1,Electrochemical_ST,Electricity,6.868246488107985
1285,2042,14,reg1,Electrochemical_ST,Electricity,6.868246488107985
1286,2042,15,reg1,Electrochemical_ST,Electricity,7.534999999999997
1287,2042,16,reg1,Electrochemical_ST,Electricity,7.534999999999997
1288,2042,17,reg1,Electrochemical_ST,Electricity,6.629339254164705
1289,2042,18,reg1,Electrochemical_ST,Electricity,6.315428990854926
1290,2042,19,reg1,Electrochemical_ST,Electricity,4.329782143407527
1291,2042,20,reg1,Electrochemical_ST,Electricity,2.344135295960129
1292,2042,21,reg1,Electrochemical_ST,Electricity,1.507000000000005
1293,2042,22,reg1,Electrochemical_ST,Electricity,1.507000000000005
1294,2042,23,reg1,Electrochemical_ST,Electricity,1.507000000000005
1295,2042,24,reg1,Electrochemical_ST,Electricity,1.507000000000005
1296,2043,1,reg1,Electrochemical_ST,Electricity,1.507000000000005
1297,2043,2,reg1,Electrochemical_ST,Electricity,1.507000000000005
1298,2043,3,reg1,Electrochemical_ST,Electricity,1.507000000000005
1299,2043,4,reg1,Electrochemical_ST,Electricity,1.507000000000005
1300,2043,5,reg1,Electrochemical_ST,Electricity,1.507000000000005
1301,2043,6,reg1,Electrochemical_ST,Electricity,3.294082162702665
1302,2043,7,reg1,Electrochemical_ST,Electricity,3.294082162702665
1303,2043,8,reg1,Electrochemical_ST,Electricity,5.081164325405325
1304,2043,9,reg1,Electrochemical_ST,Electricity,5.081164325405325
1305,2043,10,reg1,Electrochemical_ST,Electricity,5.081164325405325
1306,2043,11,reg1,Electrochemical_ST,Electricity,5.081164325405325
1307,2043,12,reg1,Electrochemical_ST,Electricity,6.868246488107985
1308,2043,13,reg1,Electrochemical_ST,Electricity,6.868246488107985
1309,2043,14,reg1,Electrochemical_ST,Electricity,6.868246488107985
1310,2043,15,reg1,Electrochemical_ST,Electricity,7.534999999999997
1311,2043,16,reg1,Electrochemical_ST,Electricity,7.534999999999997
1312,2043,17,reg1,Electrochemical_ST,Electricity,7.520287748386949
1313,2043,18,reg1,Electrochemical_ST,Electricity,7.196083061452839
1314,2043,19,reg1,Electrochemical_ST,Electricity,5.2104362140054405
1315,2043,20,reg1,Electrochemical_ST,Electricity,3.224789366558028
1316,2043,21,reg1,Electrochemical_ST,Electricity,2.357405354887632
1317,2043,22,reg1,Electrochemical_ST,Electricity,1.5070000000000334
1318,2043,23,reg1,Electrochemical_ST,Electricity,1.5070000000000334
1319,2043,24,reg1,Electrochemical_ST,Electricity,1.5070000000000334
1320,2044,1,reg1,Electrochemical_ST,Electricity,1.5070000000000334
1321,2044,2,reg1,Electrochemical_ST,Electricity,1.5070000000000334
1322,2044,3,reg1,Electrochemical_ST,Electricity,3.2940821627026935
1323,2044,4,reg1,Electrochemical_ST,Electricity,3.2940821627026935
1324,2044,5,reg1,Electrochemical_ST,Electricity,3.2940821627026935
1325,2044,6,reg1,Electrochemical_ST,Electricity,3.2940821627026935
1326,2044,7,reg1,Electrochemical_ST,Electricity,3.9608356745946764
1327,2044,8,reg1,Electrochemical_ST,Electricity,3.9608356745946764
1328,2044,9,reg1,Electrochemical_ST,Electricity,3.9608356745946764
1329,2044,10,reg1,Electrochemical_ST,Electricity,3.9608356745946764
1330,2044,11,reg1,Electrochemical_ST,Electricity,3.9608356745946764
1331,2044,12,reg1,Electrochemical_ST,Electricity,5.7479178372973365
1332,2044,13,reg1,Electrochemical_ST,Electricity,5.7479178372973365
1333,2044,14,reg1,Electrochemical_ST,Electricity,5.7479178372973365
1334,2044,15,reg1,Electrochemical_ST,Electricity,7.534999999999997
1335,2044,16,reg1,Electrochemical_ST,Electricity,7.534999999999997
1336,2044,17,reg1,Electrochemical_ST,Electricity,7.534999999999997
1337,2044,18,reg1,Electrochemical_ST,Electricity,6.375926422275555
1338,2044,19,reg1,Electrochemical_ST,Electricity,4.390279574828156
1339,2044,20,reg1,Electrochemical_ST,Electricity,2.4046327273807577
1340,2044,21,reg1,Electrochemical_ST,Electricity,1.507000000000005
1341,2044,22,reg1,Electrochemical_ST,Electricity,1.507000000000005
1342,2044,23,reg1,Electrochemical_ST,Electricity,1.507000000000005
1343,2044,24,reg1,Electrochemical_ST,Electricity,1.507000000000005
1344,2045,1,reg1,Electrochemical_ST,Electricity,1.507000000000005
1345,2045,2,reg1,Electrochemical_ST,Electricity,1.507000000000005
1346,2045,3,reg1,Electrochemical_ST,Electricity,1.507000000000005
1347,2045,4,reg1,Electrochemical_ST,Electricity,1.507000000000005
1348,2045,5,reg1,Electrochemical_ST,Electricity,1.507000000000005
1349,2045,6,reg1,Electrochemical_ST,Electricity,1.507000000000005
1350,2045,7,reg1,Electrochemical_ST,Electricity,1.7823514231156707
1351,2045,8,reg1,Electrochemical_ST,Electricity,1.7823514231156707
1352,2045,9,reg1,Electrochemical_ST,Electricity,1.7823514231156707
1353,2045,10,reg1,Electrochemical_ST,Electricity,1.7823514231156707
1354,2045,11,reg1,Electrochemical_ST,Electricity,1.7823514231156707
1355,2045,12,reg1,Electrochemical_ST,Electricity,1.7823514231156707
1356,2045,13,reg1,Electrochemical_ST,Electricity,3.569433585818331
1357,2045,14,reg1,Electrochemical_ST,Electricity,5.356515748520991
1358,2045,15,reg1,Electrochemical_ST,Electricity,5.356515748520991
1359,2045,16,reg1,Electrochemical_ST,Electricity,5.356515748520991
1360,2045,17,reg1,Electrochemical_ST,Electricity,5.356515748520991
1361,2045,18,reg1,Electrochemical_ST,Electricity,5.356515748520991
1362,2045,19,reg1,Electrochemical_ST,Electricity,3.4926468474474177
1363,2045,20,reg1,Electrochemical_ST,Electricity,1.507000000000005
1364,2045,21,reg1,Electrochemical_ST,Electricity,1.507000000000005
1365,2045,22,reg1,Electrochemical_ST,Electricity,1.507000000000005
1366,2045,23,reg1,Electrochemical_ST,Electricity,1.507000000000005
1367,2045,24,reg1,Electrochemical_ST,Electricity,1.507000000000005
1368,2046,1,reg1,Electrochemical_ST,Electricity,1.507000000000005
1369,2046,2,reg1,Electrochemical_ST,Electricity,1.507000000000005
1370,2046,3,reg1,Electrochemical_ST,Electricity,1.507000000000005
1371,2046,4,reg1,Electrochemical_ST,Electricity,1.507000000000005
1372,2046,5,reg1,Electrochemical_ST,Electricity,1.507000000000005
1373,2046,6,reg1,Electrochemical_ST,Electricity,1.507000000000005
1374,2046,7,reg1,Electrochemical_ST,Electricity,1.507000000000005
1375,2046,8,reg1,Electrochemical_ST,Electricity,1.6721729585354268
1376,2046,9,reg1,Electrochemical_ST,Electricity,1.6721729585354268
1377,2046,10,reg1,Electrochemical_ST,Electricity,3.459255121238101
1378,2046,11,reg1,Electrochemical_ST,Electricity,5.246337283940761
1379,2046,12,reg1,Electrochemical_ST,Electricity,5.246337283940761
1380,2046,13,reg1,Electrochemical_ST,Electricity,7.033419446643421
1381,2046,14,reg1,Electrochemical_ST,Electricity,7.033419446643421
1382,2046,15,reg1,Electrochemical_ST,Electricity,7.033419446643421
1383,2046,16,reg1,Electrochemical_ST,Electricity,7.033419446643421
1384,2046,17,reg1,Electrochemical_ST,Electricity,7.033419446643421
1385,2046,18,reg1,Electrochemical_ST,Electricity,5.047772599196023
1386,2046,19,reg1,Electrochemical_ST,Electricity,3.338560976586635
1387,2046,20,reg1,Electrochemical_ST,Electricity,1.507000000000005
1388,2046,21,reg1,Electrochemical_ST,Electricity,1.507000000000005
1389,2046,22,reg1,Electrochemical_ST,Electricity,1.507000000000005
1390,2046,23,reg1,Electrochemical_ST,Electricity,1.507000000000005
1391,2046,24,reg1,Electrochemical_ST,Electricity,1.507000000000005
1392,2047,1,reg1,Electrochemical_ST,Electricity,1.507000000000005
1393,2047,2,reg1,Electrochemical_ST,Electricity,1.507000000000005
1394,2047,3,reg1,Electrochemical_ST,Electricity,1.507000000000005
1395,2047,4,reg1,Electrochemical_ST,Electricity,1.507000000000005
1396,2047,5,reg1,Electrochemical_ST,Electricity,1.8610659116419583
1397,2047,6,reg1,Electrochemical_ST,Electricity,1.8610659116419583
1398,2047,7,reg1,Electrochemical_ST,Electricity,3.6481480743446184
1399,2047,8,reg1,Electrochemical_ST,Electricity,3.6481480743446184
1400,2047,9,reg1,Electrochemical_ST,Electricity,3.9608356745946764
1401,2047,10,reg1,Electrochemical_ST,Electricity,5.7479178372973365
1402,2047,11,reg1,Electrochemical_ST,Electricity,5.7479178372973365
1403,2047,12,reg1,Electrochemical_ST,Electricity,5.7479178372973365
1404,2047,13,reg1,Electrochemical_ST,Electricity,5.7479178372973365
1405,2047,14,reg1,Electrochemical_ST,Electricity,5.7479178372973365
1406,2047,15,reg1,Electrochemical_ST,Electricity,7.534999999999997
1407,2047,16,reg1,Electrochemical_ST,Electricity,7.534999999999997
1408,2047,17,reg1,Electrochemical_ST,Electricity,7.534999999999997
1409,2047,18,reg1,Electrochemical_ST,Electricity,6.724676297318339
1410,2047,19,reg1,Electrochemical_ST,Electricity,5.170121953173307
1411,2047,20,reg1,Electrochemical_ST,Electricity,3.4926468474474177
1412,2047,21,reg1,Electrochemical_ST,Electricity,3.4926468474474177
1413,2047,22,reg1,Electrochemical_ST,Electricity,1.5070000000000192
1414,2047,23,reg1,Electrochemical_ST,Electricity,1.5070000000000192
1415,2047,24,reg1,Electrochemical_ST,Electricity,1.5070000000000192
1416,2048,1,reg1,Electrochemical_ST,Electricity,1.5070000000000192
1417,2048,2,reg1,Electrochemical_ST,Electricity,1.5070000000000192
1418,2048,3,reg1,Electrochemical_ST,Electricity,1.5070000000000192
1419,2048,4,reg1,Electrochemical_ST,Electricity,1.5070000000000192
1420,2048,5,reg1,Electrochemical_ST,Electricity,2.841768822588037
1421,2048,6,reg1,Electrochemical_ST,Electricity,2.841768822588037
1422,2048,7,reg1,Electrochemical_ST,Electricity,2.841768822588037
1423,2048,8,reg1,Electrochemical_ST,Electricity,2.841768822588037
1424,2048,9,reg1,Electrochemical_ST,Electricity,2.841768822588037
1425,2048,10,reg1,Electrochemical_ST,Electricity,2.841768822588037
1426,2048,11,reg1,Electrochemical_ST,Electricity,2.841768822588037
1427,2048,12,reg1,Electrochemical_ST,Electricity,4.628850985290697
1428,2048,13,reg1,Electrochemical_ST,Electricity,6.415933147993357
1429,2048,14,reg1,Electrochemical_ST,Electricity,6.415933147993357
1430,2048,15,reg1,Electrochemical_ST,Electricity,6.415933147993357
1431,2048,16,reg1,Electrochemical_ST,Electricity,6.415933147993357
1432,2048,17,reg1,Electrochemical_ST,Electricity,4.4302863005459585
1433,2048,18,reg1,Electrochemical_ST,Electricity,4.4302863005459585
1434,2048,19,reg1,Electrochemical_ST,Electricity,3.030389234865197
1435,2048,20,reg1,Electrochemical_ST,Electricity,1.507000000000005
1436,2048,21,reg1,Electrochemical_ST,Electricity,1.507000000000005
1437,2048,22,reg1,Electrochemical_ST,Electricity,1.507000000000005
1438,2048,23,reg1,Electrochemical_ST,Electricity,1.507000000000005
1439,2048,24,reg1,Electrochemical_ST,Electricity,1.507000000000005
1440,2049,1,reg1,Electrochemical_ST,Electricity,1.507000000000005
1441,2049,2,reg1,Electrochemical_ST,Electricity,1.507000000000005
1442,2049,3,reg1,Electrochemical_ST,Electricity,1.507000000000005
1443,2049,4,reg1,Electrochemical_ST,Electricity,3.294082162702665
1444,2049,5,reg1,Electrochemical_ST,Electricity,3.8228676868939715
1445,2049,6,reg1,Electrochemical_ST,Electricity,3.8228676868939715
1446,2049,7,reg1,Electrochemical_ST,Electricity,3.8228676868939715
1447,2049,8,reg1,Electrochemical_ST,Electricity,3.8228676868939715
1448,2049,9,reg1,Electrochemical_ST,Electricity,3.8228676868939715
1449,2049,10,reg1,Electrochemical_ST,Electricity,3.8228676868939715
1450,2049,11,reg1,Electrochemical_ST,Electricity,5.609949849596632
1451,2049,12,reg1,Electrochemical_ST,Electricity,5.609949849596632
1452,2049,13,reg1,Electrochemical_ST,Electricity,5.609949849596632
1453,2049,14,reg1,Electrochemical_ST,Electricity,7.397032012299292
1454,2049,15,reg1,Electrochemical_ST,Electricity,7.397032012299292
1455,2049,16,reg1,Electrochemical_ST,Electricity,7.534999999999997
1456,2049,17,reg1,Electrochemical_ST,Electricity,7.534999999999997
1457,2049,18,reg1,Electrochemical_ST,Electricity,7.534999999999997
1458,2049,19,reg1,Electrochemical_ST,Electricity,6.2897602127834915
1459,2049,20,reg1,Electrochemical_ST,Electricity,4.920456848779068
1460,2049,21,reg1,Electrochemical_ST,Electricity,2.9348100013316554
1461,2049,22,reg1,Electrochemical_ST,Electricity,1.507000000000005
1462,2049,23,reg1,Electrochemical_ST,Electricity,1.507000000000005
1463,2049,24,reg1,Electrochemical_ST,Electricity,1.507000000000005
1464,2050,1,reg1,Electrochemical_ST,Electricity,1.507000000000005
1465,2050,2,reg1,Electrochemical_ST,Electricity,3.294082162702665
1466,2050,3,reg1,Electrochemical_ST,Electricity,3.294082162702665
1467,2050,4,reg1,Electrochemical_ST,Electricity,3.294082162702665
1468,2050,5,reg1,Electrochemical_ST,Electricity,3.294082162702665
1469,2050,6,reg1,Electrochemical_ST,Electricity,5.081164325405325
1470,2050,7,reg1,Electrochemical_ST,Electricity,5.081164325405325
1471,2050,8,reg1,Electrochemical_ST,Electricity,5.081164325405325
1472,2050,9,reg1,Electrochemical_ST,Electricity,6.868246488107985
1473,2050,10,reg1,Electrochemical_ST,Electricity,6.868246488107985
1474,2050,11,reg1,Electrochemical_ST,Electricity,6.868246488107985
1475,2050,12,reg1,Electrochemical_ST,Electricity,6.868246488107985
1476,2050,13,reg1,Electrochemical_ST,Electricity,7.087033357368114
1477,2050,14,reg1,Electrochemical_ST,Electricity,7.087033357368114
1478,2050,15,reg1,Electrochemical_ST,Electricity,7.534999999999997
1479,2050,16,reg1,Electrochemical_ST,Electricity,7.534999999999997
1480,2050,17,reg1,Electrochemical_ST,Electricity,5.549353152552598
1481,2050,18,reg1,Electrochemical_ST,Electricity,5.549353152552598
1482,2050,19,reg1,Electrochemical_ST,Electricity,4.458770643800378
1483,2050,20,reg1,Electrochemical_ST,Electricity,3.243553150656709
1484,2050,21,reg1,Electrochemical_ST,Electricity,1.507000000000005
1485,2050,22,reg1,Electrochemical_ST,Electricity,1.507000000000005
1486,2050,23,reg1,Electrochemical_ST,Electricity,1.507000000000005
1487,2050,24,reg1,Electrochemical_ST,Electricity,1.507000000000005
