,Datetime,Region,Technology,Emission,Value
0,2020,reg1,Oil_supply,CO2,38300580.562091954
1,2021,reg1,Oil_supply,CO2,38901142.58803843
2,2022,reg1,Oil_supply,CO2,41754627.647854224
3,2023,reg1,Oil_supply,CO2,40083395.320754625
4,2024,reg1,Oil_supply,CO2,40665086.027524374
5,2025,reg1,Oil_supply,CO2,41240486.29456851
6,2026,reg1,Oil_supply,CO2,40092899.37829078
7,2027,reg1,Oil_supply,CO2,38926577.119241536
8,2028,reg1,Oil_supply,CO2,37741721.80841345
9,2029,reg1,Oil_supply,CO2,36538544.699670136
10,2030,reg1,Oil_supply,CO2,35317266.14752456
11,2031,reg1,Oil_supply,CO2,34973548.8635022
12,2032,reg1,Oil_supply,CO2,34632580.816739105
13,2033,reg1,Oil_supply,CO2,34372099.50417517
14,2034,reg1,Oil_supply,CO2,34160502.71553055
15,2035,reg1,Oil_supply,CO2,33805190.96762263
16,2036,reg1,Oil_supply,CO2,32688091.8359985
17,2037,reg1,Oil_supply,CO2,31639611.61498432
18,2038,reg1,Oil_supply,CO2,28665352.34164594
19,2039,reg1,Oil_supply,CO2,26861076.305277307
20,2040,reg1,Oil_supply,CO2,25918190.895680234
21,2041,reg1,Oil_supply,CO2,24990545.658993945
22,2042,reg1,Oil_supply,CO2,24062900.42230765
23,2043,reg1,Oil_supply,CO2,23135255.185621373
24,2044,reg1,Oil_supply,CO2,22207609.94893514
25,2045,reg1,Oil_supply,CO2,21279964.712248884
26,2046,reg1,Oil_supply,CO2,21279964.71224885
27,2047,reg1,Oil_supply,CO2,21279964.71224885
28,2048,reg1,Oil_supply,CO2,21279964.71224885
29,2049,reg1,Oil_supply,CO2,21174917.361333843
30,2050,reg1,Oil_supply,CO2,21148655.5236051
31,2051,reg1,Oil_supply,CO2,21148655.5236051
32,2052,reg1,Oil_supply,CO2,21249446.404374126
33,2053,reg1,Oil_supply,CO2,21249514.683728673
34,2054,reg1,Oil_supply,CO2,21279964.712248858
35,2055,reg1,Oil_supply,CO2,21279964.71224885
36,2056,reg1,Oil_supply,CO2,21279964.71224885
37,2057,reg1,Oil_supply,CO2,21279964.71224885
38,2058,reg1,Oil_supply,CO2,21279964.71224885
39,2059,reg1,Oil_supply,CO2,21279964.71224885
40,2060,reg1,Oil_supply,CO2,21279964.71224885
41,2061,reg1,Oil_supply,CO2,21279964.71224885
42,2062,reg1,Oil_supply,CO2,21279964.71224885
43,2063,reg1,Oil_supply,CO2,21279964.71224885
44,2064,reg1,Oil_supply,CO2,21279067.48837428
45,2065,reg1,Oil_supply,CO2,21279964.71224885
46,2066,reg1,Oil_supply,CO2,21259011.83242722
47,2067,reg1,Oil_supply,CO2,21148655.523605105
48,2068,reg1,Oil_supply,CO2,21148655.523605105
49,2069,reg1,Oil_supply,CO2,21148655.5236051
50,2070,reg1,Oil_supply,CO2,21148655.5236051
51,2020,reg1,NG_supply,CO2,83320299.46976724
52,2021,reg1,NG_supply,CO2,72913342.52392145
53,2022,reg1,NG_supply,CO2,67848695.78325821
54,2023,reg1,NG_supply,CO2,70703714.55401292
55,2024,reg1,NG_supply,CO2,69487764.54643103
56,2025,reg1,NG_supply,CO2,67946411.31594971
57,2026,reg1,NG_supply,CO2,66110314.457921095
58,2027,reg1,NG_supply,CO2,64739871.29123091
59,2028,reg1,NG_supply,CO2,63761565.497203186
60,2029,reg1,NG_supply,CO2,63192743.92092252
61,2030,reg1,NG_supply,CO2,62532136.06708251
62,2031,reg1,NG_supply,CO2,60695122.74641652
63,2032,reg1,NG_supply,CO2,59855634.08446311
64,2033,reg1,NG_supply,CO2,58116057.08726111
65,2034,reg1,NG_supply,CO2,56727323.581367105
66,2035,reg1,NG_supply,CO2,55537009.44958527
67,2036,reg1,NG_supply,CO2,56233989.75939892
68,2037,reg1,NG_supply,CO2,56650215.54561532
69,2038,reg1,NG_supply,CO2,57021457.09241361
70,2039,reg1,NG_supply,CO2,57462377.33082242
71,2040,reg1,NG_supply,CO2,57775151.00061801
72,2041,reg1,NG_supply,CO2,58886628.86438442
73,2042,reg1,NG_supply,CO2,59592204.274214275
74,2043,reg1,NG_supply,CO2,61201962.8729888
75,2044,reg1,NG_supply,CO2,61252047.96793576
76,2045,reg1,NG_supply,CO2,61784953.03386686
77,2046,reg1,NG_supply,CO2,61452443.699328676
78,2047,reg1,NG_supply,CO2,61232990.16955409
79,2048,reg1,NG_supply,CO2,60936710.052796856
80,2049,reg1,NG_supply,CO2,60852133.90426707
81,2050,reg1,NG_supply,CO2,60823055.96175007
82,2051,reg1,NG_supply,CO2,60821400.58509616
83,2052,reg1,NG_supply,CO2,60517771.13392898
84,2053,reg1,NG_supply,CO2,60310539.7768439
85,2054,reg1,NG_supply,CO2,60992635.29684116
86,2055,reg1,NG_supply,CO2,60312111.18873979
87,2056,reg1,NG_supply,CO2,60421831.73810615
88,2057,reg1,NG_supply,CO2,60421831.738106124
89,2058,reg1,NG_supply,CO2,60421831.73810615
90,2059,reg1,NG_supply,CO2,60320070.750200175
91,2060,reg1,NG_supply,CO2,60100888.77209835
92,2061,reg1,NG_supply,CO2,60240646.74980153
93,2062,reg1,NG_supply,CO2,60365162.41832707
94,2063,reg1,NG_supply,CO2,60494079.177513056
95,2064,reg1,NG_supply,CO2,60605481.130869225
96,2065,reg1,NG_supply,CO2,61507026.73611148
97,2066,reg1,NG_supply,CO2,60619267.22149
98,2067,reg1,NG_supply,CO2,60771101.34329665
99,2068,reg1,NG_supply,CO2,60869522.5833238
100,2069,reg1,NG_supply,CO2,60952564.56975931
101,2070,reg1,NG_supply,CO2,61411470.59042822
102,2020,reg1,SFF_supply,CO2,2185148.467947185
103,2021,reg1,SFF_supply,CO2,2239359.103895283
104,2022,reg1,SFF_supply,CO2,2237315.5912333014
105,2023,reg1,SFF_supply,CO2,2302436.3684763624
106,2024,reg1,SFF_supply,CO2,2367557.145719421
107,2025,reg1,SFF_supply,CO2,2432677.922962479
108,2026,reg1,SFF_supply,CO2,2323693.5389359943
109,2027,reg1,SFF_supply,CO2,2214631.416560869
110,2028,reg1,SFF_supply,CO2,2105489.4813496266
111,2029,reg1,SFF_supply,CO2,1996265.5843406506
112,2030,reg1,SFF_supply,CO2,1886957.4987258918
113,2031,reg1,SFF_supply,CO2,1806602.6972934369
114,2032,reg1,SFF_supply,CO2,1758446.8681765678
115,2033,reg1,SFF_supply,CO2,1645893.094428526
116,2034,reg1,SFF_supply,CO2,1565538.2929960699
117,2035,reg1,SFF_supply,CO2,1485183.4915636145
118,2036,reg1,SFF_supply,CO2,1407229.3429197434
119,2037,reg1,SFF_supply,CO2,1329275.194275873
120,2038,reg1,SFF_supply,CO2,1251321.0456320026
121,2039,reg1,SFF_supply,CO2,1173366.8969881313
122,2040,reg1,SFF_supply,CO2,1095412.7483442603
123,2041,reg1,SFF_supply,CO2,1019285.3555316065
124,2042,reg1,SFF_supply,CO2,943157.9627189527
125,2043,reg1,SFF_supply,CO2,871346.4440430198
126,2044,reg1,SFF_supply,CO2,790903.177093645
127,2045,reg1,SFF_supply,CO2,714775.7842809901
128,2046,reg1,SFF_supply,CO2,720272.8614922016
129,2047,reg1,SFF_supply,CO2,725769.9387034132
130,2048,reg1,SFF_supply,CO2,731267.015914625
131,2049,reg1,SFF_supply,CO2,736764.0931258369
132,2050,reg1,SFF_supply,CO2,742261.1703370486
133,2051,reg1,SFF_supply,CO2,742261.1703370486
134,2052,reg1,SFF_supply,CO2,742261.1703370486
135,2053,reg1,SFF_supply,CO2,742261.1703370486
136,2054,reg1,SFF_supply,CO2,742261.1703370486
137,2055,reg1,SFF_supply,CO2,742261.1703370486
138,2056,reg1,SFF_supply,CO2,742261.1703370486
139,2057,reg1,SFF_supply,CO2,742261.1703370486
140,2058,reg1,SFF_supply,CO2,742261.1703370486
141,2059,reg1,SFF_supply,CO2,742261.1703370486
142,2060,reg1,SFF_supply,CO2,742261.1703370486
143,2061,reg1,SFF_supply,CO2,742261.1703370486
144,2062,reg1,SFF_supply,CO2,742261.1703370486
145,2063,reg1,SFF_supply,CO2,742261.1703370486
146,2064,reg1,SFF_supply,CO2,742261.1703370486
147,2065,reg1,SFF_supply,CO2,742261.1703370486
148,2066,reg1,SFF_supply,CO2,742261.1703370486
149,2067,reg1,SFF_supply,CO2,742261.1703370486
150,2068,reg1,SFF_supply,CO2,742261.1703370486
151,2069,reg1,SFF_supply,CO2,742261.1703370486
152,2070,reg1,SFF_supply,CO2,742261.1703370486
153,2020,reg1,OP_supply,CO2,0.0
154,2021,reg1,OP_supply,CO2,0.0
155,2022,reg1,OP_supply,CO2,0.0
156,2023,reg1,OP_supply,CO2,0.0
157,2024,reg1,OP_supply,CO2,0.0
158,2025,reg1,OP_supply,CO2,0.0
159,2026,reg1,OP_supply,CO2,0.0
160,2027,reg1,OP_supply,CO2,0.0
161,2028,reg1,OP_supply,CO2,0.0
162,2029,reg1,OP_supply,CO2,0.0
163,2030,reg1,OP_supply,CO2,0.0
164,2031,reg1,OP_supply,CO2,0.0
165,2032,reg1,OP_supply,CO2,0.0
166,2033,reg1,OP_supply,CO2,0.0
167,2034,reg1,OP_supply,CO2,0.0
168,2035,reg1,OP_supply,CO2,0.0
169,2036,reg1,OP_supply,CO2,0.0
170,2037,reg1,OP_supply,CO2,0.0
171,2038,reg1,OP_supply,CO2,0.0
172,2039,reg1,OP_supply,CO2,0.0
173,2040,reg1,OP_supply,CO2,0.0
174,2041,reg1,OP_supply,CO2,0.0
175,2042,reg1,OP_supply,CO2,0.0
176,2043,reg1,OP_supply,CO2,0.0
177,2044,reg1,OP_supply,CO2,0.0
178,2045,reg1,OP_supply,CO2,0.0
179,2046,reg1,OP_supply,CO2,0.0
180,2047,reg1,OP_supply,CO2,0.0
181,2048,reg1,OP_supply,CO2,0.0
182,2049,reg1,OP_supply,CO2,0.0
183,2050,reg1,OP_supply,CO2,0.0
184,2051,reg1,OP_supply,CO2,0.0
185,2052,reg1,OP_supply,CO2,0.0
186,2053,reg1,OP_supply,CO2,0.0
187,2054,reg1,OP_supply,CO2,0.0
188,2055,reg1,OP_supply,CO2,0.0
189,2056,reg1,OP_supply,CO2,0.0
190,2057,reg1,OP_supply,CO2,0.0
191,2058,reg1,OP_supply,CO2,0.0
192,2059,reg1,OP_supply,CO2,0.0
193,2060,reg1,OP_supply,CO2,0.0
194,2061,reg1,OP_supply,CO2,0.0
195,2062,reg1,OP_supply,CO2,0.0
196,2063,reg1,OP_supply,CO2,0.0
197,2064,reg1,OP_supply,CO2,0.0
198,2065,reg1,OP_supply,CO2,0.0
199,2066,reg1,OP_supply,CO2,0.0
200,2067,reg1,OP_supply,CO2,0.0
201,2068,reg1,OP_supply,CO2,0.0
202,2069,reg1,OP_supply,CO2,0.0
203,2070,reg1,OP_supply,CO2,0.0
204,2020,reg1,BW_supply,CO2,0.0
205,2021,reg1,BW_supply,CO2,0.0
206,2022,reg1,BW_supply,CO2,0.0
207,2023,reg1,BW_supply,CO2,0.0
208,2024,reg1,BW_supply,CO2,0.0
209,2025,reg1,BW_supply,CO2,0.0
210,2026,reg1,BW_supply,CO2,0.0
211,2027,reg1,BW_supply,CO2,0.0
212,2028,reg1,BW_supply,CO2,0.0
213,2029,reg1,BW_supply,CO2,0.0
214,2030,reg1,BW_supply,CO2,0.0
215,2031,reg1,BW_supply,CO2,0.0
216,2032,reg1,BW_supply,CO2,0.0
217,2033,reg1,BW_supply,CO2,0.0
218,2034,reg1,BW_supply,CO2,0.0
219,2035,reg1,BW_supply,CO2,0.0
220,2036,reg1,BW_supply,CO2,0.0
221,2037,reg1,BW_supply,CO2,0.0
222,2038,reg1,BW_supply,CO2,0.0
223,2039,reg1,BW_supply,CO2,0.0
224,2040,reg1,BW_supply,CO2,0.0
225,2041,reg1,BW_supply,CO2,0.0
226,2042,reg1,BW_supply,CO2,0.0
227,2043,reg1,BW_supply,CO2,0.0
228,2044,reg1,BW_supply,CO2,0.0
229,2045,reg1,BW_supply,CO2,0.0
230,2046,reg1,BW_supply,CO2,0.0
231,2047,reg1,BW_supply,CO2,0.0
232,2048,reg1,BW_supply,CO2,0.0
233,2049,reg1,BW_supply,CO2,0.0
234,2050,reg1,BW_supply,CO2,0.0
235,2051,reg1,BW_supply,CO2,0.0
236,2052,reg1,BW_supply,CO2,0.0
237,2053,reg1,BW_supply,CO2,0.0
238,2054,reg1,BW_supply,CO2,0.0
239,2055,reg1,BW_supply,CO2,0.0
240,2056,reg1,BW_supply,CO2,0.0
241,2057,reg1,BW_supply,CO2,0.0
242,2058,reg1,BW_supply,CO2,0.0
243,2059,reg1,BW_supply,CO2,0.0
244,2060,reg1,BW_supply,CO2,0.0
245,2061,reg1,BW_supply,CO2,0.0
246,2062,reg1,BW_supply,CO2,0.0
247,2063,reg1,BW_supply,CO2,0.0
248,2064,reg1,BW_supply,CO2,0.0
249,2065,reg1,BW_supply,CO2,0.0
250,2066,reg1,BW_supply,CO2,0.0
251,2067,reg1,BW_supply,CO2,0.0
252,2068,reg1,BW_supply,CO2,0.0
253,2069,reg1,BW_supply,CO2,0.0
254,2070,reg1,BW_supply,CO2,0.0
255,2020,reg1,Bio_oil_supply,CO2,0.0
256,2021,reg1,Bio_oil_supply,CO2,0.0
257,2022,reg1,Bio_oil_supply,CO2,0.0
258,2023,reg1,Bio_oil_supply,CO2,0.0
259,2024,reg1,Bio_oil_supply,CO2,0.0
260,2025,reg1,Bio_oil_supply,CO2,0.0
261,2026,reg1,Bio_oil_supply,CO2,0.0
262,2027,reg1,Bio_oil_supply,CO2,0.0
263,2028,reg1,Bio_oil_supply,CO2,0.0
264,2029,reg1,Bio_oil_supply,CO2,0.0
265,2030,reg1,Bio_oil_supply,CO2,0.0
266,2031,reg1,Bio_oil_supply,CO2,0.0
267,2032,reg1,Bio_oil_supply,CO2,0.0
268,2033,reg1,Bio_oil_supply,CO2,0.0
269,2034,reg1,Bio_oil_supply,CO2,0.0
270,2035,reg1,Bio_oil_supply,CO2,0.0
271,2036,reg1,Bio_oil_supply,CO2,0.0
272,2037,reg1,Bio_oil_supply,CO2,0.0
273,2038,reg1,Bio_oil_supply,CO2,0.0
274,2039,reg1,Bio_oil_supply,CO2,0.0
275,2040,reg1,Bio_oil_supply,CO2,0.0
276,2041,reg1,Bio_oil_supply,CO2,0.0
277,2042,reg1,Bio_oil_supply,CO2,0.0
278,2043,reg1,Bio_oil_supply,CO2,0.0
279,2044,reg1,Bio_oil_supply,CO2,0.0
280,2045,reg1,Bio_oil_supply,CO2,0.0
281,2046,reg1,Bio_oil_supply,CO2,0.0
282,2047,reg1,Bio_oil_supply,CO2,0.0
283,2048,reg1,Bio_oil_supply,CO2,0.0
284,2049,reg1,Bio_oil_supply,CO2,0.0
285,2050,reg1,Bio_oil_supply,CO2,0.0
286,2051,reg1,Bio_oil_supply,CO2,0.0
287,2052,reg1,Bio_oil_supply,CO2,0.0
288,2053,reg1,Bio_oil_supply,CO2,0.0
289,2054,reg1,Bio_oil_supply,CO2,0.0
290,2055,reg1,Bio_oil_supply,CO2,0.0
291,2056,reg1,Bio_oil_supply,CO2,0.0
292,2057,reg1,Bio_oil_supply,CO2,0.0
293,2058,reg1,Bio_oil_supply,CO2,0.0
294,2059,reg1,Bio_oil_supply,CO2,0.0
295,2060,reg1,Bio_oil_supply,CO2,0.0
296,2061,reg1,Bio_oil_supply,CO2,0.0
297,2062,reg1,Bio_oil_supply,CO2,0.0
298,2063,reg1,Bio_oil_supply,CO2,0.0
299,2064,reg1,Bio_oil_supply,CO2,0.0
300,2065,reg1,Bio_oil_supply,CO2,0.0
301,2066,reg1,Bio_oil_supply,CO2,0.0
302,2067,reg1,Bio_oil_supply,CO2,0.0
303,2068,reg1,Bio_oil_supply,CO2,0.0
304,2069,reg1,Bio_oil_supply,CO2,0.0
305,2070,reg1,Bio_oil_supply,CO2,0.0
306,2020,reg1,Geo_PP,CO2,2417210.4000000004
307,2021,reg1,Geo_PP,CO2,2445582.7199999974
308,2022,reg1,Geo_PP,CO2,2602882.2
309,2023,reg1,Geo_PP,CO2,2502327.3600000003
310,2024,reg1,Geo_PP,CO2,2530699.6799999983
311,2025,reg1,Geo_PP,CO2,2559071.9999999986
312,2026,reg1,Geo_PP,CO2,2575761.6000000006
313,2027,reg1,Geo_PP,CO2,2592451.1999999993
314,2028,reg1,Geo_PP,CO2,2609140.7999999993
315,2029,reg1,Geo_PP,CO2,2625830.3999999994
316,2030,reg1,Geo_PP,CO2,2642520.0
317,2031,reg1,Geo_PP,CO2,2642519.9999999995
318,2032,reg1,Geo_PP,CO2,2642519.9999999995
319,2033,reg1,Geo_PP,CO2,2642520.0
320,2034,reg1,Geo_PP,CO2,2642520.0
321,2035,reg1,Geo_PP,CO2,2642520.0
322,2036,reg1,Geo_PP,CO2,2642520.0
323,2037,reg1,Geo_PP,CO2,2642520.0
324,2038,reg1,Geo_PP,CO2,2642520.0
325,2039,reg1,Geo_PP,CO2,2642520.0000000005
326,2040,reg1,Geo_PP,CO2,2642520.0
327,2041,reg1,Geo_PP,CO2,2642519.9999999995
328,2042,reg1,Geo_PP,CO2,2642519.9999999995
329,2043,reg1,Geo_PP,CO2,2642519.9999999995
330,2044,reg1,Geo_PP,CO2,2642519.9999999995
331,2045,reg1,Geo_PP,CO2,2642519.9999999995
332,2046,reg1,Geo_PP,CO2,2642519.9999999995
333,2047,reg1,Geo_PP,CO2,2642519.9999999995
334,2048,reg1,Geo_PP,CO2,2642519.9999999995
335,2049,reg1,Geo_PP,CO2,2642519.9999999995
336,2050,reg1,Geo_PP,CO2,2642519.9999999995
337,2051,reg1,Geo_PP,CO2,2642520.0000000005
338,2052,reg1,Geo_PP,CO2,2642520.0000000005
339,2053,reg1,Geo_PP,CO2,2642520.0000000005
340,2054,reg1,Geo_PP,CO2,2642520.0000000005
341,2055,reg1,Geo_PP,CO2,2642520.000000001
342,2056,reg1,Geo_PP,CO2,2642520.0000000005
343,2057,reg1,Geo_PP,CO2,2642520.0
344,2058,reg1,Geo_PP,CO2,2642520.000000001
345,2059,reg1,Geo_PP,CO2,2642520.000000001
346,2060,reg1,Geo_PP,CO2,2642520.0000000005
347,2061,reg1,Geo_PP,CO2,2642520.0000000005
348,2062,reg1,Geo_PP,CO2,2642520.0000000005
349,2063,reg1,Geo_PP,CO2,2642520.0000000005
350,2064,reg1,Geo_PP,CO2,2642520.0000000005
351,2065,reg1,Geo_PP,CO2,2642520.0
352,2066,reg1,Geo_PP,CO2,2642520.0
353,2067,reg1,Geo_PP,CO2,2642520.0
354,2068,reg1,Geo_PP,CO2,2642520.0
355,2069,reg1,Geo_PP,CO2,2642520.0
356,2070,reg1,Geo_PP,CO2,2642520.0000000005
357,2020,reg1,Solar_PV_PP,CO2,0.0
358,2021,reg1,Solar_PV_PP,CO2,0.0
359,2022,reg1,Solar_PV_PP,CO2,0.0
360,2023,reg1,Solar_PV_PP,CO2,0.0
361,2024,reg1,Solar_PV_PP,CO2,0.0
362,2025,reg1,Solar_PV_PP,CO2,0.0
363,2026,reg1,Solar_PV_PP,CO2,0.0
364,2027,reg1,Solar_PV_PP,CO2,0.0
365,2028,reg1,Solar_PV_PP,CO2,0.0
366,2029,reg1,Solar_PV_PP,CO2,0.0
367,2030,reg1,Solar_PV_PP,CO2,0.0
368,2031,reg1,Solar_PV_PP,CO2,0.0
369,2032,reg1,Solar_PV_PP,CO2,0.0
370,2033,reg1,Solar_PV_PP,CO2,0.0
371,2034,reg1,Solar_PV_PP,CO2,0.0
372,2035,reg1,Solar_PV_PP,CO2,0.0
373,2036,reg1,Solar_PV_PP,CO2,0.0
374,2037,reg1,Solar_PV_PP,CO2,0.0
375,2038,reg1,Solar_PV_PP,CO2,0.0
376,2039,reg1,Solar_PV_PP,CO2,0.0
377,2040,reg1,Solar_PV_PP,CO2,0.0
378,2041,reg1,Solar_PV_PP,CO2,0.0
379,2042,reg1,Solar_PV_PP,CO2,0.0
380,2043,reg1,Solar_PV_PP,CO2,0.0
381,2044,reg1,Solar_PV_PP,CO2,0.0
382,2045,reg1,Solar_PV_PP,CO2,0.0
383,2046,reg1,Solar_PV_PP,CO2,0.0
384,2047,reg1,Solar_PV_PP,CO2,0.0
385,2048,reg1,Solar_PV_PP,CO2,0.0
386,2049,reg1,Solar_PV_PP,CO2,0.0
387,2050,reg1,Solar_PV_PP,CO2,0.0
388,2051,reg1,Solar_PV_PP,CO2,0.0
389,2052,reg1,Solar_PV_PP,CO2,0.0
390,2053,reg1,Solar_PV_PP,CO2,0.0
391,2054,reg1,Solar_PV_PP,CO2,0.0
392,2055,reg1,Solar_PV_PP,CO2,0.0
393,2056,reg1,Solar_PV_PP,CO2,0.0
394,2057,reg1,Solar_PV_PP,CO2,0.0
395,2058,reg1,Solar_PV_PP,CO2,0.0
396,2059,reg1,Solar_PV_PP,CO2,0.0
397,2060,reg1,Solar_PV_PP,CO2,0.0
398,2061,reg1,Solar_PV_PP,CO2,0.0
399,2062,reg1,Solar_PV_PP,CO2,0.0
400,2063,reg1,Solar_PV_PP,CO2,0.0
401,2064,reg1,Solar_PV_PP,CO2,0.0
402,2065,reg1,Solar_PV_PP,CO2,0.0
403,2066,reg1,Solar_PV_PP,CO2,0.0
404,2067,reg1,Solar_PV_PP,CO2,0.0
405,2068,reg1,Solar_PV_PP,CO2,0.0
406,2069,reg1,Solar_PV_PP,CO2,0.0
407,2070,reg1,Solar_PV_PP,CO2,0.0
408,2020,reg1,Wind_PP,CO2,0.0
409,2021,reg1,Wind_PP,CO2,0.0
410,2022,reg1,Wind_PP,CO2,0.0
411,2023,reg1,Wind_PP,CO2,0.0
412,2024,reg1,Wind_PP,CO2,0.0
413,2025,reg1,Wind_PP,CO2,0.0
414,2026,reg1,Wind_PP,CO2,0.0
415,2027,reg1,Wind_PP,CO2,0.0
416,2028,reg1,Wind_PP,CO2,0.0
417,2029,reg1,Wind_PP,CO2,0.0
418,2030,reg1,Wind_PP,CO2,0.0
419,2031,reg1,Wind_PP,CO2,0.0
420,2032,reg1,Wind_PP,CO2,0.0
421,2033,reg1,Wind_PP,CO2,0.0
422,2034,reg1,Wind_PP,CO2,0.0
423,2035,reg1,Wind_PP,CO2,0.0
424,2036,reg1,Wind_PP,CO2,0.0
425,2037,reg1,Wind_PP,CO2,0.0
426,2038,reg1,Wind_PP,CO2,0.0
427,2039,reg1,Wind_PP,CO2,0.0
428,2040,reg1,Wind_PP,CO2,0.0
429,2041,reg1,Wind_PP,CO2,0.0
430,2042,reg1,Wind_PP,CO2,0.0
431,2043,reg1,Wind_PP,CO2,0.0
432,2044,reg1,Wind_PP,CO2,0.0
433,2045,reg1,Wind_PP,CO2,0.0
434,2046,reg1,Wind_PP,CO2,0.0
435,2047,reg1,Wind_PP,CO2,0.0
436,2048,reg1,Wind_PP,CO2,0.0
437,2049,reg1,Wind_PP,CO2,0.0
438,2050,reg1,Wind_PP,CO2,0.0
439,2051,reg1,Wind_PP,CO2,0.0
440,2052,reg1,Wind_PP,CO2,0.0
441,2053,reg1,Wind_PP,CO2,0.0
442,2054,reg1,Wind_PP,CO2,0.0
443,2055,reg1,Wind_PP,CO2,0.0
444,2056,reg1,Wind_PP,CO2,0.0
445,2057,reg1,Wind_PP,CO2,0.0
446,2058,reg1,Wind_PP,CO2,0.0
447,2059,reg1,Wind_PP,CO2,0.0
448,2060,reg1,Wind_PP,CO2,0.0
449,2061,reg1,Wind_PP,CO2,0.0
450,2062,reg1,Wind_PP,CO2,0.0
451,2063,reg1,Wind_PP,CO2,0.0
452,2064,reg1,Wind_PP,CO2,0.0
453,2065,reg1,Wind_PP,CO2,0.0
454,2066,reg1,Wind_PP,CO2,0.0
455,2067,reg1,Wind_PP,CO2,0.0
456,2068,reg1,Wind_PP,CO2,0.0
457,2069,reg1,Wind_PP,CO2,0.0
458,2070,reg1,Wind_PP,CO2,0.0
459,2020,reg1,Hydro_PP,CO2,0.0
460,2021,reg1,Hydro_PP,CO2,0.0
461,2022,reg1,Hydro_PP,CO2,0.0
462,2023,reg1,Hydro_PP,CO2,0.0
463,2024,reg1,Hydro_PP,CO2,0.0
464,2025,reg1,Hydro_PP,CO2,0.0
465,2026,reg1,Hydro_PP,CO2,0.0
466,2027,reg1,Hydro_PP,CO2,0.0
467,2028,reg1,Hydro_PP,CO2,0.0
468,2029,reg1,Hydro_PP,CO2,0.0
469,2030,reg1,Hydro_PP,CO2,0.0
470,2031,reg1,Hydro_PP,CO2,0.0
471,2032,reg1,Hydro_PP,CO2,0.0
472,2033,reg1,Hydro_PP,CO2,0.0
473,2034,reg1,Hydro_PP,CO2,0.0
474,2035,reg1,Hydro_PP,CO2,0.0
475,2036,reg1,Hydro_PP,CO2,0.0
476,2037,reg1,Hydro_PP,CO2,0.0
477,2038,reg1,Hydro_PP,CO2,0.0
478,2039,reg1,Hydro_PP,CO2,0.0
479,2040,reg1,Hydro_PP,CO2,0.0
480,2041,reg1,Hydro_PP,CO2,0.0
481,2042,reg1,Hydro_PP,CO2,0.0
482,2043,reg1,Hydro_PP,CO2,0.0
483,2044,reg1,Hydro_PP,CO2,0.0
484,2045,reg1,Hydro_PP,CO2,0.0
485,2046,reg1,Hydro_PP,CO2,0.0
486,2047,reg1,Hydro_PP,CO2,0.0
487,2048,reg1,Hydro_PP,CO2,0.0
488,2049,reg1,Hydro_PP,CO2,0.0
489,2050,reg1,Hydro_PP,CO2,0.0
490,2051,reg1,Hydro_PP,CO2,0.0
491,2052,reg1,Hydro_PP,CO2,0.0
492,2053,reg1,Hydro_PP,CO2,0.0
493,2054,reg1,Hydro_PP,CO2,0.0
494,2055,reg1,Hydro_PP,CO2,0.0
495,2056,reg1,Hydro_PP,CO2,0.0
496,2057,reg1,Hydro_PP,CO2,0.0
497,2058,reg1,Hydro_PP,CO2,0.0
498,2059,reg1,Hydro_PP,CO2,0.0
499,2060,reg1,Hydro_PP,CO2,0.0
500,2061,reg1,Hydro_PP,CO2,0.0
501,2062,reg1,Hydro_PP,CO2,0.0
502,2063,reg1,Hydro_PP,CO2,0.0
503,2064,reg1,Hydro_PP,CO2,0.0
504,2065,reg1,Hydro_PP,CO2,0.0
505,2066,reg1,Hydro_PP,CO2,0.0
506,2067,reg1,Hydro_PP,CO2,0.0
507,2068,reg1,Hydro_PP,CO2,0.0
508,2069,reg1,Hydro_PP,CO2,0.0
509,2070,reg1,Hydro_PP,CO2,0.0
510,2020,reg1,Pump_hydro_PP,CO2,0.0
511,2021,reg1,Pump_hydro_PP,CO2,0.0
512,2022,reg1,Pump_hydro_PP,CO2,0.0
513,2023,reg1,Pump_hydro_PP,CO2,0.0
514,2024,reg1,Pump_hydro_PP,CO2,0.0
515,2025,reg1,Pump_hydro_PP,CO2,0.0
516,2026,reg1,Pump_hydro_PP,CO2,0.0
517,2027,reg1,Pump_hydro_PP,CO2,0.0
518,2028,reg1,Pump_hydro_PP,CO2,0.0
519,2029,reg1,Pump_hydro_PP,CO2,0.0
520,2030,reg1,Pump_hydro_PP,CO2,0.0
521,2031,reg1,Pump_hydro_PP,CO2,0.0
522,2032,reg1,Pump_hydro_PP,CO2,0.0
523,2033,reg1,Pump_hydro_PP,CO2,0.0
524,2034,reg1,Pump_hydro_PP,CO2,0.0
525,2035,reg1,Pump_hydro_PP,CO2,0.0
526,2036,reg1,Pump_hydro_PP,CO2,0.0
527,2037,reg1,Pump_hydro_PP,CO2,0.0
528,2038,reg1,Pump_hydro_PP,CO2,0.0
529,2039,reg1,Pump_hydro_PP,CO2,0.0
530,2040,reg1,Pump_hydro_PP,CO2,0.0
531,2041,reg1,Pump_hydro_PP,CO2,0.0
532,2042,reg1,Pump_hydro_PP,CO2,0.0
533,2043,reg1,Pump_hydro_PP,CO2,0.0
534,2044,reg1,Pump_hydro_PP,CO2,0.0
535,2045,reg1,Pump_hydro_PP,CO2,0.0
536,2046,reg1,Pump_hydro_PP,CO2,0.0
537,2047,reg1,Pump_hydro_PP,CO2,0.0
538,2048,reg1,Pump_hydro_PP,CO2,0.0
539,2049,reg1,Pump_hydro_PP,CO2,0.0
540,2050,reg1,Pump_hydro_PP,CO2,0.0
541,2051,reg1,Pump_hydro_PP,CO2,0.0
542,2052,reg1,Pump_hydro_PP,CO2,0.0
543,2053,reg1,Pump_hydro_PP,CO2,0.0
544,2054,reg1,Pump_hydro_PP,CO2,0.0
545,2055,reg1,Pump_hydro_PP,CO2,0.0
546,2056,reg1,Pump_hydro_PP,CO2,0.0
547,2057,reg1,Pump_hydro_PP,CO2,0.0
548,2058,reg1,Pump_hydro_PP,CO2,0.0
549,2059,reg1,Pump_hydro_PP,CO2,0.0
550,2060,reg1,Pump_hydro_PP,CO2,0.0
551,2061,reg1,Pump_hydro_PP,CO2,0.0
552,2062,reg1,Pump_hydro_PP,CO2,0.0
553,2063,reg1,Pump_hydro_PP,CO2,0.0
554,2064,reg1,Pump_hydro_PP,CO2,0.0
555,2065,reg1,Pump_hydro_PP,CO2,0.0
556,2066,reg1,Pump_hydro_PP,CO2,0.0
557,2067,reg1,Pump_hydro_PP,CO2,0.0
558,2068,reg1,Pump_hydro_PP,CO2,0.0
559,2069,reg1,Pump_hydro_PP,CO2,0.0
560,2070,reg1,Pump_hydro_PP,CO2,0.0
561,2020,reg1,Electricity_imports,CO2,0.0
562,2021,reg1,Electricity_imports,CO2,0.0
563,2022,reg1,Electricity_imports,CO2,0.0
564,2023,reg1,Electricity_imports,CO2,0.0
565,2024,reg1,Electricity_imports,CO2,0.0
566,2025,reg1,Electricity_imports,CO2,0.0
567,2026,reg1,Electricity_imports,CO2,0.0
568,2027,reg1,Electricity_imports,CO2,0.0
569,2028,reg1,Electricity_imports,CO2,0.0
570,2029,reg1,Electricity_imports,CO2,0.0
571,2030,reg1,Electricity_imports,CO2,0.0
572,2031,reg1,Electricity_imports,CO2,0.0
573,2032,reg1,Electricity_imports,CO2,0.0
574,2033,reg1,Electricity_imports,CO2,0.0
575,2034,reg1,Electricity_imports,CO2,0.0
576,2035,reg1,Electricity_imports,CO2,0.0
577,2036,reg1,Electricity_imports,CO2,0.0
578,2037,reg1,Electricity_imports,CO2,0.0
579,2038,reg1,Electricity_imports,CO2,0.0
580,2039,reg1,Electricity_imports,CO2,0.0
581,2040,reg1,Electricity_imports,CO2,0.0
582,2041,reg1,Electricity_imports,CO2,0.0
583,2042,reg1,Electricity_imports,CO2,0.0
584,2043,reg1,Electricity_imports,CO2,0.0
585,2044,reg1,Electricity_imports,CO2,0.0
586,2045,reg1,Electricity_imports,CO2,0.0
587,2046,reg1,Electricity_imports,CO2,0.0
588,2047,reg1,Electricity_imports,CO2,0.0
589,2048,reg1,Electricity_imports,CO2,0.0
590,2049,reg1,Electricity_imports,CO2,0.0
591,2050,reg1,Electricity_imports,CO2,0.0
592,2051,reg1,Electricity_imports,CO2,0.0
593,2052,reg1,Electricity_imports,CO2,0.0
594,2053,reg1,Electricity_imports,CO2,0.0
595,2054,reg1,Electricity_imports,CO2,0.0
596,2055,reg1,Electricity_imports,CO2,0.0
597,2056,reg1,Electricity_imports,CO2,0.0
598,2057,reg1,Electricity_imports,CO2,0.0
599,2058,reg1,Electricity_imports,CO2,0.0
600,2059,reg1,Electricity_imports,CO2,0.0
601,2060,reg1,Electricity_imports,CO2,0.0
602,2061,reg1,Electricity_imports,CO2,0.0
603,2062,reg1,Electricity_imports,CO2,0.0
604,2063,reg1,Electricity_imports,CO2,0.0
605,2064,reg1,Electricity_imports,CO2,0.0
606,2065,reg1,Electricity_imports,CO2,0.0
607,2066,reg1,Electricity_imports,CO2,0.0
608,2067,reg1,Electricity_imports,CO2,0.0
609,2068,reg1,Electricity_imports,CO2,0.0
610,2069,reg1,Electricity_imports,CO2,0.0
611,2070,reg1,Electricity_imports,CO2,0.0
612,2020,reg1,Geo_HP,CO2,0.0
613,2021,reg1,Geo_HP,CO2,0.0
614,2022,reg1,Geo_HP,CO2,0.0
615,2023,reg1,Geo_HP,CO2,0.0
616,2024,reg1,Geo_HP,CO2,0.0
617,2025,reg1,Geo_HP,CO2,0.0
618,2026,reg1,Geo_HP,CO2,0.0
619,2027,reg1,Geo_HP,CO2,0.0
620,2028,reg1,Geo_HP,CO2,0.0
621,2029,reg1,Geo_HP,CO2,0.0
622,2030,reg1,Geo_HP,CO2,0.0
623,2031,reg1,Geo_HP,CO2,0.0
624,2032,reg1,Geo_HP,CO2,0.0
625,2033,reg1,Geo_HP,CO2,0.0
626,2034,reg1,Geo_HP,CO2,0.0
627,2035,reg1,Geo_HP,CO2,0.0
628,2036,reg1,Geo_HP,CO2,0.0
629,2037,reg1,Geo_HP,CO2,0.0
630,2038,reg1,Geo_HP,CO2,0.0
631,2039,reg1,Geo_HP,CO2,0.0
632,2040,reg1,Geo_HP,CO2,0.0
633,2041,reg1,Geo_HP,CO2,0.0
634,2042,reg1,Geo_HP,CO2,0.0
635,2043,reg1,Geo_HP,CO2,0.0
636,2044,reg1,Geo_HP,CO2,0.0
637,2045,reg1,Geo_HP,CO2,0.0
638,2046,reg1,Geo_HP,CO2,0.0
639,2047,reg1,Geo_HP,CO2,0.0
640,2048,reg1,Geo_HP,CO2,0.0
641,2049,reg1,Geo_HP,CO2,0.0
642,2050,reg1,Geo_HP,CO2,0.0
643,2051,reg1,Geo_HP,CO2,0.0
644,2052,reg1,Geo_HP,CO2,0.0
645,2053,reg1,Geo_HP,CO2,0.0
646,2054,reg1,Geo_HP,CO2,0.0
647,2055,reg1,Geo_HP,CO2,0.0
648,2056,reg1,Geo_HP,CO2,0.0
649,2057,reg1,Geo_HP,CO2,0.0
650,2058,reg1,Geo_HP,CO2,0.0
651,2059,reg1,Geo_HP,CO2,0.0
652,2060,reg1,Geo_HP,CO2,0.0
653,2061,reg1,Geo_HP,CO2,0.0
654,2062,reg1,Geo_HP,CO2,0.0
655,2063,reg1,Geo_HP,CO2,0.0
656,2064,reg1,Geo_HP,CO2,0.0
657,2065,reg1,Geo_HP,CO2,0.0
658,2066,reg1,Geo_HP,CO2,0.0
659,2067,reg1,Geo_HP,CO2,0.0
660,2068,reg1,Geo_HP,CO2,0.0
661,2069,reg1,Geo_HP,CO2,0.0
662,2070,reg1,Geo_HP,CO2,0.0
663,2020,reg1,SMR,CO2,0.0
664,2021,reg1,SMR,CO2,185391.3647001936
665,2022,reg1,SMR,CO2,185391.3647001934
666,2023,reg1,SMR,CO2,0.0
667,2024,reg1,SMR,CO2,0.0
668,2025,reg1,SMR,CO2,23173.9205875242
669,2026,reg1,SMR,CO2,23173.9205875242
670,2027,reg1,SMR,CO2,32715.247726863407
671,2028,reg1,SMR,CO2,23453.524490546177
672,2029,reg1,SMR,CO2,32266.174566561378
673,2030,reg1,SMR,CO2,38623.200979207
674,2031,reg1,SMR,CO2,38623.200979207
675,2032,reg1,SMR,CO2,20125.725139624046
676,2033,reg1,SMR,CO2,1903.4522181863524
677,2034,reg1,SMR,CO2,0.0
678,2035,reg1,SMR,CO2,0.0
679,2036,reg1,SMR,CO2,19883.571021425792
680,2037,reg1,SMR,CO2,18501.913524386247
681,2038,reg1,SMR,CO2,32063.757234388104
682,2039,reg1,SMR,CO2,25755.77975021047
683,2040,reg1,SMR,CO2,25190.02953451749
684,2041,reg1,SMR,CO2,24596.932493910754
685,2042,reg1,SMR,CO2,24003.835453306732
686,2043,reg1,SMR,CO2,23410.738412702714
687,2044,reg1,SMR,CO2,22817.64137209462
688,2045,reg1,SMR,CO2,31946.894450801563
689,2046,reg1,SMR,CO2,11702.500149560521
690,2047,reg1,SMR,CO2,0.0
691,2048,reg1,SMR,CO2,0.0
692,2049,reg1,SMR,CO2,0.0
693,2050,reg1,SMR,CO2,0.0
694,2051,reg1,SMR,CO2,2745.13989239856
695,2052,reg1,SMR,CO2,2745.1398923986644
696,2053,reg1,SMR,CO2,2745.1398923986644
697,2054,reg1,SMR,CO2,2806.272614936116
698,2055,reg1,SMR,CO2,2806.272614935489
699,2056,reg1,SMR,CO2,2806.272614935698
700,2057,reg1,SMR,CO2,2806.272614935698
701,2058,reg1,SMR,CO2,2806.272614935698
702,2059,reg1,SMR,CO2,2806.272614935489
703,2060,reg1,SMR,CO2,2806.272614935489
704,2061,reg1,SMR,CO2,2806.272614935489
705,2062,reg1,SMR,CO2,2806.272614935489
706,2063,reg1,SMR,CO2,2806.272614935489
707,2064,reg1,SMR,CO2,2745.13989239856
708,2065,reg1,SMR,CO2,2806.272614935489
709,2066,reg1,SMR,CO2,5661.539008962365
710,2067,reg1,SMR,CO2,5600.406286425436
711,2068,reg1,SMR,CO2,5600.406286425436
712,2069,reg1,SMR,CO2,5600.406286425436
713,2070,reg1,SMR,CO2,45944.30382853055
714,2020,reg1,SMR_CCS,CO2,0.0
715,2021,reg1,SMR_CCS,CO2,386463.816092273
716,2022,reg1,SMR_CCS,CO2,456531.0283574545
717,2023,reg1,SMR_CCS,CO2,511514.1703950142
718,2024,reg1,SMR_CCS,CO2,563353.3256637292
719,2025,reg1,SMR_CCS,CO2,613135.3909698538
720,2026,reg1,SMR_CCS,CO2,658123.7777610155
721,2027,reg1,SMR_CCS,CO2,703758.0666135749
722,2028,reg1,SMR_CCS,CO2,753722.5726502718
723,2029,reg1,SMR_CCS,CO2,803142.898606305
724,2030,reg1,SMR_CCS,CO2,854673.2855131206
725,2031,reg1,SMR_CCS,CO2,863103.746168868
726,2032,reg1,SMR_CCS,CO2,873531.2166775109
727,2033,reg1,SMR_CCS,CO2,884187.7988657483
728,2034,reg1,SMR_CCS,CO2,892686.2733258967
729,2035,reg1,SMR_CCS,CO2,898739.4403514097
730,2036,reg1,SMR_CCS,CO2,1003891.6619064624
731,2037,reg1,SMR_CCS,CO2,1111990.2320192133
732,2038,reg1,SMR_CCS,CO2,1200914.6322587673
733,2039,reg1,SMR_CCS,CO2,1302903.7293750972
734,2040,reg1,SMR_CCS,CO2,1411839.1306299805
735,2041,reg1,SMR_CCS,CO2,1526583.7880763072
736,2042,reg1,SMR_CCS,CO2,1641328.4455226334
737,2043,reg1,SMR_CCS,CO2,1756073.1029689587
738,2044,reg1,SMR_CCS,CO2,1870817.7604152856
739,2045,reg1,SMR_CCS,CO2,1984286.9561186256
740,2046,reg1,SMR_CCS,CO2,1973247.236288259
741,2047,reg1,SMR_CCS,CO2,1961086.917110061
742,2048,reg1,SMR_CCS,CO2,1947391.3630293044
743,2049,reg1,SMR_CCS,CO2,1932756.8335779824
744,2050,reg1,SMR_CCS,CO2,1918826.5356545858
745,2051,reg1,SMR_CCS,CO2,1918466.4045269333
746,2052,reg1,SMR_CCS,CO2,1919367.3330491225
747,2053,reg1,SMR_CCS,CO2,1919367.9433703888
748,2054,reg1,SMR_CCS,CO2,1919632.1038223342
749,2055,reg1,SMR_CCS,CO2,1919632.1038223342
750,2056,reg1,SMR_CCS,CO2,1919632.1038223342
751,2057,reg1,SMR_CCS,CO2,1919632.1038223342
752,2058,reg1,SMR_CCS,CO2,1919632.1038223342
753,2059,reg1,SMR_CCS,CO2,1919632.1038223342
754,2060,reg1,SMR_CCS,CO2,1919632.1038223342
755,2061,reg1,SMR_CCS,CO2,1919632.1038223342
756,2062,reg1,SMR_CCS,CO2,1919632.1038223342
757,2063,reg1,SMR_CCS,CO2,1919632.1038223342
758,2064,reg1,SMR_CCS,CO2,1919632.1038223342
759,2065,reg1,SMR_CCS,CO2,1919632.1038223342
760,2066,reg1,SMR_CCS,CO2,1919070.2361143844
761,2067,reg1,SMR_CCS,CO2,1918091.8260549668
762,2068,reg1,SMR_CCS,CO2,1918091.8260549668
763,2069,reg1,SMR_CCS,CO2,1918091.8260549668
764,2070,reg1,SMR_CCS,CO2,1912799.1656131565
765,2020,reg1,Methane_pyrolysis,CO2,0.0
766,2021,reg1,Methane_pyrolysis,CO2,0.0
767,2022,reg1,Methane_pyrolysis,CO2,0.0
768,2023,reg1,Methane_pyrolysis,CO2,0.0
769,2024,reg1,Methane_pyrolysis,CO2,0.0
770,2025,reg1,Methane_pyrolysis,CO2,0.0
771,2026,reg1,Methane_pyrolysis,CO2,0.0
772,2027,reg1,Methane_pyrolysis,CO2,0.0
773,2028,reg1,Methane_pyrolysis,CO2,0.0
774,2029,reg1,Methane_pyrolysis,CO2,0.0
775,2030,reg1,Methane_pyrolysis,CO2,0.0
776,2031,reg1,Methane_pyrolysis,CO2,0.0
777,2032,reg1,Methane_pyrolysis,CO2,0.0
778,2033,reg1,Methane_pyrolysis,CO2,0.0
779,2034,reg1,Methane_pyrolysis,CO2,0.0
780,2035,reg1,Methane_pyrolysis,CO2,0.0
781,2036,reg1,Methane_pyrolysis,CO2,0.0
782,2037,reg1,Methane_pyrolysis,CO2,0.0
783,2038,reg1,Methane_pyrolysis,CO2,0.0
784,2039,reg1,Methane_pyrolysis,CO2,0.0
785,2040,reg1,Methane_pyrolysis,CO2,0.0
786,2041,reg1,Methane_pyrolysis,CO2,0.0
787,2042,reg1,Methane_pyrolysis,CO2,0.0
788,2043,reg1,Methane_pyrolysis,CO2,0.0
789,2044,reg1,Methane_pyrolysis,CO2,0.0
790,2045,reg1,Methane_pyrolysis,CO2,0.0
791,2046,reg1,Methane_pyrolysis,CO2,0.0
792,2047,reg1,Methane_pyrolysis,CO2,0.0
793,2048,reg1,Methane_pyrolysis,CO2,0.0
794,2049,reg1,Methane_pyrolysis,CO2,0.0
795,2050,reg1,Methane_pyrolysis,CO2,0.0
796,2051,reg1,Methane_pyrolysis,CO2,0.0
797,2052,reg1,Methane_pyrolysis,CO2,0.0
798,2053,reg1,Methane_pyrolysis,CO2,0.0
799,2054,reg1,Methane_pyrolysis,CO2,0.0
800,2055,reg1,Methane_pyrolysis,CO2,0.0
801,2056,reg1,Methane_pyrolysis,CO2,0.0
802,2057,reg1,Methane_pyrolysis,CO2,0.0
803,2058,reg1,Methane_pyrolysis,CO2,0.0
804,2059,reg1,Methane_pyrolysis,CO2,0.0
805,2060,reg1,Methane_pyrolysis,CO2,0.0
806,2061,reg1,Methane_pyrolysis,CO2,0.0
807,2062,reg1,Methane_pyrolysis,CO2,0.0
808,2063,reg1,Methane_pyrolysis,CO2,0.0
809,2064,reg1,Methane_pyrolysis,CO2,0.0
810,2065,reg1,Methane_pyrolysis,CO2,0.0
811,2066,reg1,Methane_pyrolysis,CO2,0.0
812,2067,reg1,Methane_pyrolysis,CO2,0.0
813,2068,reg1,Methane_pyrolysis,CO2,0.0
814,2069,reg1,Methane_pyrolysis,CO2,0.0
815,2070,reg1,Methane_pyrolysis,CO2,0.0
816,2020,reg1,Electrolysis,CO2,0.0
817,2021,reg1,Electrolysis,CO2,0.0
818,2022,reg1,Electrolysis,CO2,0.0
819,2023,reg1,Electrolysis,CO2,0.0
820,2024,reg1,Electrolysis,CO2,0.0
821,2025,reg1,Electrolysis,CO2,0.0
822,2026,reg1,Electrolysis,CO2,0.0
823,2027,reg1,Electrolysis,CO2,0.0
824,2028,reg1,Electrolysis,CO2,0.0
825,2029,reg1,Electrolysis,CO2,0.0
826,2030,reg1,Electrolysis,CO2,0.0
827,2031,reg1,Electrolysis,CO2,0.0
828,2032,reg1,Electrolysis,CO2,0.0
829,2033,reg1,Electrolysis,CO2,0.0
830,2034,reg1,Electrolysis,CO2,0.0
831,2035,reg1,Electrolysis,CO2,0.0
832,2036,reg1,Electrolysis,CO2,0.0
833,2037,reg1,Electrolysis,CO2,0.0
834,2038,reg1,Electrolysis,CO2,0.0
835,2039,reg1,Electrolysis,CO2,0.0
836,2040,reg1,Electrolysis,CO2,0.0
837,2041,reg1,Electrolysis,CO2,0.0
838,2042,reg1,Electrolysis,CO2,0.0
839,2043,reg1,Electrolysis,CO2,0.0
840,2044,reg1,Electrolysis,CO2,0.0
841,2045,reg1,Electrolysis,CO2,0.0
842,2046,reg1,Electrolysis,CO2,0.0
843,2047,reg1,Electrolysis,CO2,0.0
844,2048,reg1,Electrolysis,CO2,0.0
845,2049,reg1,Electrolysis,CO2,0.0
846,2050,reg1,Electrolysis,CO2,0.0
847,2051,reg1,Electrolysis,CO2,0.0
848,2052,reg1,Electrolysis,CO2,0.0
849,2053,reg1,Electrolysis,CO2,0.0
850,2054,reg1,Electrolysis,CO2,0.0
851,2055,reg1,Electrolysis,CO2,0.0
852,2056,reg1,Electrolysis,CO2,0.0
853,2057,reg1,Electrolysis,CO2,0.0
854,2058,reg1,Electrolysis,CO2,0.0
855,2059,reg1,Electrolysis,CO2,0.0
856,2060,reg1,Electrolysis,CO2,0.0
857,2061,reg1,Electrolysis,CO2,0.0
858,2062,reg1,Electrolysis,CO2,0.0
859,2063,reg1,Electrolysis,CO2,0.0
860,2064,reg1,Electrolysis,CO2,0.0
861,2065,reg1,Electrolysis,CO2,0.0
862,2066,reg1,Electrolysis,CO2,0.0
863,2067,reg1,Electrolysis,CO2,0.0
864,2068,reg1,Electrolysis,CO2,0.0
865,2069,reg1,Electrolysis,CO2,0.0
866,2070,reg1,Electrolysis,CO2,0.0
867,2020,reg1,SFF_PP,CO2,47347610.112
868,2021,reg1,SFF_PP,CO2,45453705.707520016
869,2022,reg1,SFF_PP,CO2,43559801.30303998
870,2023,reg1,SFF_PP,CO2,41665896.898560025
871,2024,reg1,SFF_PP,CO2,39771992.49408002
872,2025,reg1,SFF_PP,CO2,37878088.0896
873,2026,reg1,SFF_PP,CO2,35984183.68512004
874,2027,reg1,SFF_PP,CO2,34090279.28064002
875,2028,reg1,SFF_PP,CO2,32196374.87616002
876,2029,reg1,SFF_PP,CO2,30302470.471680038
877,2030,reg1,SFF_PP,CO2,28408566.06720003
878,2031,reg1,SFF_PP,CO2,26514661.662720032
879,2032,reg1,SFF_PP,CO2,24620757.258240037
880,2033,reg1,SFF_PP,CO2,22726852.853760034
881,2034,reg1,SFF_PP,CO2,20832948.449280016
882,2035,reg1,SFF_PP,CO2,18939044.04480003
883,2036,reg1,SFF_PP,CO2,17045139.640320018
884,2037,reg1,SFF_PP,CO2,15151235.235840028
885,2038,reg1,SFF_PP,CO2,13257330.831360035
886,2039,reg1,SFF_PP,CO2,11363426.426880023
887,2040,reg1,SFF_PP,CO2,9469522.022400022
888,2041,reg1,SFF_PP,CO2,7575617.6179200215
889,2042,reg1,SFF_PP,CO2,5681713.213440025
890,2043,reg1,SFF_PP,CO2,3787808.8089600266
891,2044,reg1,SFF_PP,CO2,1893904.4044800256
892,2045,reg1,SFF_PP,CO2,0.0
893,2046,reg1,SFF_PP,CO2,0.0
894,2047,reg1,SFF_PP,CO2,0.0
895,2048,reg1,SFF_PP,CO2,0.0
896,2049,reg1,SFF_PP,CO2,0.0
897,2050,reg1,SFF_PP,CO2,0.0
898,2051,reg1,SFF_PP,CO2,0.0
899,2052,reg1,SFF_PP,CO2,0.0
900,2053,reg1,SFF_PP,CO2,0.0
901,2054,reg1,SFF_PP,CO2,0.0
902,2055,reg1,SFF_PP,CO2,0.0
903,2056,reg1,SFF_PP,CO2,0.0
904,2057,reg1,SFF_PP,CO2,0.0
905,2058,reg1,SFF_PP,CO2,0.0
906,2059,reg1,SFF_PP,CO2,0.0
907,2060,reg1,SFF_PP,CO2,0.0
908,2061,reg1,SFF_PP,CO2,0.0
909,2062,reg1,SFF_PP,CO2,0.0
910,2063,reg1,SFF_PP,CO2,0.0
911,2064,reg1,SFF_PP,CO2,0.0
912,2065,reg1,SFF_PP,CO2,0.0
913,2066,reg1,SFF_PP,CO2,0.0
914,2067,reg1,SFF_PP,CO2,0.0
915,2068,reg1,SFF_PP,CO2,0.0
916,2069,reg1,SFF_PP,CO2,0.0
917,2070,reg1,SFF_PP,CO2,0.0
918,2020,reg1,Oil_PP,CO2,0.0
919,2021,reg1,Oil_PP,CO2,0.0
920,2022,reg1,Oil_PP,CO2,21444963.694933325
921,2023,reg1,Oil_PP,CO2,0.0
922,2024,reg1,Oil_PP,CO2,0.0
923,2025,reg1,Oil_PP,CO2,0.0
924,2026,reg1,Oil_PP,CO2,0.0
925,2027,reg1,Oil_PP,CO2,0.0
926,2028,reg1,Oil_PP,CO2,0.0
927,2029,reg1,Oil_PP,CO2,0.0
928,2030,reg1,Oil_PP,CO2,0.0
929,2031,reg1,Oil_PP,CO2,0.0
930,2032,reg1,Oil_PP,CO2,0.0
931,2033,reg1,Oil_PP,CO2,737901.8490705807
932,2034,reg1,Oil_PP,CO2,1913730.2416233756
933,2035,reg1,Oil_PP,CO2,1790334.6723049346
934,2036,reg1,Oil_PP,CO2,861793.0067969991
935,2037,reg1,Oil_PP,CO2,675644.7288888881
936,2038,reg1,Oil_PP,CO2,591189.137777777
937,2039,reg1,Oil_PP,CO2,506733.5466666659
938,2040,reg1,Oil_PP,CO2,422277.9555555549
939,2041,reg1,Oil_PP,CO2,337822.3644444437
940,2042,reg1,Oil_PP,CO2,253366.77333333268
941,2043,reg1,Oil_PP,CO2,168911.1822222216
942,2044,reg1,Oil_PP,CO2,84455.5911111105
943,2045,reg1,Oil_PP,CO2,0.0
944,2046,reg1,Oil_PP,CO2,0.0
945,2047,reg1,Oil_PP,CO2,0.0
946,2048,reg1,Oil_PP,CO2,0.0
947,2049,reg1,Oil_PP,CO2,0.0
948,2050,reg1,Oil_PP,CO2,0.0
949,2051,reg1,Oil_PP,CO2,0.0
950,2052,reg1,Oil_PP,CO2,0.0
951,2053,reg1,Oil_PP,CO2,0.0
952,2054,reg1,Oil_PP,CO2,0.0
953,2055,reg1,Oil_PP,CO2,0.0
954,2056,reg1,Oil_PP,CO2,0.0
955,2057,reg1,Oil_PP,CO2,0.0
956,2058,reg1,Oil_PP,CO2,0.0
957,2059,reg1,Oil_PP,CO2,0.0
958,2060,reg1,Oil_PP,CO2,0.0
959,2061,reg1,Oil_PP,CO2,0.0
960,2062,reg1,Oil_PP,CO2,0.0
961,2063,reg1,Oil_PP,CO2,0.0
962,2064,reg1,Oil_PP,CO2,0.0
963,2065,reg1,Oil_PP,CO2,0.0
964,2066,reg1,Oil_PP,CO2,0.0
965,2067,reg1,Oil_PP,CO2,0.0
966,2068,reg1,Oil_PP,CO2,0.0
967,2069,reg1,Oil_PP,CO2,0.0
968,2070,reg1,Oil_PP,CO2,0.0
969,2020,reg1,NG_PP,CO2,105507503.26365924
970,2021,reg1,NG_PP,CO2,60657384.86769464
971,2022,reg1,NG_PP,CO2,43601447.49417371
972,2023,reg1,NG_PP,CO2,62630143.03251212
973,2024,reg1,NG_PP,CO2,63838881.37758482
974,2025,reg1,NG_PP,CO2,65479797.32116046
975,2026,reg1,NG_PP,CO2,65242432.992066905
976,2027,reg1,NG_PP,CO2,67587539.08238429
977,2028,reg1,NG_PP,CO2,72087333.5733351
978,2029,reg1,NG_PP,CO2,74302895.06146446
979,2030,reg1,NG_PP,CO2,76177196.42419669
980,2031,reg1,NG_PP,CO2,70360413.2502534
981,2032,reg1,NG_PP,CO2,67378502.15906604
982,2033,reg1,NG_PP,CO2,63785311.79392484
983,2034,reg1,NG_PP,CO2,59667890.75658303
984,2035,reg1,NG_PP,CO2,53343127.791920125
985,2036,reg1,NG_PP,CO2,55935477.48120522
986,2037,reg1,NG_PP,CO2,60447983.43368646
987,2038,reg1,NG_PP,CO2,65232015.1517925
988,2039,reg1,NG_PP,CO2,70022788.75875361
989,2040,reg1,NG_PP,CO2,73557709.3472491
990,2041,reg1,NG_PP,CO2,80078701.14283468
991,2042,reg1,NG_PP,CO2,84951256.70530607
992,2043,reg1,NG_PP,CO2,90505532.8185907
993,2044,reg1,NG_PP,CO2,95760713.02590372
994,2045,reg1,NG_PP,CO2,99702174.69907263
995,2046,reg1,NG_PP,CO2,96363375.14381665
996,2047,reg1,NG_PP,CO2,95912547.30721074
997,2048,reg1,NG_PP,CO2,95126286.43268752
998,2049,reg1,NG_PP,CO2,95344347.62730819
999,2050,reg1,NG_PP,CO2,95786656.25504582
1000,2051,reg1,NG_PP,CO2,95779066.78866142
1001,2052,reg1,NG_PP,CO2,94390780.91477153
1002,2053,reg1,NG_PP,CO2,93634816.08647963
1003,2054,reg1,NG_PP,CO2,93591858.86421953
1004,2055,reg1,NG_PP,CO2,93773012.0115114
1005,2056,reg1,NG_PP,CO2,94266877.3646913
1006,2057,reg1,NG_PP,CO2,94266877.36469118
1007,2058,reg1,NG_PP,CO2,94266877.36469126
1008,2059,reg1,NG_PP,CO2,94248321.97530998
1009,2060,reg1,NG_PP,CO2,96998972.20710778
1010,2061,reg1,NG_PP,CO2,100715134.34818316
1011,2062,reg1,NG_PP,CO2,101293248.47555141
1012,2063,reg1,NG_PP,CO2,101896700.21546277
1013,2064,reg1,NG_PP,CO2,102418060.34152408
1014,2065,reg1,NG_PP,CO2,103768175.4060176
1015,2066,reg1,NG_PP,CO2,103002851.82639448
1016,2067,reg1,NG_PP,CO2,100784237.15949489
1017,2068,reg1,NG_PP,CO2,101564572.34729692
1018,2069,reg1,NG_PP,CO2,102277146.8242605
1019,2070,reg1,NG_PP,CO2,104585767.12168418
1020,2020,reg1,NG_PP_CCS,CO2,0.0
1021,2021,reg1,NG_PP_CCS,CO2,0.0
1022,2022,reg1,NG_PP_CCS,CO2,0.0
1023,2023,reg1,NG_PP_CCS,CO2,0.0
1024,2024,reg1,NG_PP_CCS,CO2,0.0
1025,2025,reg1,NG_PP_CCS,CO2,0.0
1026,2026,reg1,NG_PP_CCS,CO2,0.0
1027,2027,reg1,NG_PP_CCS,CO2,0.0
1028,2028,reg1,NG_PP_CCS,CO2,0.0
1029,2029,reg1,NG_PP_CCS,CO2,0.0
1030,2030,reg1,NG_PP_CCS,CO2,0.0
1031,2031,reg1,NG_PP_CCS,CO2,0.0
1032,2032,reg1,NG_PP_CCS,CO2,0.0
1033,2033,reg1,NG_PP_CCS,CO2,0.0
1034,2034,reg1,NG_PP_CCS,CO2,0.0
1035,2035,reg1,NG_PP_CCS,CO2,0.0
1036,2036,reg1,NG_PP_CCS,CO2,0.0
1037,2037,reg1,NG_PP_CCS,CO2,0.0
1038,2038,reg1,NG_PP_CCS,CO2,0.0
1039,2039,reg1,NG_PP_CCS,CO2,0.0
1040,2040,reg1,NG_PP_CCS,CO2,0.0
1041,2041,reg1,NG_PP_CCS,CO2,0.0
1042,2042,reg1,NG_PP_CCS,CO2,0.0
1043,2043,reg1,NG_PP_CCS,CO2,0.0
1044,2044,reg1,NG_PP_CCS,CO2,0.0
1045,2045,reg1,NG_PP_CCS,CO2,0.0
1046,2046,reg1,NG_PP_CCS,CO2,0.0
1047,2047,reg1,NG_PP_CCS,CO2,0.0
1048,2048,reg1,NG_PP_CCS,CO2,0.0
1049,2049,reg1,NG_PP_CCS,CO2,0.0
1050,2050,reg1,NG_PP_CCS,CO2,0.0
1051,2051,reg1,NG_PP_CCS,CO2,0.0
1052,2052,reg1,NG_PP_CCS,CO2,0.0
1053,2053,reg1,NG_PP_CCS,CO2,0.0
1054,2054,reg1,NG_PP_CCS,CO2,0.0
1055,2055,reg1,NG_PP_CCS,CO2,0.0
1056,2056,reg1,NG_PP_CCS,CO2,0.0
1057,2057,reg1,NG_PP_CCS,CO2,0.0
1058,2058,reg1,NG_PP_CCS,CO2,0.0
1059,2059,reg1,NG_PP_CCS,CO2,0.0
1060,2060,reg1,NG_PP_CCS,CO2,0.0
1061,2061,reg1,NG_PP_CCS,CO2,0.0
1062,2062,reg1,NG_PP_CCS,CO2,0.0
1063,2063,reg1,NG_PP_CCS,CO2,0.0
1064,2064,reg1,NG_PP_CCS,CO2,0.0
1065,2065,reg1,NG_PP_CCS,CO2,0.0
1066,2066,reg1,NG_PP_CCS,CO2,0.0
1067,2067,reg1,NG_PP_CCS,CO2,0.0
1068,2068,reg1,NG_PP_CCS,CO2,0.0
1069,2069,reg1,NG_PP_CCS,CO2,0.0
1070,2070,reg1,NG_PP_CCS,CO2,0.0
1071,2020,reg1,SoSCO2_lr,CO2,0.0
1072,2021,reg1,SoSCO2_lr,CO2,0.0
1073,2022,reg1,SoSCO2_lr,CO2,0.0
1074,2023,reg1,SoSCO2_lr,CO2,0.0
1075,2024,reg1,SoSCO2_lr,CO2,0.0
1076,2025,reg1,SoSCO2_lr,CO2,0.0
1077,2026,reg1,SoSCO2_lr,CO2,0.0
1078,2027,reg1,SoSCO2_lr,CO2,0.0
1079,2028,reg1,SoSCO2_lr,CO2,0.0
1080,2029,reg1,SoSCO2_lr,CO2,0.0
1081,2030,reg1,SoSCO2_lr,CO2,0.0
1082,2031,reg1,SoSCO2_lr,CO2,0.0
1083,2032,reg1,SoSCO2_lr,CO2,0.0
1084,2033,reg1,SoSCO2_lr,CO2,0.0
1085,2034,reg1,SoSCO2_lr,CO2,0.0
1086,2035,reg1,SoSCO2_lr,CO2,0.0
1087,2036,reg1,SoSCO2_lr,CO2,0.0
1088,2037,reg1,SoSCO2_lr,CO2,0.0
1089,2038,reg1,SoSCO2_lr,CO2,0.0
1090,2039,reg1,SoSCO2_lr,CO2,0.0
1091,2040,reg1,SoSCO2_lr,CO2,0.0
1092,2041,reg1,SoSCO2_lr,CO2,0.0
1093,2042,reg1,SoSCO2_lr,CO2,0.0
1094,2043,reg1,SoSCO2_lr,CO2,0.0
1095,2044,reg1,SoSCO2_lr,CO2,0.0
1096,2045,reg1,SoSCO2_lr,CO2,0.0
1097,2046,reg1,SoSCO2_lr,CO2,0.0
1098,2047,reg1,SoSCO2_lr,CO2,0.0
1099,2048,reg1,SoSCO2_lr,CO2,0.0
1100,2049,reg1,SoSCO2_lr,CO2,0.0
1101,2050,reg1,SoSCO2_lr,CO2,0.0
1102,2051,reg1,SoSCO2_lr,CO2,0.0
1103,2052,reg1,SoSCO2_lr,CO2,0.0
1104,2053,reg1,SoSCO2_lr,CO2,0.0
1105,2054,reg1,SoSCO2_lr,CO2,0.0
1106,2055,reg1,SoSCO2_lr,CO2,0.0
1107,2056,reg1,SoSCO2_lr,CO2,0.0
1108,2057,reg1,SoSCO2_lr,CO2,0.0
1109,2058,reg1,SoSCO2_lr,CO2,0.0
1110,2059,reg1,SoSCO2_lr,CO2,0.0
1111,2060,reg1,SoSCO2_lr,CO2,0.0
1112,2061,reg1,SoSCO2_lr,CO2,0.0
1113,2062,reg1,SoSCO2_lr,CO2,0.0
1114,2063,reg1,SoSCO2_lr,CO2,0.0
1115,2064,reg1,SoSCO2_lr,CO2,0.0
1116,2065,reg1,SoSCO2_lr,CO2,0.0
1117,2066,reg1,SoSCO2_lr,CO2,0.0
1118,2067,reg1,SoSCO2_lr,CO2,0.0
1119,2068,reg1,SoSCO2_lr,CO2,0.0
1120,2069,reg1,SoSCO2_lr,CO2,0.0
1121,2070,reg1,SoSCO2_lr,CO2,0.0
1122,2020,reg1,SoSCO2_agg,CO2,0.0
1123,2021,reg1,SoSCO2_agg,CO2,0.0
1124,2022,reg1,SoSCO2_agg,CO2,0.0
1125,2023,reg1,SoSCO2_agg,CO2,0.0
1126,2024,reg1,SoSCO2_agg,CO2,0.0
1127,2025,reg1,SoSCO2_agg,CO2,0.0
1128,2026,reg1,SoSCO2_agg,CO2,0.0
1129,2027,reg1,SoSCO2_agg,CO2,0.0
1130,2028,reg1,SoSCO2_agg,CO2,0.0
1131,2029,reg1,SoSCO2_agg,CO2,0.0
1132,2030,reg1,SoSCO2_agg,CO2,0.0
1133,2031,reg1,SoSCO2_agg,CO2,0.0
1134,2032,reg1,SoSCO2_agg,CO2,0.0
1135,2033,reg1,SoSCO2_agg,CO2,0.0
1136,2034,reg1,SoSCO2_agg,CO2,5160.365814104377
1137,2035,reg1,SoSCO2_agg,CO2,46505.48389631443
1138,2036,reg1,SoSCO2_agg,CO2,82786.079732552
1139,2037,reg1,SoSCO2_agg,CO2,82573.01374193485
1140,2038,reg1,SoSCO2_agg,CO2,83312.00751938415
1141,2039,reg1,SoSCO2_agg,CO2,84023.22032202194
1142,2040,reg1,SoSCO2_agg,CO2,89524.59076300316
1143,2041,reg1,SoSCO2_agg,CO2,92183.44234168186
1144,2042,reg1,SoSCO2_agg,CO2,92183.44234168186
1145,2043,reg1,SoSCO2_agg,CO2,92183.44234168186
1146,2044,reg1,SoSCO2_agg,CO2,92183.44234168186
1147,2045,reg1,SoSCO2_agg,CO2,92183.44234168186
1148,2046,reg1,SoSCO2_agg,CO2,118672.58126583237
1149,2047,reg1,SoSCO2_agg,CO2,118716.90723992224
1150,2048,reg1,SoSCO2_agg,CO2,118481.24638286552
1151,2049,reg1,SoSCO2_agg,CO2,118484.21554067836
1152,2050,reg1,SoSCO2_agg,CO2,118644.17050445838
1153,2051,reg1,SoSCO2_agg,CO2,118644.17050445838
1154,2052,reg1,SoSCO2_agg,CO2,117877.98643781616
1155,2053,reg1,SoSCO2_agg,CO2,115426.94276016821
1156,2054,reg1,SoSCO2_agg,CO2,113793.79407732848
1157,2055,reg1,SoSCO2_agg,CO2,113860.19531022687
1158,2056,reg1,SoSCO2_agg,CO2,114106.98165604517
1159,2057,reg1,SoSCO2_agg,CO2,114106.98165604522
1160,2058,reg1,SoSCO2_agg,CO2,114106.98165604522
1161,2059,reg1,SoSCO2_agg,CO2,108944.80481095596
1162,2060,reg1,SoSCO2_agg,CO2,66500.76106083399
1163,2061,reg1,SoSCO2_agg,CO2,32161.7928454466
1164,2062,reg1,SoSCO2_agg,CO2,32243.68485061827
1165,2063,reg1,SoSCO2_agg,CO2,32273.425410899086
1166,2064,reg1,SoSCO2_agg,CO2,32303.16597117979
1167,2065,reg1,SoSCO2_agg,CO2,26533.464898240367
1168,2066,reg1,SoSCO2_agg,CO2,26533.464898240367
1169,2067,reg1,SoSCO2_agg,CO2,26533.464898240367
1170,2068,reg1,SoSCO2_agg,CO2,26533.464898240367
1171,2069,reg1,SoSCO2_agg,CO2,26533.464898240367
1172,2070,reg1,SoSCO2_agg,CO2,26533.464898240367
1173,2020,reg1,Allam_PP,CO2,0.0
1174,2021,reg1,Allam_PP,CO2,0.0
1175,2022,reg1,Allam_PP,CO2,0.0
1176,2023,reg1,Allam_PP,CO2,0.0
1177,2024,reg1,Allam_PP,CO2,0.0
1178,2025,reg1,Allam_PP,CO2,0.0
1179,2026,reg1,Allam_PP,CO2,0.0
1180,2027,reg1,Allam_PP,CO2,0.0
1181,2028,reg1,Allam_PP,CO2,0.0
1182,2029,reg1,Allam_PP,CO2,0.0
1183,2030,reg1,Allam_PP,CO2,0.0
1184,2031,reg1,Allam_PP,CO2,0.0
1185,2032,reg1,Allam_PP,CO2,0.0
1186,2033,reg1,Allam_PP,CO2,0.0
1187,2034,reg1,Allam_PP,CO2,0.0
1188,2035,reg1,Allam_PP,CO2,0.0
1189,2036,reg1,Allam_PP,CO2,0.0
1190,2037,reg1,Allam_PP,CO2,0.0
1191,2038,reg1,Allam_PP,CO2,0.0
1192,2039,reg1,Allam_PP,CO2,0.0
1193,2040,reg1,Allam_PP,CO2,0.0
1194,2041,reg1,Allam_PP,CO2,0.0
1195,2042,reg1,Allam_PP,CO2,0.0
1196,2043,reg1,Allam_PP,CO2,0.0
1197,2044,reg1,Allam_PP,CO2,0.0
1198,2045,reg1,Allam_PP,CO2,0.0
1199,2046,reg1,Allam_PP,CO2,0.0
1200,2047,reg1,Allam_PP,CO2,0.0
1201,2048,reg1,Allam_PP,CO2,0.0
1202,2049,reg1,Allam_PP,CO2,0.0
1203,2050,reg1,Allam_PP,CO2,0.0
1204,2051,reg1,Allam_PP,CO2,0.0
1205,2052,reg1,Allam_PP,CO2,0.0
1206,2053,reg1,Allam_PP,CO2,0.0
1207,2054,reg1,Allam_PP,CO2,0.0
1208,2055,reg1,Allam_PP,CO2,0.0
1209,2056,reg1,Allam_PP,CO2,0.0
1210,2057,reg1,Allam_PP,CO2,0.0
1211,2058,reg1,Allam_PP,CO2,0.0
1212,2059,reg1,Allam_PP,CO2,0.0
1213,2060,reg1,Allam_PP,CO2,0.0
1214,2061,reg1,Allam_PP,CO2,0.0
1215,2062,reg1,Allam_PP,CO2,0.0
1216,2063,reg1,Allam_PP,CO2,0.0
1217,2064,reg1,Allam_PP,CO2,0.0
1218,2065,reg1,Allam_PP,CO2,0.0
1219,2066,reg1,Allam_PP,CO2,0.0
1220,2067,reg1,Allam_PP,CO2,0.0
1221,2068,reg1,Allam_PP,CO2,0.0
1222,2069,reg1,Allam_PP,CO2,0.0
1223,2070,reg1,Allam_PP,CO2,0.0
1224,2020,reg1,Bio_refinery,CO2,77148.58410638281
1225,2021,reg1,Bio_refinery,CO2,113775.5229472912
1226,2022,reg1,Bio_refinery,CO2,154505.4491764077
1227,2023,reg1,Bio_refinery,CO2,199338.3627937322
1228,2024,reg1,Bio_refinery,CO2,248274.26379926497
1229,2025,reg1,Bio_refinery,CO2,301313.1521930056
1230,2026,reg1,Bio_refinery,CO2,399155.31306939566
1231,2027,reg1,Bio_refinery,CO2,510126.41291316715
1232,2028,reg1,Bio_refinery,CO2,634084.5141647002
1233,2029,reg1,Bio_refinery,CO2,770878.0698057156
1234,2030,reg1,Bio_refinery,CO2,920345.0961334293
1235,2031,reg1,Bio_refinery,CO2,980880.5407519792
1236,2032,reg1,Bio_refinery,CO2,1039622.7743560241
1237,2033,reg1,Bio_refinery,CO2,1096571.7969455638
1238,2034,reg1,Bio_refinery,CO2,1151727.6085205977
1239,2035,reg1,Bio_refinery,CO2,1204168.2353157382
1240,2036,reg1,Bio_refinery,CO2,1441837.4624752346
1241,2037,reg1,Bio_refinery,CO2,1678584.7158693438
1242,2038,reg1,Bio_refinery,CO2,1915331.969263451
1243,2039,reg1,Bio_refinery,CO2,2152079.222657558
1244,2040,reg1,Bio_refinery,CO2,2388826.4760516635
1245,2041,reg1,Bio_refinery,CO2,2637017.447021882
1246,2042,reg1,Bio_refinery,CO2,2885208.4179920997
1247,2043,reg1,Bio_refinery,CO2,3133399.388962315
1248,2044,reg1,Bio_refinery,CO2,3381590.359932531
1249,2045,reg1,Bio_refinery,CO2,3629781.3309027487
1250,2046,reg1,Bio_refinery,CO2,3602136.9829065097
1251,2047,reg1,Bio_refinery,CO2,3574492.6349102724
1252,2048,reg1,Bio_refinery,CO2,3546848.2869140347
1253,2049,reg1,Bio_refinery,CO2,3519203.938917797
1254,2050,reg1,Bio_refinery,CO2,3491559.590921561
1255,2051,reg1,Bio_refinery,CO2,3491559.590921561
1256,2052,reg1,Bio_refinery,CO2,3491559.590921561
1257,2053,reg1,Bio_refinery,CO2,3491559.590921561
1258,2054,reg1,Bio_refinery,CO2,3491559.590921561
1259,2055,reg1,Bio_refinery,CO2,3491559.590921561
1260,2056,reg1,Bio_refinery,CO2,3491559.590921561
1261,2057,reg1,Bio_refinery,CO2,3491559.590921561
1262,2058,reg1,Bio_refinery,CO2,3491559.590921561
1263,2059,reg1,Bio_refinery,CO2,3491559.590921561
1264,2060,reg1,Bio_refinery,CO2,3491559.590921561
1265,2061,reg1,Bio_refinery,CO2,3491559.590921561
1266,2062,reg1,Bio_refinery,CO2,3491559.590921561
1267,2063,reg1,Bio_refinery,CO2,3491559.590921561
1268,2064,reg1,Bio_refinery,CO2,3491559.590921561
1269,2065,reg1,Bio_refinery,CO2,3491559.590921561
1270,2066,reg1,Bio_refinery,CO2,3491559.590921561
1271,2067,reg1,Bio_refinery,CO2,3491559.590921561
1272,2068,reg1,Bio_refinery,CO2,3491559.590921561
1273,2069,reg1,Bio_refinery,CO2,3491559.590921561
1274,2070,reg1,Bio_refinery,CO2,3491559.590921561
1275,2020,reg1,Oil_refinery,CO2,14651436.49335566
1276,2021,reg1,Oil_refinery,CO2,14881174.430857964
1277,2022,reg1,Oil_refinery,CO2,15972741.569660282
1278,2023,reg1,Oil_refinery,CO2,15333431.304729782
1279,2024,reg1,Oil_refinery,CO2,15555950.241099311
1280,2025,reg1,Oil_refinery,CO2,15776062.843757905
1281,2026,reg1,Oil_refinery,CO2,15337066.970126405
1282,2027,reg1,Oil_refinery,CO2,14890904.111536212
1283,2028,reg1,Oil_refinery,CO2,14437651.652026635
1284,2029,reg1,Oil_refinery,CO2,13977390.404277831
1285,2030,reg1,Oil_refinery,CO2,13510204.662316304
1286,2031,reg1,Oil_refinery,CO2,13378719.659096621
1287,2032,reg1,Oil_refinery,CO2,13248286.3442461
1288,2033,reg1,Oil_refinery,CO2,13148642.282648934
1289,2034,reg1,Oil_refinery,CO2,13067698.420557896
1290,2035,reg1,Oil_refinery,CO2,12931778.09158595
1291,2036,reg1,Oil_refinery,CO2,12504444.961289408
1292,2037,reg1,Oil_refinery,CO2,12103361.18795535
1293,2038,reg1,Oil_refinery,CO2,10965593.29466075
1294,2039,reg1,Oil_refinery,CO2,10275388.723988973
1295,2040,reg1,Oil_refinery,CO2,9914699.003455177
1296,2041,reg1,Oil_refinery,CO2,9559839.231770018
1297,2042,reg1,Oil_refinery,CO2,9204979.460084852
1298,2043,reg1,Oil_refinery,CO2,8850119.688399702
1299,2044,reg1,Oil_refinery,CO2,8495259.916714558
1300,2045,reg1,Oil_refinery,CO2,8140400.145029411
1301,2046,reg1,Oil_refinery,CO2,8140400.145029398
1302,2047,reg1,Oil_refinery,CO2,8140400.145029398
1303,2048,reg1,Oil_refinery,CO2,8140400.145029398
1304,2049,reg1,Oil_refinery,CO2,8100215.516803428
1305,2050,reg1,Oil_refinery,CO2,8090169.3597469395
1306,2051,reg1,Oil_refinery,CO2,8090169.359746939
1307,2052,reg1,Oil_refinery,CO2,8128725.725395306
1308,2053,reg1,Oil_refinery,CO2,8128751.84485909
1309,2054,reg1,Oil_refinery,CO2,8140400.1450294005
1310,2055,reg1,Oil_refinery,CO2,8140400.145029398
1311,2056,reg1,Oil_refinery,CO2,8140400.145029398
1312,2057,reg1,Oil_refinery,CO2,8140400.145029398
1313,2058,reg1,Oil_refinery,CO2,8140400.145029398
1314,2059,reg1,Oil_refinery,CO2,8140400.145029398
1315,2060,reg1,Oil_refinery,CO2,8140400.145029398
1316,2061,reg1,Oil_refinery,CO2,8140400.145029398
1317,2062,reg1,Oil_refinery,CO2,8140400.145029398
1318,2063,reg1,Oil_refinery,CO2,8140400.145029398
1319,2064,reg1,Oil_refinery,CO2,8140056.922591888
1320,2065,reg1,Oil_refinery,CO2,8140400.145029398
1321,2066,reg1,Oil_refinery,CO2,8132384.867361167
1322,2067,reg1,Oil_refinery,CO2,8090169.3597469395
1323,2068,reg1,Oil_refinery,CO2,8090169.3597469395
1324,2069,reg1,Oil_refinery,CO2,8090169.359746939
1325,2070,reg1,Oil_refinery,CO2,8090169.359746939
1326,2020,reg1,Biofuels_mix,CO2,0.0
1327,2021,reg1,Biofuels_mix,CO2,0.0
1328,2022,reg1,Biofuels_mix,CO2,0.0
1329,2023,reg1,Biofuels_mix,CO2,0.0
1330,2024,reg1,Biofuels_mix,CO2,0.0
1331,2025,reg1,Biofuels_mix,CO2,0.0
1332,2026,reg1,Biofuels_mix,CO2,0.0
1333,2027,reg1,Biofuels_mix,CO2,0.0
1334,2028,reg1,Biofuels_mix,CO2,0.0
1335,2029,reg1,Biofuels_mix,CO2,0.0
1336,2030,reg1,Biofuels_mix,CO2,0.0
1337,2031,reg1,Biofuels_mix,CO2,0.0
1338,2032,reg1,Biofuels_mix,CO2,0.0
1339,2033,reg1,Biofuels_mix,CO2,0.0
1340,2034,reg1,Biofuels_mix,CO2,0.0
1341,2035,reg1,Biofuels_mix,CO2,0.0
1342,2036,reg1,Biofuels_mix,CO2,0.0
1343,2037,reg1,Biofuels_mix,CO2,0.0
1344,2038,reg1,Biofuels_mix,CO2,0.0
1345,2039,reg1,Biofuels_mix,CO2,0.0
1346,2040,reg1,Biofuels_mix,CO2,0.0
1347,2041,reg1,Biofuels_mix,CO2,0.0
1348,2042,reg1,Biofuels_mix,CO2,0.0
1349,2043,reg1,Biofuels_mix,CO2,0.0
1350,2044,reg1,Biofuels_mix,CO2,0.0
1351,2045,reg1,Biofuels_mix,CO2,0.0
1352,2046,reg1,Biofuels_mix,CO2,0.0
1353,2047,reg1,Biofuels_mix,CO2,0.0
1354,2048,reg1,Biofuels_mix,CO2,0.0
1355,2049,reg1,Biofuels_mix,CO2,0.0
1356,2050,reg1,Biofuels_mix,CO2,0.0
1357,2051,reg1,Biofuels_mix,CO2,0.0
1358,2052,reg1,Biofuels_mix,CO2,0.0
1359,2053,reg1,Biofuels_mix,CO2,0.0
1360,2054,reg1,Biofuels_mix,CO2,0.0
1361,2055,reg1,Biofuels_mix,CO2,0.0
1362,2056,reg1,Biofuels_mix,CO2,0.0
1363,2057,reg1,Biofuels_mix,CO2,0.0
1364,2058,reg1,Biofuels_mix,CO2,0.0
1365,2059,reg1,Biofuels_mix,CO2,0.0
1366,2060,reg1,Biofuels_mix,CO2,0.0
1367,2061,reg1,Biofuels_mix,CO2,0.0
1368,2062,reg1,Biofuels_mix,CO2,0.0
1369,2063,reg1,Biofuels_mix,CO2,0.0
1370,2064,reg1,Biofuels_mix,CO2,0.0
1371,2065,reg1,Biofuels_mix,CO2,0.0
1372,2066,reg1,Biofuels_mix,CO2,0.0
1373,2067,reg1,Biofuels_mix,CO2,0.0
1374,2068,reg1,Biofuels_mix,CO2,0.0
1375,2069,reg1,Biofuels_mix,CO2,0.0
1376,2070,reg1,Biofuels_mix,CO2,0.0
1377,2020,reg1,NG_CHP_P,CO2,33704639.17610534
1378,2021,reg1,NG_CHP_P,CO2,31629239.77043784
1379,2022,reg1,NG_CHP_P,CO2,29553840.364770282
1380,2023,reg1,NG_CHP_P,CO2,27478440.959102746
1381,2024,reg1,NG_CHP_P,CO2,24037704.65719063
1382,2025,reg1,NG_CHP_P,CO2,18990276.593223378
1383,2026,reg1,NG_CHP_P,CO2,15369356.14283293
1384,2027,reg1,NG_CHP_P,CO2,11453934.761897286
1385,2028,reg1,NG_CHP_P,CO2,7320493.047317973
1386,2029,reg1,NG_CHP_P,CO2,6703028.045999999
1387,2030,reg1,NG_CHP_P,CO2,6093661.8600000115
1388,2031,reg1,NG_CHP_P,CO2,5484295.674000005
1389,2032,reg1,NG_CHP_P,CO2,4874929.488000001
1390,2033,reg1,NG_CHP_P,CO2,4265563.302000021
1391,2034,reg1,NG_CHP_P,CO2,3656197.1159999985
1392,2035,reg1,NG_CHP_P,CO2,3046830.9300000006
1393,2036,reg1,NG_CHP_P,CO2,2437464.7440000013
1394,2037,reg1,NG_CHP_P,CO2,1828098.558
1395,2038,reg1,NG_CHP_P,CO2,1218732.3720000004
1396,2039,reg1,NG_CHP_P,CO2,609366.1860000003
1397,2040,reg1,NG_CHP_P,CO2,0.0
1398,2041,reg1,NG_CHP_P,CO2,0.0
1399,2042,reg1,NG_CHP_P,CO2,0.0
1400,2043,reg1,NG_CHP_P,CO2,0.0
1401,2044,reg1,NG_CHP_P,CO2,0.0
1402,2045,reg1,NG_CHP_P,CO2,0.0
1403,2046,reg1,NG_CHP_P,CO2,0.0
1404,2047,reg1,NG_CHP_P,CO2,0.0
1405,2048,reg1,NG_CHP_P,CO2,0.0
1406,2049,reg1,NG_CHP_P,CO2,0.0
1407,2050,reg1,NG_CHP_P,CO2,0.0
1408,2051,reg1,NG_CHP_P,CO2,0.0
1409,2052,reg1,NG_CHP_P,CO2,0.0
1410,2053,reg1,NG_CHP_P,CO2,0.0
1411,2054,reg1,NG_CHP_P,CO2,0.0
1412,2055,reg1,NG_CHP_P,CO2,0.0
1413,2056,reg1,NG_CHP_P,CO2,0.0
1414,2057,reg1,NG_CHP_P,CO2,0.0
1415,2058,reg1,NG_CHP_P,CO2,0.0
1416,2059,reg1,NG_CHP_P,CO2,0.0
1417,2060,reg1,NG_CHP_P,CO2,0.0
1418,2061,reg1,NG_CHP_P,CO2,0.0
1419,2062,reg1,NG_CHP_P,CO2,0.0
1420,2063,reg1,NG_CHP_P,CO2,0.0
1421,2064,reg1,NG_CHP_P,CO2,0.0
1422,2065,reg1,NG_CHP_P,CO2,0.0
1423,2066,reg1,NG_CHP_P,CO2,0.0
1424,2067,reg1,NG_CHP_P,CO2,0.0
1425,2068,reg1,NG_CHP_P,CO2,0.0
1426,2069,reg1,NG_CHP_P,CO2,0.0
1427,2070,reg1,NG_CHP_P,CO2,118003.715388737
1428,2020,reg1,BW_CHP_P,CO2,0.0
1429,2021,reg1,BW_CHP_P,CO2,0.0
1430,2022,reg1,BW_CHP_P,CO2,0.0
1431,2023,reg1,BW_CHP_P,CO2,0.0
1432,2024,reg1,BW_CHP_P,CO2,0.0
1433,2025,reg1,BW_CHP_P,CO2,0.0
1434,2026,reg1,BW_CHP_P,CO2,0.0
1435,2027,reg1,BW_CHP_P,CO2,0.0
1436,2028,reg1,BW_CHP_P,CO2,0.0
1437,2029,reg1,BW_CHP_P,CO2,0.0
1438,2030,reg1,BW_CHP_P,CO2,0.0
1439,2031,reg1,BW_CHP_P,CO2,0.0
1440,2032,reg1,BW_CHP_P,CO2,0.0
1441,2033,reg1,BW_CHP_P,CO2,0.0
1442,2034,reg1,BW_CHP_P,CO2,0.0
1443,2035,reg1,BW_CHP_P,CO2,0.0
1444,2036,reg1,BW_CHP_P,CO2,0.0
1445,2037,reg1,BW_CHP_P,CO2,0.0
1446,2038,reg1,BW_CHP_P,CO2,0.0
1447,2039,reg1,BW_CHP_P,CO2,0.0
1448,2040,reg1,BW_CHP_P,CO2,0.0
1449,2041,reg1,BW_CHP_P,CO2,0.0
1450,2042,reg1,BW_CHP_P,CO2,0.0
1451,2043,reg1,BW_CHP_P,CO2,0.0
1452,2044,reg1,BW_CHP_P,CO2,0.0
1453,2045,reg1,BW_CHP_P,CO2,0.0
1454,2046,reg1,BW_CHP_P,CO2,0.0
1455,2047,reg1,BW_CHP_P,CO2,0.0
1456,2048,reg1,BW_CHP_P,CO2,0.0
1457,2049,reg1,BW_CHP_P,CO2,0.0
1458,2050,reg1,BW_CHP_P,CO2,0.0
1459,2051,reg1,BW_CHP_P,CO2,0.0
1460,2052,reg1,BW_CHP_P,CO2,0.0
1461,2053,reg1,BW_CHP_P,CO2,0.0
1462,2054,reg1,BW_CHP_P,CO2,0.0
1463,2055,reg1,BW_CHP_P,CO2,0.0
1464,2056,reg1,BW_CHP_P,CO2,0.0
1465,2057,reg1,BW_CHP_P,CO2,0.0
1466,2058,reg1,BW_CHP_P,CO2,0.0
1467,2059,reg1,BW_CHP_P,CO2,0.0
1468,2060,reg1,BW_CHP_P,CO2,0.0
1469,2061,reg1,BW_CHP_P,CO2,0.0
1470,2062,reg1,BW_CHP_P,CO2,0.0
1471,2063,reg1,BW_CHP_P,CO2,0.0
1472,2064,reg1,BW_CHP_P,CO2,0.0
1473,2065,reg1,BW_CHP_P,CO2,0.0
1474,2066,reg1,BW_CHP_P,CO2,0.0
1475,2067,reg1,BW_CHP_P,CO2,0.0
1476,2068,reg1,BW_CHP_P,CO2,0.0
1477,2069,reg1,BW_CHP_P,CO2,0.0
1478,2070,reg1,BW_CHP_P,CO2,0.0
1479,2020,reg1,Export_mix,CO2,0.0
1480,2021,reg1,Export_mix,CO2,0.0
1481,2022,reg1,Export_mix,CO2,0.0
1482,2023,reg1,Export_mix,CO2,0.0
1483,2024,reg1,Export_mix,CO2,0.0
1484,2025,reg1,Export_mix,CO2,0.0
1485,2026,reg1,Export_mix,CO2,0.0
1486,2027,reg1,Export_mix,CO2,0.0
1487,2028,reg1,Export_mix,CO2,0.0
1488,2029,reg1,Export_mix,CO2,0.0
1489,2030,reg1,Export_mix,CO2,0.0
1490,2031,reg1,Export_mix,CO2,0.0
1491,2032,reg1,Export_mix,CO2,0.0
1492,2033,reg1,Export_mix,CO2,0.0
1493,2034,reg1,Export_mix,CO2,0.0
1494,2035,reg1,Export_mix,CO2,0.0
1495,2036,reg1,Export_mix,CO2,0.0
1496,2037,reg1,Export_mix,CO2,0.0
1497,2038,reg1,Export_mix,CO2,0.0
1498,2039,reg1,Export_mix,CO2,0.0
1499,2040,reg1,Export_mix,CO2,0.0
1500,2041,reg1,Export_mix,CO2,0.0
1501,2042,reg1,Export_mix,CO2,0.0
1502,2043,reg1,Export_mix,CO2,0.0
1503,2044,reg1,Export_mix,CO2,0.0
1504,2045,reg1,Export_mix,CO2,0.0
1505,2046,reg1,Export_mix,CO2,0.0
1506,2047,reg1,Export_mix,CO2,0.0
1507,2048,reg1,Export_mix,CO2,0.0
1508,2049,reg1,Export_mix,CO2,0.0
1509,2050,reg1,Export_mix,CO2,0.0
1510,2051,reg1,Export_mix,CO2,0.0
1511,2052,reg1,Export_mix,CO2,0.0
1512,2053,reg1,Export_mix,CO2,0.0
1513,2054,reg1,Export_mix,CO2,0.0
1514,2055,reg1,Export_mix,CO2,0.0
1515,2056,reg1,Export_mix,CO2,0.0
1516,2057,reg1,Export_mix,CO2,0.0
1517,2058,reg1,Export_mix,CO2,0.0
1518,2059,reg1,Export_mix,CO2,0.0
1519,2060,reg1,Export_mix,CO2,0.0
1520,2061,reg1,Export_mix,CO2,0.0
1521,2062,reg1,Export_mix,CO2,0.0
1522,2063,reg1,Export_mix,CO2,0.0
1523,2064,reg1,Export_mix,CO2,0.0
1524,2065,reg1,Export_mix,CO2,0.0
1525,2066,reg1,Export_mix,CO2,0.0
1526,2067,reg1,Export_mix,CO2,0.0
1527,2068,reg1,Export_mix,CO2,0.0
1528,2069,reg1,Export_mix,CO2,0.0
1529,2070,reg1,Export_mix,CO2,0.0
1530,2020,reg1,Primary_mix,CO2,18657237.114825454
1531,2021,reg1,Primary_mix,CO2,19364427.88030006
1532,2022,reg1,Primary_mix,CO2,20071618.64577467
1533,2023,reg1,Primary_mix,CO2,20778809.41124928
1534,2024,reg1,Primary_mix,CO2,21486000.176723875
1535,2025,reg1,Primary_mix,CO2,22193190.942198496
1536,2026,reg1,Primary_mix,CO2,21981459.807849687
1537,2027,reg1,Primary_mix,CO2,21769728.673500877
1538,2028,reg1,Primary_mix,CO2,21557997.53915207
1539,2029,reg1,Primary_mix,CO2,21346266.404803265
1540,2030,reg1,Primary_mix,CO2,21134535.270454448
1541,2031,reg1,Primary_mix,CO2,20755286.636023466
1542,2032,reg1,Primary_mix,CO2,20376038.00159248
1543,2033,reg1,Primary_mix,CO2,19996789.367161497
1544,2034,reg1,Primary_mix,CO2,19617540.732730515
1545,2035,reg1,Primary_mix,CO2,19238292.098299522
1546,2036,reg1,Primary_mix,CO2,19114102.39504318
1547,2037,reg1,Primary_mix,CO2,18989912.69178683
1548,2038,reg1,Primary_mix,CO2,18865722.988530487
1549,2039,reg1,Primary_mix,CO2,18741533.285274137
1550,2040,reg1,Primary_mix,CO2,18617343.58201779
1551,2041,reg1,Primary_mix,CO2,18543314.485501014
1552,2042,reg1,Primary_mix,CO2,18469285.38898424
1553,2043,reg1,Primary_mix,CO2,18395256.292467475
1554,2044,reg1,Primary_mix,CO2,18321227.195950698
1555,2045,reg1,Primary_mix,CO2,18247198.099433918
1556,2046,reg1,Primary_mix,CO2,18140151.771348815
1557,2047,reg1,Primary_mix,CO2,18033105.443263706
1558,2048,reg1,Primary_mix,CO2,17926059.1151786
1559,2049,reg1,Primary_mix,CO2,17819012.787093498
1560,2050,reg1,Primary_mix,CO2,17711966.45900839
1561,2051,reg1,Primary_mix,CO2,17711966.45900839
1562,2052,reg1,Primary_mix,CO2,17711966.45900839
1563,2053,reg1,Primary_mix,CO2,17711966.45900839
1564,2054,reg1,Primary_mix,CO2,17711966.45900839
1565,2055,reg1,Primary_mix,CO2,17711966.45900839
1566,2056,reg1,Primary_mix,CO2,17711966.45900839
1567,2057,reg1,Primary_mix,CO2,17711966.45900839
1568,2058,reg1,Primary_mix,CO2,17711966.45900839
1569,2059,reg1,Primary_mix,CO2,17711966.45900839
1570,2060,reg1,Primary_mix,CO2,17711966.45900839
1571,2061,reg1,Primary_mix,CO2,17711966.45900839
1572,2062,reg1,Primary_mix,CO2,17711966.45900839
1573,2063,reg1,Primary_mix,CO2,17711966.45900839
1574,2064,reg1,Primary_mix,CO2,17711966.45900839
1575,2065,reg1,Primary_mix,CO2,17711966.45900839
1576,2066,reg1,Primary_mix,CO2,17711966.45900839
1577,2067,reg1,Primary_mix,CO2,17711966.45900839
1578,2068,reg1,Primary_mix,CO2,17711966.45900839
1579,2069,reg1,Primary_mix,CO2,17711966.45900839
1580,2070,reg1,Primary_mix,CO2,17711966.45900839
1581,2020,reg1,Transport_mix,CO2,225263819.44832784
1582,2021,reg1,Transport_mix,CO2,231844757.0790731
1583,2022,reg1,Transport_mix,CO2,238343753.35034183
1584,2023,reg1,Transport_mix,CO2,244760808.26213387
1585,2024,reg1,Transport_mix,CO2,251095921.81444946
1586,2025,reg1,Transport_mix,CO2,257349094.00728828
1587,2026,reg1,Transport_mix,CO2,246431008.74330768
1588,2027,reg1,Transport_mix,CO2,235281744.48328096
1589,2028,reg1,Transport_mix,CO2,223905165.49537084
1590,2029,reg1,Transport_mix,CO2,212305397.66647804
1591,2030,reg1,Transport_mix,CO2,200486851.0235696
1592,2031,reg1,Transport_mix,CO2,196581261.60894868
1593,2032,reg1,Transport_mix,CO2,192711484.67300588
1594,2033,reg1,Transport_mix,CO2,188877520.2157413
1595,2034,reg1,Transport_mix,CO2,185079368.2371548
1596,2035,reg1,Transport_mix,CO2,181178309.21031454
1597,2036,reg1,Transport_mix,CO2,166801887.01648566
1598,2037,reg1,Transport_mix,CO2,152286745.29572478
1599,2038,reg1,Transport_mix,CO2,137771603.5749638
1600,2039,reg1,Transport_mix,CO2,123256461.85420285
1601,2040,reg1,Transport_mix,CO2,108741320.13344187
1602,2041,reg1,Transport_mix,CO2,94342024.95592804
1603,2042,reg1,Transport_mix,CO2,79942729.77841422
1604,2043,reg1,Transport_mix,CO2,65543434.60090035
1605,2044,reg1,Transport_mix,CO2,51144139.42338653
1606,2045,reg1,Transport_mix,CO2,36744844.24587273
1607,2046,reg1,Transport_mix,CO2,36464996.186500005
1608,2047,reg1,Transport_mix,CO2,36185148.12712729
1609,2048,reg1,Transport_mix,CO2,35905300.06775456
1610,2049,reg1,Transport_mix,CO2,35625452.00838184
1611,2050,reg1,Transport_mix,CO2,35345603.94900914
1612,2051,reg1,Transport_mix,CO2,35345603.94900914
1613,2052,reg1,Transport_mix,CO2,35345603.94900914
1614,2053,reg1,Transport_mix,CO2,35345603.94900914
1615,2054,reg1,Transport_mix,CO2,35345603.94900914
1616,2055,reg1,Transport_mix,CO2,35345603.94900914
1617,2056,reg1,Transport_mix,CO2,35345603.94900914
1618,2057,reg1,Transport_mix,CO2,35345603.94900914
1619,2058,reg1,Transport_mix,CO2,35345603.94900914
1620,2059,reg1,Transport_mix,CO2,35345603.94900914
1621,2060,reg1,Transport_mix,CO2,35345603.94900914
1622,2061,reg1,Transport_mix,CO2,35345603.94900914
1623,2062,reg1,Transport_mix,CO2,35345603.94900914
1624,2063,reg1,Transport_mix,CO2,35345603.94900914
1625,2064,reg1,Transport_mix,CO2,35345603.94900914
1626,2065,reg1,Transport_mix,CO2,35345603.94900914
1627,2066,reg1,Transport_mix,CO2,35345603.94900914
1628,2067,reg1,Transport_mix,CO2,35345603.94900914
1629,2068,reg1,Transport_mix,CO2,35345603.94900914
1630,2069,reg1,Transport_mix,CO2,35345603.94900914
1631,2070,reg1,Transport_mix,CO2,35345603.94900914
1632,2020,reg1,Industrial_mix,CO2,76683618.75382654
1633,2021,reg1,Industrial_mix,CO2,80178719.83883563
1634,2022,reg1,Industrial_mix,CO2,83673820.92384465
1635,2023,reg1,Industrial_mix,CO2,87168922.00885369
1636,2024,reg1,Industrial_mix,CO2,90664023.09386276
1637,2025,reg1,Industrial_mix,CO2,94159124.17887178
1638,2026,reg1,Industrial_mix,CO2,93262640.60659409
1639,2027,reg1,Industrial_mix,CO2,92365653.65372099
1640,2028,reg1,Industrial_mix,CO2,91468149.88728464
1641,2029,reg1,Industrial_mix,CO2,90570115.39207333
1642,2030,reg1,Industrial_mix,CO2,89671535.74879487
1643,2031,reg1,Industrial_mix,CO2,88590300.60063292
1644,2032,reg1,Industrial_mix,CO2,87509065.45247097
1645,2033,reg1,Industrial_mix,CO2,86427830.30430901
1646,2034,reg1,Industrial_mix,CO2,85346595.15614703
1647,2035,reg1,Industrial_mix,CO2,84265360.00798504
1648,2036,reg1,Industrial_mix,CO2,83488554.99311228
1649,2037,reg1,Industrial_mix,CO2,82711749.97823952
1650,2038,reg1,Industrial_mix,CO2,81934944.96336678
1651,2039,reg1,Industrial_mix,CO2,81158139.948494
1652,2040,reg1,Industrial_mix,CO2,80381334.93362124
1653,2041,reg1,Industrial_mix,CO2,79836183.37726967
1654,2042,reg1,Industrial_mix,CO2,79291031.82091811
1655,2043,reg1,Industrial_mix,CO2,78745880.26456656
1656,2044,reg1,Industrial_mix,CO2,78200728.708215
1657,2045,reg1,Industrial_mix,CO2,77655577.15186346
1658,2046,reg1,Industrial_mix,CO2,78352669.1911903
1659,2047,reg1,Industrial_mix,CO2,79049761.23051721
1660,2048,reg1,Industrial_mix,CO2,79746853.26984408
1661,2049,reg1,Industrial_mix,CO2,80443945.30917099
1662,2050,reg1,Industrial_mix,CO2,81141037.34849788
1663,2051,reg1,Industrial_mix,CO2,81141037.34849788
1664,2052,reg1,Industrial_mix,CO2,81141037.34849788
1665,2053,reg1,Industrial_mix,CO2,81141037.34849788
1666,2054,reg1,Industrial_mix,CO2,81141037.34849788
1667,2055,reg1,Industrial_mix,CO2,81141037.34849788
1668,2056,reg1,Industrial_mix,CO2,81141037.34849788
1669,2057,reg1,Industrial_mix,CO2,81141037.34849788
1670,2058,reg1,Industrial_mix,CO2,81141037.34849788
1671,2059,reg1,Industrial_mix,CO2,81141037.34849788
1672,2060,reg1,Industrial_mix,CO2,81141037.34849788
1673,2061,reg1,Industrial_mix,CO2,81141037.34849788
1674,2062,reg1,Industrial_mix,CO2,81141037.34849788
1675,2063,reg1,Industrial_mix,CO2,81141037.34849788
1676,2064,reg1,Industrial_mix,CO2,81141037.34849788
1677,2065,reg1,Industrial_mix,CO2,81141037.34849788
1678,2066,reg1,Industrial_mix,CO2,81141037.34849788
1679,2067,reg1,Industrial_mix,CO2,81141037.34849788
1680,2068,reg1,Industrial_mix,CO2,81141037.34849788
1681,2069,reg1,Industrial_mix,CO2,81141037.34849788
1682,2070,reg1,Industrial_mix,CO2,81141037.34849788
1683,2020,reg1,Residential_mix,CO2,184510830.24610725
1684,2021,reg1,Residential_mix,CO2,182051621.54800406
1685,2022,reg1,Residential_mix,CO2,179592412.84990093
1686,2023,reg1,Residential_mix,CO2,177133204.1517978
1687,2024,reg1,Residential_mix,CO2,174673995.45369467
1688,2025,reg1,Residential_mix,CO2,172214786.75559163
1689,2026,reg1,Residential_mix,CO2,170221126.4155728
1690,2027,reg1,Residential_mix,CO2,168234018.86889258
1691,2028,reg1,Residential_mix,CO2,166253955.23712367
1692,2029,reg1,Residential_mix,CO2,164281476.97775918
1693,2030,reg1,Residential_mix,CO2,162317182.5025664
1694,2031,reg1,Residential_mix,CO2,161189632.539049
1695,2032,reg1,Residential_mix,CO2,160062082.57553148
1696,2033,reg1,Residential_mix,CO2,158934532.61201403
1697,2034,reg1,Residential_mix,CO2,157806982.64849657
1698,2035,reg1,Residential_mix,CO2,156679432.68497905
1699,2036,reg1,Residential_mix,CO2,155438588.12089592
1700,2037,reg1,Residential_mix,CO2,154197743.55681273
1701,2038,reg1,Residential_mix,CO2,152956898.9927295
1702,2039,reg1,Residential_mix,CO2,151716054.42864636
1703,2040,reg1,Residential_mix,CO2,150475209.86456314
1704,2041,reg1,Residential_mix,CO2,149172493.89665097
1705,2042,reg1,Residential_mix,CO2,147869777.92873883
1706,2043,reg1,Residential_mix,CO2,146567061.96082667
1707,2044,reg1,Residential_mix,CO2,145264345.9929145
1708,2045,reg1,Residential_mix,CO2,143961630.0250023
1709,2046,reg1,Residential_mix,CO2,142639116.6513781
1710,2047,reg1,Residential_mix,CO2,141316603.27775386
1711,2048,reg1,Residential_mix,CO2,139994089.90412962
1712,2049,reg1,Residential_mix,CO2,138671576.53050548
1713,2050,reg1,Residential_mix,CO2,137349063.1568813
1714,2051,reg1,Residential_mix,CO2,137349063.1568813
1715,2052,reg1,Residential_mix,CO2,137349063.1568813
1716,2053,reg1,Residential_mix,CO2,137349063.1568813
1717,2054,reg1,Residential_mix,CO2,137349063.1568813
1718,2055,reg1,Residential_mix,CO2,137349063.1568813
1719,2056,reg1,Residential_mix,CO2,137349063.1568813
1720,2057,reg1,Residential_mix,CO2,137349063.1568813
1721,2058,reg1,Residential_mix,CO2,137349063.1568813
1722,2059,reg1,Residential_mix,CO2,137349063.1568813
1723,2060,reg1,Residential_mix,CO2,137349063.1568813
1724,2061,reg1,Residential_mix,CO2,137349063.1568813
1725,2062,reg1,Residential_mix,CO2,137349063.1568813
1726,2063,reg1,Residential_mix,CO2,137349063.1568813
1727,2064,reg1,Residential_mix,CO2,137349063.1568813
1728,2065,reg1,Residential_mix,CO2,137349063.1568813
1729,2066,reg1,Residential_mix,CO2,137349063.1568813
1730,2067,reg1,Residential_mix,CO2,137349063.1568813
1731,2068,reg1,Residential_mix,CO2,137349063.1568813
1732,2069,reg1,Residential_mix,CO2,137349063.1568813
1733,2070,reg1,Residential_mix,CO2,137349063.1568813
1734,2020,reg1,Services_mix,CO2,74745438.49977125
1735,2021,reg1,Services_mix,CO2,72402286.49662979
1736,2022,reg1,Services_mix,CO2,70059134.4934883
1737,2023,reg1,Services_mix,CO2,67715982.4903468
1738,2024,reg1,Services_mix,CO2,65372830.48720531
1739,2025,reg1,Services_mix,CO2,63029678.484063834
1740,2026,reg1,Services_mix,CO2,62594170.942454636
1741,2027,reg1,Services_mix,CO2,62162035.59306731
1742,2028,reg1,Services_mix,CO2,61733478.824577756
1743,2029,reg1,Services_mix,CO2,61308724.218589194
1744,2030,reg1,Services_mix,CO2,60888014.37800144
1745,2031,reg1,Services_mix,CO2,59795409.50116968
1746,2032,reg1,Services_mix,CO2,58702804.62433792
1747,2033,reg1,Services_mix,CO2,57610199.74750619
1748,2034,reg1,Services_mix,CO2,56517594.870674424
1749,2035,reg1,Services_mix,CO2,55424989.993842684
1750,2036,reg1,Services_mix,CO2,55067202.87713028
1751,2037,reg1,Services_mix,CO2,54709415.760417886
1752,2038,reg1,Services_mix,CO2,54351628.6437055
1753,2039,reg1,Services_mix,CO2,53993841.52699312
1754,2040,reg1,Services_mix,CO2,53636054.41028073
1755,2041,reg1,Services_mix,CO2,53422778.62089515
1756,2042,reg1,Services_mix,CO2,53209502.83150957
1757,2043,reg1,Services_mix,CO2,52996227.04212398
1758,2044,reg1,Services_mix,CO2,52782951.25273839
1759,2045,reg1,Services_mix,CO2,52569675.46335277
1760,2046,reg1,Services_mix,CO2,52261277.93863076
1761,2047,reg1,Services_mix,CO2,51952880.413908735
1762,2048,reg1,Services_mix,CO2,51644482.88918674
1763,2049,reg1,Services_mix,CO2,51336085.36446472
1764,2050,reg1,Services_mix,CO2,51027687.83974271
1765,2051,reg1,Services_mix,CO2,51027687.83974271
1766,2052,reg1,Services_mix,CO2,51027687.83974271
1767,2053,reg1,Services_mix,CO2,51027687.83974271
1768,2054,reg1,Services_mix,CO2,51027687.83974271
1769,2055,reg1,Services_mix,CO2,51027687.83974271
1770,2056,reg1,Services_mix,CO2,51027687.83974271
1771,2057,reg1,Services_mix,CO2,51027687.83974271
1772,2058,reg1,Services_mix,CO2,51027687.83974271
1773,2059,reg1,Services_mix,CO2,51027687.83974271
1774,2060,reg1,Services_mix,CO2,51027687.83974271
1775,2061,reg1,Services_mix,CO2,51027687.83974271
1776,2062,reg1,Services_mix,CO2,51027687.83974271
1777,2063,reg1,Services_mix,CO2,51027687.83974271
1778,2064,reg1,Services_mix,CO2,51027687.83974271
1779,2065,reg1,Services_mix,CO2,51027687.83974271
1780,2066,reg1,Services_mix,CO2,51027687.83974271
1781,2067,reg1,Services_mix,CO2,51027687.83974271
1782,2068,reg1,Services_mix,CO2,51027687.83974271
1783,2069,reg1,Services_mix,CO2,51027687.83974271
1784,2070,reg1,Services_mix,CO2,51027687.83974271
