,Datetime,Region,Technology,Tech category,Value
0,2020,reg1,Oil_supply,Supply,10000000000.0
1,2021,reg1,Oil_supply,Supply,10000000000.0
2,2022,reg1,Oil_supply,Supply,10000000000.0
3,2023,reg1,Oil_supply,Supply,10000000000.0
4,2024,reg1,Oil_supply,Supply,10000000000.0
5,2025,reg1,Oil_supply,Supply,10000000000.0
6,2026,reg1,Oil_supply,Supply,10000000000.0
7,2027,reg1,Oil_supply,Supply,10000000000.0
8,2028,reg1,Oil_supply,Supply,10000000000.0
9,2029,reg1,Oil_supply,Supply,10000000000.0
10,2030,reg1,Oil_supply,Supply,10000000000.0
11,2031,reg1,Oil_supply,Supply,10000000000.0
12,2032,reg1,Oil_supply,Supply,10000000000.0
13,2033,reg1,Oil_supply,Supply,10000000000.0
14,2034,reg1,Oil_supply,Supply,10000000000.0
15,2035,reg1,Oil_supply,Supply,10000000000.0
16,2036,reg1,Oil_supply,Supply,10000000000.0
17,2037,reg1,Oil_supply,Supply,10000000000.0
18,2038,reg1,Oil_supply,Supply,10000000000.0
19,2039,reg1,Oil_supply,Supply,10000000000.0
20,2040,reg1,Oil_supply,Supply,10000000000.0
21,2041,reg1,Oil_supply,Supply,10000000000.0
22,2042,reg1,Oil_supply,Supply,10000000000.0
23,2043,reg1,Oil_supply,Supply,10000000000.0
24,2044,reg1,Oil_supply,Supply,10000000000.0
25,2045,reg1,Oil_supply,Supply,10000000000.0
26,2046,reg1,Oil_supply,Supply,10000000000.0
27,2047,reg1,Oil_supply,Supply,10000000000.0
28,2048,reg1,Oil_supply,Supply,10000000000.0
29,2049,reg1,Oil_supply,Supply,10000000000.0
30,2050,reg1,Oil_supply,Supply,10000000000.0
31,2051,reg1,Oil_supply,Supply,10000000000.0
32,2052,reg1,Oil_supply,Supply,10000000000.0
33,2053,reg1,Oil_supply,Supply,10000000000.0
34,2054,reg1,Oil_supply,Supply,10000000000.0
35,2055,reg1,Oil_supply,Supply,10000000000.0
36,2056,reg1,Oil_supply,Supply,10000000000.0
37,2057,reg1,Oil_supply,Supply,10000000000.0
38,2058,reg1,Oil_supply,Supply,10000000000.0
39,2059,reg1,Oil_supply,Supply,10000000000.0
40,2060,reg1,Oil_supply,Supply,10000000000.0
41,2061,reg1,Oil_supply,Supply,10000000000.0
42,2062,reg1,Oil_supply,Supply,10000000000.0
43,2063,reg1,Oil_supply,Supply,10000000000.0
44,2064,reg1,Oil_supply,Supply,10000000000.0
45,2065,reg1,Oil_supply,Supply,10000000000.0
46,2066,reg1,Oil_supply,Supply,10000000000.0
47,2067,reg1,Oil_supply,Supply,10000000000.0
48,2068,reg1,Oil_supply,Supply,10000000000.0
49,2069,reg1,Oil_supply,Supply,10000000000.0
50,2070,reg1,Oil_supply,Supply,10000000000.0
51,2020,reg1,NG_supply,Supply,10000000000.0
52,2021,reg1,NG_supply,Supply,10000000000.0
53,2022,reg1,NG_supply,Supply,10000000000.0
54,2023,reg1,NG_supply,Supply,10000000000.0
55,2024,reg1,NG_supply,Supply,10000000000.0
56,2025,reg1,NG_supply,Supply,10000000000.0
57,2026,reg1,NG_supply,Supply,10000000000.0
58,2027,reg1,NG_supply,Supply,10000000000.0
59,2028,reg1,NG_supply,Supply,10000000000.0
60,2029,reg1,NG_supply,Supply,10000000000.0
61,2030,reg1,NG_supply,Supply,10000000000.0
62,2031,reg1,NG_supply,Supply,10000000000.0
63,2032,reg1,NG_supply,Supply,10000000000.0
64,2033,reg1,NG_supply,Supply,10000000000.0
65,2034,reg1,NG_supply,Supply,10000000000.0
66,2035,reg1,NG_supply,Supply,10000000000.0
67,2036,reg1,NG_supply,Supply,10000000000.0
68,2037,reg1,NG_supply,Supply,10000000000.0
69,2038,reg1,NG_supply,Supply,10000000000.0
70,2039,reg1,NG_supply,Supply,10000000000.0
71,2040,reg1,NG_supply,Supply,10000000000.0
72,2041,reg1,NG_supply,Supply,10000000000.0
73,2042,reg1,NG_supply,Supply,10000000000.0
74,2043,reg1,NG_supply,Supply,10000000000.0
75,2044,reg1,NG_supply,Supply,10000000000.0
76,2045,reg1,NG_supply,Supply,10000000000.0
77,2046,reg1,NG_supply,Supply,10000000000.0
78,2047,reg1,NG_supply,Supply,10000000000.0
79,2048,reg1,NG_supply,Supply,10000000000.0
80,2049,reg1,NG_supply,Supply,10000000000.0
81,2050,reg1,NG_supply,Supply,10000000000.0
82,2051,reg1,NG_supply,Supply,10000000000.0
83,2052,reg1,NG_supply,Supply,10000000000.0
84,2053,reg1,NG_supply,Supply,10000000000.0
85,2054,reg1,NG_supply,Supply,10000000000.0
86,2055,reg1,NG_supply,Supply,10000000000.0
87,2056,reg1,NG_supply,Supply,10000000000.0
88,2057,reg1,NG_supply,Supply,10000000000.0
89,2058,reg1,NG_supply,Supply,10000000000.0
90,2059,reg1,NG_supply,Supply,10000000000.0
91,2060,reg1,NG_supply,Supply,10000000000.0
92,2061,reg1,NG_supply,Supply,10000000000.0
93,2062,reg1,NG_supply,Supply,10000000000.0
94,2063,reg1,NG_supply,Supply,10000000000.0
95,2064,reg1,NG_supply,Supply,10000000000.0
96,2065,reg1,NG_supply,Supply,10000000000.0
97,2066,reg1,NG_supply,Supply,10000000000.0
98,2067,reg1,NG_supply,Supply,10000000000.0
99,2068,reg1,NG_supply,Supply,10000000000.0
100,2069,reg1,NG_supply,Supply,10000000000.0
101,2070,reg1,NG_supply,Supply,10000000000.0
102,2020,reg1,SFF_supply,Supply,10000000000.0
103,2021,reg1,SFF_supply,Supply,10000000000.0
104,2022,reg1,SFF_supply,Supply,10000000000.0
105,2023,reg1,SFF_supply,Supply,10000000000.0
106,2024,reg1,SFF_supply,Supply,10000000000.0
107,2025,reg1,SFF_supply,Supply,10000000000.0
108,2026,reg1,SFF_supply,Supply,10000000000.0
109,2027,reg1,SFF_supply,Supply,10000000000.0
110,2028,reg1,SFF_supply,Supply,10000000000.0
111,2029,reg1,SFF_supply,Supply,10000000000.0
112,2030,reg1,SFF_supply,Supply,10000000000.0
113,2031,reg1,SFF_supply,Supply,10000000000.0
114,2032,reg1,SFF_supply,Supply,10000000000.0
115,2033,reg1,SFF_supply,Supply,10000000000.0
116,2034,reg1,SFF_supply,Supply,10000000000.0
117,2035,reg1,SFF_supply,Supply,10000000000.0
118,2036,reg1,SFF_supply,Supply,10000000000.0
119,2037,reg1,SFF_supply,Supply,10000000000.0
120,2038,reg1,SFF_supply,Supply,10000000000.0
121,2039,reg1,SFF_supply,Supply,10000000000.0
122,2040,reg1,SFF_supply,Supply,10000000000.0
123,2041,reg1,SFF_supply,Supply,10000000000.0
124,2042,reg1,SFF_supply,Supply,10000000000.0
125,2043,reg1,SFF_supply,Supply,10000000000.0
126,2044,reg1,SFF_supply,Supply,10000000000.0
127,2045,reg1,SFF_supply,Supply,10000000000.0
128,2046,reg1,SFF_supply,Supply,10000000000.0
129,2047,reg1,SFF_supply,Supply,10000000000.0
130,2048,reg1,SFF_supply,Supply,10000000000.0
131,2049,reg1,SFF_supply,Supply,10000000000.0
132,2050,reg1,SFF_supply,Supply,10000000000.0
133,2051,reg1,SFF_supply,Supply,10000000000.0
134,2052,reg1,SFF_supply,Supply,10000000000.0
135,2053,reg1,SFF_supply,Supply,10000000000.0
136,2054,reg1,SFF_supply,Supply,10000000000.0
137,2055,reg1,SFF_supply,Supply,10000000000.0
138,2056,reg1,SFF_supply,Supply,10000000000.0
139,2057,reg1,SFF_supply,Supply,10000000000.0
140,2058,reg1,SFF_supply,Supply,10000000000.0
141,2059,reg1,SFF_supply,Supply,10000000000.0
142,2060,reg1,SFF_supply,Supply,10000000000.0
143,2061,reg1,SFF_supply,Supply,10000000000.0
144,2062,reg1,SFF_supply,Supply,10000000000.0
145,2063,reg1,SFF_supply,Supply,10000000000.0
146,2064,reg1,SFF_supply,Supply,10000000000.0
147,2065,reg1,SFF_supply,Supply,10000000000.0
148,2066,reg1,SFF_supply,Supply,10000000000.0
149,2067,reg1,SFF_supply,Supply,10000000000.0
150,2068,reg1,SFF_supply,Supply,10000000000.0
151,2069,reg1,SFF_supply,Supply,10000000000.0
152,2070,reg1,SFF_supply,Supply,10000000000.0
153,2020,reg1,OP_supply,Supply,10000000000.0
154,2021,reg1,OP_supply,Supply,10000000000.0
155,2022,reg1,OP_supply,Supply,10000000000.0
156,2023,reg1,OP_supply,Supply,10000000000.0
157,2024,reg1,OP_supply,Supply,10000000000.0
158,2025,reg1,OP_supply,Supply,10000000000.0
159,2026,reg1,OP_supply,Supply,10000000000.0
160,2027,reg1,OP_supply,Supply,10000000000.0
161,2028,reg1,OP_supply,Supply,10000000000.0
162,2029,reg1,OP_supply,Supply,10000000000.0
163,2030,reg1,OP_supply,Supply,10000000000.0
164,2031,reg1,OP_supply,Supply,10000000000.0
165,2032,reg1,OP_supply,Supply,10000000000.0
166,2033,reg1,OP_supply,Supply,10000000000.0
167,2034,reg1,OP_supply,Supply,10000000000.0
168,2035,reg1,OP_supply,Supply,10000000000.0
169,2036,reg1,OP_supply,Supply,10000000000.0
170,2037,reg1,OP_supply,Supply,10000000000.0
171,2038,reg1,OP_supply,Supply,10000000000.0
172,2039,reg1,OP_supply,Supply,10000000000.0
173,2040,reg1,OP_supply,Supply,10000000000.0
174,2041,reg1,OP_supply,Supply,10000000000.0
175,2042,reg1,OP_supply,Supply,10000000000.0
176,2043,reg1,OP_supply,Supply,10000000000.0
177,2044,reg1,OP_supply,Supply,10000000000.0
178,2045,reg1,OP_supply,Supply,10000000000.0
179,2046,reg1,OP_supply,Supply,10000000000.0
180,2047,reg1,OP_supply,Supply,10000000000.0
181,2048,reg1,OP_supply,Supply,10000000000.0
182,2049,reg1,OP_supply,Supply,10000000000.0
183,2050,reg1,OP_supply,Supply,10000000000.0
184,2051,reg1,OP_supply,Supply,10000000000.0
185,2052,reg1,OP_supply,Supply,10000000000.0
186,2053,reg1,OP_supply,Supply,10000000000.0
187,2054,reg1,OP_supply,Supply,10000000000.0
188,2055,reg1,OP_supply,Supply,10000000000.0
189,2056,reg1,OP_supply,Supply,10000000000.0
190,2057,reg1,OP_supply,Supply,10000000000.0
191,2058,reg1,OP_supply,Supply,10000000000.0
192,2059,reg1,OP_supply,Supply,10000000000.0
193,2060,reg1,OP_supply,Supply,10000000000.0
194,2061,reg1,OP_supply,Supply,10000000000.0
195,2062,reg1,OP_supply,Supply,10000000000.0
196,2063,reg1,OP_supply,Supply,10000000000.0
197,2064,reg1,OP_supply,Supply,10000000000.0
198,2065,reg1,OP_supply,Supply,10000000000.0
199,2066,reg1,OP_supply,Supply,10000000000.0
200,2067,reg1,OP_supply,Supply,10000000000.0
201,2068,reg1,OP_supply,Supply,10000000000.0
202,2069,reg1,OP_supply,Supply,10000000000.0
203,2070,reg1,OP_supply,Supply,10000000000.0
204,2020,reg1,BW_supply,Supply,10000000000.0
205,2021,reg1,BW_supply,Supply,10000000000.0
206,2022,reg1,BW_supply,Supply,10000000000.0
207,2023,reg1,BW_supply,Supply,10000000000.0
208,2024,reg1,BW_supply,Supply,10000000000.0
209,2025,reg1,BW_supply,Supply,10000000000.0
210,2026,reg1,BW_supply,Supply,10000000000.0
211,2027,reg1,BW_supply,Supply,10000000000.0
212,2028,reg1,BW_supply,Supply,10000000000.0
213,2029,reg1,BW_supply,Supply,10000000000.0
214,2030,reg1,BW_supply,Supply,10000000000.0
215,2031,reg1,BW_supply,Supply,10000000000.0
216,2032,reg1,BW_supply,Supply,10000000000.0
217,2033,reg1,BW_supply,Supply,10000000000.0
218,2034,reg1,BW_supply,Supply,10000000000.0
219,2035,reg1,BW_supply,Supply,10000000000.0
220,2036,reg1,BW_supply,Supply,10000000000.0
221,2037,reg1,BW_supply,Supply,10000000000.0
222,2038,reg1,BW_supply,Supply,10000000000.0
223,2039,reg1,BW_supply,Supply,10000000000.0
224,2040,reg1,BW_supply,Supply,10000000000.0
225,2041,reg1,BW_supply,Supply,10000000000.0
226,2042,reg1,BW_supply,Supply,10000000000.0
227,2043,reg1,BW_supply,Supply,10000000000.0
228,2044,reg1,BW_supply,Supply,10000000000.0
229,2045,reg1,BW_supply,Supply,10000000000.0
230,2046,reg1,BW_supply,Supply,10000000000.0
231,2047,reg1,BW_supply,Supply,10000000000.0
232,2048,reg1,BW_supply,Supply,10000000000.0
233,2049,reg1,BW_supply,Supply,10000000000.0
234,2050,reg1,BW_supply,Supply,10000000000.0
235,2051,reg1,BW_supply,Supply,10000000000.0
236,2052,reg1,BW_supply,Supply,10000000000.0
237,2053,reg1,BW_supply,Supply,10000000000.0
238,2054,reg1,BW_supply,Supply,10000000000.0
239,2055,reg1,BW_supply,Supply,10000000000.0
240,2056,reg1,BW_supply,Supply,10000000000.0
241,2057,reg1,BW_supply,Supply,10000000000.0
242,2058,reg1,BW_supply,Supply,10000000000.0
243,2059,reg1,BW_supply,Supply,10000000000.0
244,2060,reg1,BW_supply,Supply,10000000000.0
245,2061,reg1,BW_supply,Supply,10000000000.0
246,2062,reg1,BW_supply,Supply,10000000000.0
247,2063,reg1,BW_supply,Supply,10000000000.0
248,2064,reg1,BW_supply,Supply,10000000000.0
249,2065,reg1,BW_supply,Supply,10000000000.0
250,2066,reg1,BW_supply,Supply,10000000000.0
251,2067,reg1,BW_supply,Supply,10000000000.0
252,2068,reg1,BW_supply,Supply,10000000000.0
253,2069,reg1,BW_supply,Supply,10000000000.0
254,2070,reg1,BW_supply,Supply,10000000000.0
255,2020,reg1,Bio_oil_supply,Supply,10000000000.0
256,2021,reg1,Bio_oil_supply,Supply,10000000000.0
257,2022,reg1,Bio_oil_supply,Supply,10000000000.0
258,2023,reg1,Bio_oil_supply,Supply,10000000000.0
259,2024,reg1,Bio_oil_supply,Supply,10000000000.0
260,2025,reg1,Bio_oil_supply,Supply,10000000000.0
261,2026,reg1,Bio_oil_supply,Supply,10000000000.0
262,2027,reg1,Bio_oil_supply,Supply,10000000000.0
263,2028,reg1,Bio_oil_supply,Supply,10000000000.0
264,2029,reg1,Bio_oil_supply,Supply,10000000000.0
265,2030,reg1,Bio_oil_supply,Supply,10000000000.0
266,2031,reg1,Bio_oil_supply,Supply,10000000000.0
267,2032,reg1,Bio_oil_supply,Supply,10000000000.0
268,2033,reg1,Bio_oil_supply,Supply,10000000000.0
269,2034,reg1,Bio_oil_supply,Supply,10000000000.0
270,2035,reg1,Bio_oil_supply,Supply,10000000000.0
271,2036,reg1,Bio_oil_supply,Supply,10000000000.0
272,2037,reg1,Bio_oil_supply,Supply,10000000000.0
273,2038,reg1,Bio_oil_supply,Supply,10000000000.0
274,2039,reg1,Bio_oil_supply,Supply,10000000000.0
275,2040,reg1,Bio_oil_supply,Supply,10000000000.0
276,2041,reg1,Bio_oil_supply,Supply,10000000000.0
277,2042,reg1,Bio_oil_supply,Supply,10000000000.0
278,2043,reg1,Bio_oil_supply,Supply,10000000000.0
279,2044,reg1,Bio_oil_supply,Supply,10000000000.0
280,2045,reg1,Bio_oil_supply,Supply,10000000000.0
281,2046,reg1,Bio_oil_supply,Supply,10000000000.0
282,2047,reg1,Bio_oil_supply,Supply,10000000000.0
283,2048,reg1,Bio_oil_supply,Supply,10000000000.0
284,2049,reg1,Bio_oil_supply,Supply,10000000000.0
285,2050,reg1,Bio_oil_supply,Supply,10000000000.0
286,2051,reg1,Bio_oil_supply,Supply,10000000000.0
287,2052,reg1,Bio_oil_supply,Supply,10000000000.0
288,2053,reg1,Bio_oil_supply,Supply,10000000000.0
289,2054,reg1,Bio_oil_supply,Supply,10000000000.0
290,2055,reg1,Bio_oil_supply,Supply,10000000000.0
291,2056,reg1,Bio_oil_supply,Supply,10000000000.0
292,2057,reg1,Bio_oil_supply,Supply,10000000000.0
293,2058,reg1,Bio_oil_supply,Supply,10000000000.0
294,2059,reg1,Bio_oil_supply,Supply,10000000000.0
295,2060,reg1,Bio_oil_supply,Supply,10000000000.0
296,2061,reg1,Bio_oil_supply,Supply,10000000000.0
297,2062,reg1,Bio_oil_supply,Supply,10000000000.0
298,2063,reg1,Bio_oil_supply,Supply,10000000000.0
299,2064,reg1,Bio_oil_supply,Supply,10000000000.0
300,2065,reg1,Bio_oil_supply,Supply,10000000000.0
301,2066,reg1,Bio_oil_supply,Supply,10000000000.0
302,2067,reg1,Bio_oil_supply,Supply,10000000000.0
303,2068,reg1,Bio_oil_supply,Supply,10000000000.0
304,2069,reg1,Bio_oil_supply,Supply,10000000000.0
305,2070,reg1,Bio_oil_supply,Supply,10000000000.0
306,2020,reg1,Geo_PP,Supply,0.869
307,2021,reg1,Geo_PP,Supply,0.8792
308,2022,reg1,Geo_PP,Supply,0.93575
309,2023,reg1,Geo_PP,Supply,0.8996
310,2024,reg1,Geo_PP,Supply,0.9097999999999999
311,2025,reg1,Geo_PP,Supply,0.92
312,2026,reg1,Geo_PP,Supply,0.926
313,2027,reg1,Geo_PP,Supply,0.932
314,2028,reg1,Geo_PP,Supply,0.9380000000000001
315,2029,reg1,Geo_PP,Supply,0.9440000000000001
316,2030,reg1,Geo_PP,Supply,0.95
317,2031,reg1,Geo_PP,Supply,0.95
318,2032,reg1,Geo_PP,Supply,0.95
319,2033,reg1,Geo_PP,Supply,0.95
320,2034,reg1,Geo_PP,Supply,0.95
321,2035,reg1,Geo_PP,Supply,0.95
322,2036,reg1,Geo_PP,Supply,0.95
323,2037,reg1,Geo_PP,Supply,0.95
324,2038,reg1,Geo_PP,Supply,0.95
325,2039,reg1,Geo_PP,Supply,0.95
326,2040,reg1,Geo_PP,Supply,0.95
327,2041,reg1,Geo_PP,Supply,0.9499999999999997
328,2042,reg1,Geo_PP,Supply,0.9499999999999997
329,2043,reg1,Geo_PP,Supply,0.9499999999999997
330,2044,reg1,Geo_PP,Supply,0.9499999999999997
331,2045,reg1,Geo_PP,Supply,0.9499999999999997
332,2046,reg1,Geo_PP,Supply,0.9499999999999997
333,2047,reg1,Geo_PP,Supply,0.9499999999999997
334,2048,reg1,Geo_PP,Supply,0.9499999999999997
335,2049,reg1,Geo_PP,Supply,0.9499999999999997
336,2050,reg1,Geo_PP,Supply,0.9499999999999997
337,2051,reg1,Geo_PP,Supply,0.95
338,2052,reg1,Geo_PP,Supply,0.95
339,2053,reg1,Geo_PP,Supply,0.95
340,2054,reg1,Geo_PP,Supply,0.95
341,2055,reg1,Geo_PP,Supply,0.95
342,2056,reg1,Geo_PP,Supply,0.95
343,2057,reg1,Geo_PP,Supply,0.95
344,2058,reg1,Geo_PP,Supply,0.95
345,2059,reg1,Geo_PP,Supply,0.95
346,2060,reg1,Geo_PP,Supply,0.95
347,2061,reg1,Geo_PP,Supply,0.95
348,2062,reg1,Geo_PP,Supply,0.95
349,2063,reg1,Geo_PP,Supply,0.95
350,2064,reg1,Geo_PP,Supply,0.95
351,2065,reg1,Geo_PP,Supply,0.95
352,2066,reg1,Geo_PP,Supply,0.95
353,2067,reg1,Geo_PP,Supply,0.95
354,2068,reg1,Geo_PP,Supply,0.95
355,2069,reg1,Geo_PP,Supply,0.95
356,2070,reg1,Geo_PP,Supply,0.95
357,2020,reg1,Solar_PV_PP,Supply,21.65
358,2021,reg1,Solar_PV_PP,Supply,25.784
359,2022,reg1,Solar_PV_PP,Supply,29.918
360,2023,reg1,Solar_PV_PP,Supply,34.052
361,2024,reg1,Solar_PV_PP,Supply,38.186
362,2025,reg1,Solar_PV_PP,Supply,42.32
363,2026,reg1,Solar_PV_PP,Supply,46.454
364,2027,reg1,Solar_PV_PP,Supply,50.588
365,2028,reg1,Solar_PV_PP,Supply,54.722
366,2029,reg1,Solar_PV_PP,Supply,56.3618968832111
367,2030,reg1,Solar_PV_PP,Supply,56.735375339909226
368,2031,reg1,Solar_PV_PP,Supply,59.671120387359494
369,2032,reg1,Solar_PV_PP,Supply,58.805120387359494
370,2033,reg1,Solar_PV_PP,Supply,57.939120387359495
371,2034,reg1,Solar_PV_PP,Supply,57.073120387359495
372,2035,reg1,Solar_PV_PP,Supply,56.207120387359495
373,2036,reg1,Solar_PV_PP,Supply,57.30685071354446
374,2037,reg1,Solar_PV_PP,Supply,59.982046999277685
375,2038,reg1,Solar_PV_PP,Supply,61.63736461391756
376,2039,reg1,Solar_PV_PP,Supply,62.196610756471635
377,2040,reg1,Solar_PV_PP,Supply,66.0036654600963
378,2041,reg1,Solar_PV_PP,Supply,65.84590306249315
379,2042,reg1,Solar_PV_PP,Supply,67.74811650663135
380,2043,reg1,Solar_PV_PP,Supply,69.66673626294917
381,2044,reg1,Solar_PV_PP,Supply,71.55291865698787
382,2045,reg1,Solar_PV_PP,Supply,75.05833545545764
383,2046,reg1,Solar_PV_PP,Supply,75.05833545545764
384,2047,reg1,Solar_PV_PP,Supply,73.72772170111176
385,2048,reg1,Solar_PV_PP,Supply,73.27908628600318
386,2049,reg1,Solar_PV_PP,Supply,73.27908628600318
387,2050,reg1,Solar_PV_PP,Supply,73.27908628600318
388,2051,reg1,Solar_PV_PP,Supply,73.27908628600318
389,2052,reg1,Solar_PV_PP,Supply,73.27908628600318
390,2053,reg1,Solar_PV_PP,Supply,73.27908628600318
391,2054,reg1,Solar_PV_PP,Supply,74.5185647427013
392,2055,reg1,Solar_PV_PP,Supply,73.27908628600318
393,2056,reg1,Solar_PV_PP,Supply,73.27908628600316
394,2057,reg1,Solar_PV_PP,Supply,73.27908628600316
395,2058,reg1,Solar_PV_PP,Supply,73.27908628600316
396,2059,reg1,Solar_PV_PP,Supply,73.27908628600316
397,2060,reg1,Solar_PV_PP,Supply,73.27908628600316
398,2061,reg1,Solar_PV_PP,Supply,73.46863699354282
399,2062,reg1,Solar_PV_PP,Supply,73.27908628600309
400,2063,reg1,Solar_PV_PP,Supply,73.2790862860031
401,2064,reg1,Solar_PV_PP,Supply,73.2790862860031
402,2065,reg1,Solar_PV_PP,Supply,73.60603158237844
403,2066,reg1,Solar_PV_PP,Supply,74.03622017447582
404,2067,reg1,Solar_PV_PP,Supply,76.26800673033762
405,2068,reg1,Solar_PV_PP,Supply,73.4833869740198
406,2069,reg1,Solar_PV_PP,Supply,70.7312045799811
407,2070,reg1,Solar_PV_PP,Supply,66.35978778151134
408,2020,reg1,Wind_PP,Supply,10.8706
409,2021,reg1,Wind_PP,Supply,12.32707
410,2022,reg1,Wind_PP,Supply,13.78354
411,2023,reg1,Wind_PP,Supply,13.918239999999997
412,2024,reg1,Wind_PP,Supply,15.374709999999997
413,2025,reg1,Wind_PP,Supply,16.831179999999996
414,2026,reg1,Wind_PP,Supply,18.28765
415,2027,reg1,Wind_PP,Supply,18.503530000000005
416,2028,reg1,Wind_PP,Supply,17.960000000000004
417,2029,reg1,Wind_PP,Supply,18.630000000000006
418,2030,reg1,Wind_PP,Supply,19.3
419,2031,reg1,Wind_PP,Supply,19.3
420,2032,reg1,Wind_PP,Supply,19.3
421,2033,reg1,Wind_PP,Supply,19.3
422,2034,reg1,Wind_PP,Supply,19.3
423,2035,reg1,Wind_PP,Supply,19.3
424,2036,reg1,Wind_PP,Supply,19.3
425,2037,reg1,Wind_PP,Supply,19.3
426,2038,reg1,Wind_PP,Supply,19.3
427,2039,reg1,Wind_PP,Supply,19.3
428,2040,reg1,Wind_PP,Supply,19.3
429,2041,reg1,Wind_PP,Supply,19.3
430,2042,reg1,Wind_PP,Supply,19.3
431,2043,reg1,Wind_PP,Supply,19.3
432,2044,reg1,Wind_PP,Supply,19.3
433,2045,reg1,Wind_PP,Supply,19.3
434,2046,reg1,Wind_PP,Supply,19.3
435,2047,reg1,Wind_PP,Supply,19.3
436,2048,reg1,Wind_PP,Supply,19.3
437,2049,reg1,Wind_PP,Supply,19.3
438,2050,reg1,Wind_PP,Supply,19.3
439,2051,reg1,Wind_PP,Supply,19.3
440,2052,reg1,Wind_PP,Supply,19.3
441,2053,reg1,Wind_PP,Supply,19.3
442,2054,reg1,Wind_PP,Supply,19.3
443,2055,reg1,Wind_PP,Supply,19.3
444,2056,reg1,Wind_PP,Supply,19.3
445,2057,reg1,Wind_PP,Supply,19.3
446,2058,reg1,Wind_PP,Supply,19.3
447,2059,reg1,Wind_PP,Supply,19.3
448,2060,reg1,Wind_PP,Supply,19.3
449,2061,reg1,Wind_PP,Supply,19.3
450,2062,reg1,Wind_PP,Supply,19.3
451,2063,reg1,Wind_PP,Supply,19.3
452,2064,reg1,Wind_PP,Supply,19.3
453,2065,reg1,Wind_PP,Supply,19.3
454,2066,reg1,Wind_PP,Supply,19.3
455,2067,reg1,Wind_PP,Supply,19.3
456,2068,reg1,Wind_PP,Supply,19.3
457,2069,reg1,Wind_PP,Supply,19.3
458,2070,reg1,Wind_PP,Supply,19.3
459,2020,reg1,Hydro_PP,Supply,12.886363636363637
460,2021,reg1,Hydro_PP,Supply,12.956818181818182
461,2022,reg1,Hydro_PP,Supply,13.027272727272727
462,2023,reg1,Hydro_PP,Supply,13.097727272727273
463,2024,reg1,Hydro_PP,Supply,13.168181818181818
464,2025,reg1,Hydro_PP,Supply,13.238636363636363
465,2026,reg1,Hydro_PP,Supply,13.309090909090909
466,2027,reg1,Hydro_PP,Supply,13.379545454545454
467,2028,reg1,Hydro_PP,Supply,13.237881801277732
468,2029,reg1,Hydro_PP,Supply,13.046954936009133
469,2030,reg1,Hydro_PP,Supply,13.064798413747521
470,2031,reg1,Hydro_PP,Supply,13.064798413747521
471,2032,reg1,Hydro_PP,Supply,13.064798413747521
472,2033,reg1,Hydro_PP,Supply,13.064798413747521
473,2034,reg1,Hydro_PP,Supply,13.064798413747521
474,2035,reg1,Hydro_PP,Supply,13.064798413747521
475,2036,reg1,Hydro_PP,Supply,13.064798413747521
476,2037,reg1,Hydro_PP,Supply,13.064798413747521
477,2038,reg1,Hydro_PP,Supply,13.064798413747521
478,2039,reg1,Hydro_PP,Supply,13.064798413747521
479,2040,reg1,Hydro_PP,Supply,13.064798413747521
480,2041,reg1,Hydro_PP,Supply,13.064798413747521
481,2042,reg1,Hydro_PP,Supply,13.064798413747521
482,2043,reg1,Hydro_PP,Supply,13.064798413747521
483,2044,reg1,Hydro_PP,Supply,13.064798413747521
484,2045,reg1,Hydro_PP,Supply,13.064798413747521
485,2046,reg1,Hydro_PP,Supply,13.064798413747521
486,2047,reg1,Hydro_PP,Supply,13.064798413747521
487,2048,reg1,Hydro_PP,Supply,13.064798413747521
488,2049,reg1,Hydro_PP,Supply,13.064798413747521
489,2050,reg1,Hydro_PP,Supply,13.064798413747521
490,2051,reg1,Hydro_PP,Supply,13.064798413747521
491,2052,reg1,Hydro_PP,Supply,13.064798413747521
492,2053,reg1,Hydro_PP,Supply,13.064798413747521
493,2054,reg1,Hydro_PP,Supply,13.064798413747521
494,2055,reg1,Hydro_PP,Supply,13.064798413747521
495,2056,reg1,Hydro_PP,Supply,13.064798413747521
496,2057,reg1,Hydro_PP,Supply,13.064798413747521
497,2058,reg1,Hydro_PP,Supply,13.064798413747521
498,2059,reg1,Hydro_PP,Supply,13.064798413747521
499,2060,reg1,Hydro_PP,Supply,13.064798413747521
500,2061,reg1,Hydro_PP,Supply,13.064798413747521
501,2062,reg1,Hydro_PP,Supply,13.064798413747521
502,2063,reg1,Hydro_PP,Supply,13.064798413747521
503,2064,reg1,Hydro_PP,Supply,13.064798413747521
504,2065,reg1,Hydro_PP,Supply,13.064798413747521
505,2066,reg1,Hydro_PP,Supply,13.064798413747521
506,2067,reg1,Hydro_PP,Supply,13.064798413747521
507,2068,reg1,Hydro_PP,Supply,13.064798413747521
508,2069,reg1,Hydro_PP,Supply,13.064798413747521
509,2070,reg1,Hydro_PP,Supply,13.064798413747521
510,2020,reg1,Pump_hydro_PP,Supply,6.013636363636363
511,2021,reg1,Pump_hydro_PP,Supply,6.313181818181818
512,2022,reg1,Pump_hydro_PP,Supply,6.612727272727272
513,2023,reg1,Pump_hydro_PP,Supply,6.912272727272727
514,2024,reg1,Pump_hydro_PP,Supply,7.211818181818182
515,2025,reg1,Pump_hydro_PP,Supply,7.511363636363637
516,2026,reg1,Pump_hydro_PP,Supply,7.8109090909090915
517,2027,reg1,Pump_hydro_PP,Supply,8.110454545454546
518,2028,reg1,Pump_hydro_PP,Supply,8.41
519,2029,reg1,Pump_hydro_PP,Supply,8.709545454545456
520,2030,reg1,Pump_hydro_PP,Supply,9.009090909090911
521,2031,reg1,Pump_hydro_PP,Supply,9.308636363636365
522,2032,reg1,Pump_hydro_PP,Supply,9.60818181818182
523,2033,reg1,Pump_hydro_PP,Supply,9.907727272727275
524,2034,reg1,Pump_hydro_PP,Supply,10.0
525,2035,reg1,Pump_hydro_PP,Supply,10.0
526,2036,reg1,Pump_hydro_PP,Supply,10.0
527,2037,reg1,Pump_hydro_PP,Supply,10.0
528,2038,reg1,Pump_hydro_PP,Supply,10.0
529,2039,reg1,Pump_hydro_PP,Supply,10.0
530,2040,reg1,Pump_hydro_PP,Supply,10.0
531,2041,reg1,Pump_hydro_PP,Supply,10.0
532,2042,reg1,Pump_hydro_PP,Supply,10.0
533,2043,reg1,Pump_hydro_PP,Supply,10.0
534,2044,reg1,Pump_hydro_PP,Supply,10.0
535,2045,reg1,Pump_hydro_PP,Supply,10.0
536,2046,reg1,Pump_hydro_PP,Supply,10.0
537,2047,reg1,Pump_hydro_PP,Supply,10.0
538,2048,reg1,Pump_hydro_PP,Supply,10.0
539,2049,reg1,Pump_hydro_PP,Supply,10.0
540,2050,reg1,Pump_hydro_PP,Supply,10.0
541,2051,reg1,Pump_hydro_PP,Supply,10.0
542,2052,reg1,Pump_hydro_PP,Supply,10.0
543,2053,reg1,Pump_hydro_PP,Supply,10.0
544,2054,reg1,Pump_hydro_PP,Supply,10.0
545,2055,reg1,Pump_hydro_PP,Supply,10.0
546,2056,reg1,Pump_hydro_PP,Supply,10.0
547,2057,reg1,Pump_hydro_PP,Supply,10.0
548,2058,reg1,Pump_hydro_PP,Supply,10.0
549,2059,reg1,Pump_hydro_PP,Supply,10.0
550,2060,reg1,Pump_hydro_PP,Supply,10.0
551,2061,reg1,Pump_hydro_PP,Supply,10.0
552,2062,reg1,Pump_hydro_PP,Supply,10.0
553,2063,reg1,Pump_hydro_PP,Supply,10.0
554,2064,reg1,Pump_hydro_PP,Supply,10.0
555,2065,reg1,Pump_hydro_PP,Supply,10.0
556,2066,reg1,Pump_hydro_PP,Supply,10.0
557,2067,reg1,Pump_hydro_PP,Supply,10.0
558,2068,reg1,Pump_hydro_PP,Supply,10.0
559,2069,reg1,Pump_hydro_PP,Supply,10.0
560,2070,reg1,Pump_hydro_PP,Supply,10.0
561,2020,reg1,Electricity_imports,Supply,5.3144286529680365
562,2021,reg1,Electricity_imports,Supply,5.3144286529680365
563,2022,reg1,Electricity_imports,Supply,5.3144286529680365
564,2023,reg1,Electricity_imports,Supply,5.3144286529680365
565,2024,reg1,Electricity_imports,Supply,5.3144286529680365
566,2025,reg1,Electricity_imports,Supply,5.3144286529680365
567,2026,reg1,Electricity_imports,Supply,5.3144286529680365
568,2027,reg1,Electricity_imports,Supply,5.3144286529680365
569,2028,reg1,Electricity_imports,Supply,5.3144286529680365
570,2029,reg1,Electricity_imports,Supply,5.3144286529680365
571,2030,reg1,Electricity_imports,Supply,5.3144286529680365
572,2031,reg1,Electricity_imports,Supply,5.3144286529680365
573,2032,reg1,Electricity_imports,Supply,5.3144286529680365
574,2033,reg1,Electricity_imports,Supply,5.3144286529680365
575,2034,reg1,Electricity_imports,Supply,5.3144286529680365
576,2035,reg1,Electricity_imports,Supply,5.3144286529680365
577,2036,reg1,Electricity_imports,Supply,5.3144286529680365
578,2037,reg1,Electricity_imports,Supply,5.3144286529680365
579,2038,reg1,Electricity_imports,Supply,5.3144286529680365
580,2039,reg1,Electricity_imports,Supply,5.3144286529680365
581,2040,reg1,Electricity_imports,Supply,5.3144286529680365
582,2041,reg1,Electricity_imports,Supply,5.3144286529680365
583,2042,reg1,Electricity_imports,Supply,5.3144286529680365
584,2043,reg1,Electricity_imports,Supply,5.3144286529680365
585,2044,reg1,Electricity_imports,Supply,5.3144286529680365
586,2045,reg1,Electricity_imports,Supply,5.3144286529680365
587,2046,reg1,Electricity_imports,Supply,5.3144286529680365
588,2047,reg1,Electricity_imports,Supply,5.3144286529680365
589,2048,reg1,Electricity_imports,Supply,5.3144286529680365
590,2049,reg1,Electricity_imports,Supply,5.3144286529680365
591,2050,reg1,Electricity_imports,Supply,5.3144286529680365
592,2051,reg1,Electricity_imports,Supply,5.3144286529680365
593,2052,reg1,Electricity_imports,Supply,5.3144286529680365
594,2053,reg1,Electricity_imports,Supply,5.3144286529680365
595,2054,reg1,Electricity_imports,Supply,5.3144286529680365
596,2055,reg1,Electricity_imports,Supply,5.3144286529680365
597,2056,reg1,Electricity_imports,Supply,5.3144286529680365
598,2057,reg1,Electricity_imports,Supply,5.3144286529680365
599,2058,reg1,Electricity_imports,Supply,5.3144286529680365
600,2059,reg1,Electricity_imports,Supply,5.3144286529680365
601,2060,reg1,Electricity_imports,Supply,5.3144286529680365
602,2061,reg1,Electricity_imports,Supply,5.3144286529680365
603,2062,reg1,Electricity_imports,Supply,5.3144286529680365
604,2063,reg1,Electricity_imports,Supply,5.3144286529680365
605,2064,reg1,Electricity_imports,Supply,5.3144286529680365
606,2065,reg1,Electricity_imports,Supply,5.3144286529680365
607,2066,reg1,Electricity_imports,Supply,5.3144286529680365
608,2067,reg1,Electricity_imports,Supply,5.3144286529680365
609,2068,reg1,Electricity_imports,Supply,5.3144286529680365
610,2069,reg1,Electricity_imports,Supply,5.3144286529680365
611,2070,reg1,Electricity_imports,Supply,5.3144286529680365
612,2020,reg1,Geo_HP,Supply,0.6
613,2021,reg1,Geo_HP,Supply,1.0699999999999998
614,2022,reg1,Geo_HP,Supply,1.54
615,2023,reg1,Geo_HP,Supply,2.01
616,2024,reg1,Geo_HP,Supply,2.48
617,2025,reg1,Geo_HP,Supply,2.95
618,2026,reg1,Geo_HP,Supply,3.4085691585082323
619,2027,reg1,Geo_HP,Supply,3.8671383170164617
620,2028,reg1,Geo_HP,Supply,4.258031575397866
621,2029,reg1,Geo_HP,Supply,4.228031575397866
622,2030,reg1,Geo_HP,Supply,4.198302073294165
623,2031,reg1,Geo_HP,Supply,4.189100632739876
624,2032,reg1,Geo_HP,Supply,4.1798991921855855
625,2033,reg1,Geo_HP,Supply,4.170697751631295
626,2034,reg1,Geo_HP,Supply,4.161496311077003
627,2035,reg1,Geo_HP,Supply,4.152294870522711
628,2036,reg1,Geo_HP,Supply,4.161698565743544
629,2037,reg1,Geo_HP,Supply,4.1711022609643775
630,2038,reg1,Geo_HP,Supply,4.180505956185212
631,2039,reg1,Geo_HP,Supply,4.189909651406046
632,2040,reg1,Geo_HP,Supply,4.199313346626878
633,2041,reg1,Geo_HP,Supply,4.1588244006646455
634,2042,reg1,Geo_HP,Supply,4.118335454702413
635,2043,reg1,Geo_HP,Supply,4.077846508740178
636,2044,reg1,Geo_HP,Supply,4.037357562777945
637,2045,reg1,Geo_HP,Supply,3.9968686168157106
638,2046,reg1,Geo_HP,Supply,4.008299458307479
639,2047,reg1,Geo_HP,Supply,4.0197302997992495
640,2048,reg1,Geo_HP,Supply,4.03116114129102
641,2049,reg1,Geo_HP,Supply,4.04259198278279
642,2050,reg1,Geo_HP,Supply,4.0540228242745595
643,2051,reg1,Geo_HP,Supply,4.0540228242745595
644,2052,reg1,Geo_HP,Supply,4.0540228242745595
645,2053,reg1,Geo_HP,Supply,4.0540228242745595
646,2054,reg1,Geo_HP,Supply,4.0540228242745595
647,2055,reg1,Geo_HP,Supply,4.0540228242745595
648,2056,reg1,Geo_HP,Supply,4.0540228242745595
649,2057,reg1,Geo_HP,Supply,4.0540228242745595
650,2058,reg1,Geo_HP,Supply,4.05402282427456
651,2059,reg1,Geo_HP,Supply,4.0540228242745595
652,2060,reg1,Geo_HP,Supply,4.054022824274561
653,2061,reg1,Geo_HP,Supply,4.0540228242745595
654,2062,reg1,Geo_HP,Supply,4.0540228242745595
655,2063,reg1,Geo_HP,Supply,4.0540228242745595
656,2064,reg1,Geo_HP,Supply,4.0540228242745595
657,2065,reg1,Geo_HP,Supply,4.0540228242745595
658,2066,reg1,Geo_HP,Supply,4.0540228242745595
659,2067,reg1,Geo_HP,Supply,4.0540228242745595
660,2068,reg1,Geo_HP,Supply,4.0540228242745595
661,2069,reg1,Geo_HP,Supply,4.05402282427456
662,2070,reg1,Geo_HP,Supply,4.042321484886491
663,2020,reg1,Pump_hydro_ST,Storage,6.013636363636363
664,2021,reg1,Pump_hydro_ST,Storage,6.451672727272727
665,2022,reg1,Pump_hydro_ST,Storage,6.889709090909091
666,2023,reg1,Pump_hydro_ST,Storage,7.327745454545455
667,2024,reg1,Pump_hydro_ST,Storage,7.765781818181819
668,2025,reg1,Pump_hydro_ST,Storage,8.203818181818182
669,2026,reg1,Pump_hydro_ST,Storage,8.641854545454546
670,2027,reg1,Pump_hydro_ST,Storage,9.07989090909091
671,2028,reg1,Pump_hydro_ST,Storage,9.517927272727274
672,2029,reg1,Pump_hydro_ST,Storage,9.955963636363638
673,2030,reg1,Pump_hydro_ST,Storage,10.394
674,2031,reg1,Pump_hydro_ST,Storage,10.394
675,2032,reg1,Pump_hydro_ST,Storage,10.394
676,2033,reg1,Pump_hydro_ST,Storage,10.394
677,2034,reg1,Pump_hydro_ST,Storage,10.394
678,2035,reg1,Pump_hydro_ST,Storage,10.394
679,2036,reg1,Pump_hydro_ST,Storage,10.394
680,2037,reg1,Pump_hydro_ST,Storage,10.394
681,2038,reg1,Pump_hydro_ST,Storage,10.394
682,2039,reg1,Pump_hydro_ST,Storage,10.394
683,2040,reg1,Pump_hydro_ST,Storage,10.393999999999998
684,2041,reg1,Pump_hydro_ST,Storage,10.394
685,2042,reg1,Pump_hydro_ST,Storage,10.394
686,2043,reg1,Pump_hydro_ST,Storage,10.394
687,2044,reg1,Pump_hydro_ST,Storage,10.393999999999998
688,2045,reg1,Pump_hydro_ST,Storage,10.394000000000002
689,2046,reg1,Pump_hydro_ST,Storage,10.394000000000002
690,2047,reg1,Pump_hydro_ST,Storage,10.394
691,2048,reg1,Pump_hydro_ST,Storage,10.394000000000005
692,2049,reg1,Pump_hydro_ST,Storage,10.394000000000004
693,2050,reg1,Pump_hydro_ST,Storage,10.394000000000002
694,2051,reg1,Pump_hydro_ST,Storage,10.394000000000002
695,2052,reg1,Pump_hydro_ST,Storage,10.394000000000002
696,2053,reg1,Pump_hydro_ST,Storage,10.394000000000002
697,2054,reg1,Pump_hydro_ST,Storage,10.394000000000002
698,2055,reg1,Pump_hydro_ST,Storage,10.394000000000002
699,2056,reg1,Pump_hydro_ST,Storage,10.394000000000002
700,2057,reg1,Pump_hydro_ST,Storage,10.394000000000002
701,2058,reg1,Pump_hydro_ST,Storage,10.394000000000002
702,2059,reg1,Pump_hydro_ST,Storage,10.394000000000002
703,2060,reg1,Pump_hydro_ST,Storage,10.394000000000002
704,2061,reg1,Pump_hydro_ST,Storage,10.394000000000002
705,2062,reg1,Pump_hydro_ST,Storage,10.394000000000002
706,2063,reg1,Pump_hydro_ST,Storage,10.394000000000002
707,2064,reg1,Pump_hydro_ST,Storage,11.394000000000002
708,2065,reg1,Pump_hydro_ST,Storage,11.394000000000002
709,2066,reg1,Pump_hydro_ST,Storage,12.394000000000002
710,2067,reg1,Pump_hydro_ST,Storage,12.394000000000002
711,2068,reg1,Pump_hydro_ST,Storage,12.394000000000002
712,2069,reg1,Pump_hydro_ST,Storage,12.394000000000002
713,2070,reg1,Pump_hydro_ST,Storage,12.394000000000002
714,2020,reg1,Electrochemical_ST,Storage,0.0
715,2021,reg1,Electrochemical_ST,Storage,0.607
716,2022,reg1,Electrochemical_ST,Storage,1.214
717,2023,reg1,Electrochemical_ST,Storage,1.821
718,2024,reg1,Electrochemical_ST,Storage,2.428
719,2025,reg1,Electrochemical_ST,Storage,3.035
720,2026,reg1,Electrochemical_ST,Storage,3.935
721,2027,reg1,Electrochemical_ST,Storage,4.834999999999999
722,2028,reg1,Electrochemical_ST,Storage,5.734999999999999
723,2029,reg1,Electrochemical_ST,Storage,6.635
724,2030,reg1,Electrochemical_ST,Storage,7.534999999999999
725,2031,reg1,Electrochemical_ST,Storage,7.534999999999998
726,2032,reg1,Electrochemical_ST,Storage,7.535
727,2033,reg1,Electrochemical_ST,Storage,7.534999999999999
728,2034,reg1,Electrochemical_ST,Storage,7.535
729,2035,reg1,Electrochemical_ST,Storage,7.534999999999999
730,2036,reg1,Electrochemical_ST,Storage,7.535
731,2037,reg1,Electrochemical_ST,Storage,7.535
732,2038,reg1,Electrochemical_ST,Storage,7.535
733,2039,reg1,Electrochemical_ST,Storage,7.535
734,2040,reg1,Electrochemical_ST,Storage,7.534999999999999
735,2041,reg1,Electrochemical_ST,Storage,7.535
736,2042,reg1,Electrochemical_ST,Storage,7.535
737,2043,reg1,Electrochemical_ST,Storage,7.535
738,2044,reg1,Electrochemical_ST,Storage,7.535000000000001
739,2045,reg1,Electrochemical_ST,Storage,7.535
740,2046,reg1,Electrochemical_ST,Storage,7.535
741,2047,reg1,Electrochemical_ST,Storage,7.535
742,2048,reg1,Electrochemical_ST,Storage,7.535
743,2049,reg1,Electrochemical_ST,Storage,7.635
744,2050,reg1,Electrochemical_ST,Storage,7.534999999999999
745,2051,reg1,Electrochemical_ST,Storage,7.535
746,2052,reg1,Electrochemical_ST,Storage,7.535000000000001
747,2053,reg1,Electrochemical_ST,Storage,7.535
748,2054,reg1,Electrochemical_ST,Storage,7.535
749,2055,reg1,Electrochemical_ST,Storage,7.535
750,2056,reg1,Electrochemical_ST,Storage,7.535
751,2057,reg1,Electrochemical_ST,Storage,7.535
752,2058,reg1,Electrochemical_ST,Storage,7.535
753,2059,reg1,Electrochemical_ST,Storage,7.535
754,2060,reg1,Electrochemical_ST,Storage,7.534999999999999
755,2061,reg1,Electrochemical_ST,Storage,7.928000000000001
756,2062,reg1,Electrochemical_ST,Storage,7.535000000000001
757,2063,reg1,Electrochemical_ST,Storage,7.535
758,2064,reg1,Electrochemical_ST,Storage,7.535
759,2065,reg1,Electrochemical_ST,Storage,7.535
760,2066,reg1,Electrochemical_ST,Storage,7.535
761,2067,reg1,Electrochemical_ST,Storage,7.535
762,2068,reg1,Electrochemical_ST,Storage,7.535
763,2069,reg1,Electrochemical_ST,Storage,7.535
764,2070,reg1,Electrochemical_ST,Storage,7.535
765,2020,reg1,Hydrogen_ST,Storage,0.0
766,2021,reg1,Hydrogen_ST,Storage,0.0
767,2022,reg1,Hydrogen_ST,Storage,0.0
768,2023,reg1,Hydrogen_ST,Storage,0.0
769,2024,reg1,Hydrogen_ST,Storage,0.0
770,2025,reg1,Hydrogen_ST,Storage,0.0
771,2026,reg1,Hydrogen_ST,Storage,0.0
772,2027,reg1,Hydrogen_ST,Storage,0.0
773,2028,reg1,Hydrogen_ST,Storage,0.0
774,2029,reg1,Hydrogen_ST,Storage,0.0
775,2030,reg1,Hydrogen_ST,Storage,0.0
776,2031,reg1,Hydrogen_ST,Storage,0.0
777,2032,reg1,Hydrogen_ST,Storage,0.0
778,2033,reg1,Hydrogen_ST,Storage,0.0
779,2034,reg1,Hydrogen_ST,Storage,0.0
780,2035,reg1,Hydrogen_ST,Storage,0.0
781,2036,reg1,Hydrogen_ST,Storage,0.0
782,2037,reg1,Hydrogen_ST,Storage,0.0
783,2038,reg1,Hydrogen_ST,Storage,0.0
784,2039,reg1,Hydrogen_ST,Storage,0.0
785,2040,reg1,Hydrogen_ST,Storage,0.0
786,2041,reg1,Hydrogen_ST,Storage,0.0
787,2042,reg1,Hydrogen_ST,Storage,0.0
788,2043,reg1,Hydrogen_ST,Storage,0.0
789,2044,reg1,Hydrogen_ST,Storage,0.0
790,2045,reg1,Hydrogen_ST,Storage,0.0
791,2046,reg1,Hydrogen_ST,Storage,0.0
792,2047,reg1,Hydrogen_ST,Storage,0.0
793,2048,reg1,Hydrogen_ST,Storage,0.0
794,2049,reg1,Hydrogen_ST,Storage,0.0
795,2050,reg1,Hydrogen_ST,Storage,0.0
796,2051,reg1,Hydrogen_ST,Storage,0.0
797,2052,reg1,Hydrogen_ST,Storage,0.0
798,2053,reg1,Hydrogen_ST,Storage,0.0
799,2054,reg1,Hydrogen_ST,Storage,0.0
800,2055,reg1,Hydrogen_ST,Storage,0.0
801,2056,reg1,Hydrogen_ST,Storage,0.0
802,2057,reg1,Hydrogen_ST,Storage,0.0
803,2058,reg1,Hydrogen_ST,Storage,0.0
804,2059,reg1,Hydrogen_ST,Storage,0.0
805,2060,reg1,Hydrogen_ST,Storage,0.0
806,2061,reg1,Hydrogen_ST,Storage,0.0
807,2062,reg1,Hydrogen_ST,Storage,0.0
808,2063,reg1,Hydrogen_ST,Storage,0.0
809,2064,reg1,Hydrogen_ST,Storage,0.0
810,2065,reg1,Hydrogen_ST,Storage,0.0
811,2066,reg1,Hydrogen_ST,Storage,0.0
812,2067,reg1,Hydrogen_ST,Storage,0.0
813,2068,reg1,Hydrogen_ST,Storage,0.0
814,2069,reg1,Hydrogen_ST,Storage,0.0
815,2070,reg1,Hydrogen_ST,Storage,0.0
816,2020,reg1,SMR,Conversion,0.0
817,2021,reg1,SMR,Conversion,0.5540648026642446
818,2022,reg1,SMR,Conversion,0.6485711168636377
819,2023,reg1,SMR,Conversion,0.6899277139579519
820,2024,reg1,SMR,Conversion,0.7598481333723986
821,2025,reg1,SMR,Conversion,0.8310944586752014
822,2026,reg1,SMR,Conversion,0.8917745668572752
823,2027,reg1,SMR,Conversion,1.4157311789254647
824,2028,reg1,SMR,Conversion,1.4699194523490755
825,2029,reg1,SMR,Conversion,1.4933136865096341
826,2030,reg1,SMR,Conversion,1.4933136865096341
827,2031,reg1,SMR,Conversion,1.4933136865096341
828,2032,reg1,SMR,Conversion,1.4933136865096341
829,2033,reg1,SMR,Conversion,1.4933136865096341
830,2034,reg1,SMR,Conversion,1.4933136865096341
831,2035,reg1,SMR,Conversion,1.4933136865096341
832,2036,reg1,SMR,Conversion,1.4933136865096341
833,2037,reg1,SMR,Conversion,1.5144523358221755
834,2038,reg1,SMR,Conversion,1.560235019184279
835,2039,reg1,SMR,Conversion,1.6297547758059394
836,2040,reg1,SMR,Conversion,1.7098651371150009
837,2041,reg1,SMR,Conversion,1.7961004996121335
838,2042,reg1,SMR,Conversion,1.8823358679375803
839,2043,reg1,SMR,Conversion,1.968571232544783
840,2044,reg1,SMR,Conversion,2.054806596545133
841,2045,reg1,SMR,Conversion,2.1410419627685986
842,2046,reg1,SMR,Conversion,2.1410419627685986
843,2047,reg1,SMR,Conversion,2.1410419627685986
844,2048,reg1,SMR,Conversion,2.1410419627685986
845,2049,reg1,SMR,Conversion,2.1410419627685986
846,2050,reg1,SMR,Conversion,2.1410419627685986
847,2051,reg1,SMR,Conversion,2.069280994647722
848,2052,reg1,SMR,Conversion,2.0692809946477224
849,2053,reg1,SMR,Conversion,2.0692809946477224
850,2054,reg1,SMR,Conversion,2.069280994647722
851,2055,reg1,SMR,Conversion,2.069280994647722
852,2056,reg1,SMR,Conversion,2.0692809946477224
853,2057,reg1,SMR,Conversion,2.0692809946477224
854,2058,reg1,SMR,Conversion,2.0692809946477224
855,2059,reg1,SMR,Conversion,2.069280994647722
856,2060,reg1,SMR,Conversion,2.069280994647722
857,2061,reg1,SMR,Conversion,2.069280994647722
858,2062,reg1,SMR,Conversion,2.069280994647722
859,2063,reg1,SMR,Conversion,2.069280994647722
860,2064,reg1,SMR,Conversion,2.069280994647722
861,2065,reg1,SMR,Conversion,2.069280994647722
862,2066,reg1,SMR,Conversion,2.069280994647722
863,2067,reg1,SMR,Conversion,2.069280994647722
864,2068,reg1,SMR,Conversion,2.069280994647722
865,2069,reg1,SMR,Conversion,2.069280994647722
866,2070,reg1,SMR,Conversion,2.069280994647722
867,2020,reg1,SMR_CCS,Conversion,0.0
868,2021,reg1,SMR_CCS,Conversion,0.0
869,2022,reg1,SMR_CCS,Conversion,0.0
870,2023,reg1,SMR_CCS,Conversion,0.0
871,2024,reg1,SMR_CCS,Conversion,0.0
872,2025,reg1,SMR_CCS,Conversion,0.0
873,2026,reg1,SMR_CCS,Conversion,0.0
874,2027,reg1,SMR_CCS,Conversion,0.0
875,2028,reg1,SMR_CCS,Conversion,0.0
876,2029,reg1,SMR_CCS,Conversion,0.0
877,2030,reg1,SMR_CCS,Conversion,0.0
878,2031,reg1,SMR_CCS,Conversion,0.0
879,2032,reg1,SMR_CCS,Conversion,0.0
880,2033,reg1,SMR_CCS,Conversion,0.0
881,2034,reg1,SMR_CCS,Conversion,0.0
882,2035,reg1,SMR_CCS,Conversion,0.0
883,2036,reg1,SMR_CCS,Conversion,0.0
884,2037,reg1,SMR_CCS,Conversion,0.0
885,2038,reg1,SMR_CCS,Conversion,0.0
886,2039,reg1,SMR_CCS,Conversion,0.0
887,2040,reg1,SMR_CCS,Conversion,0.0
888,2041,reg1,SMR_CCS,Conversion,0.0
889,2042,reg1,SMR_CCS,Conversion,0.0
890,2043,reg1,SMR_CCS,Conversion,0.0
891,2044,reg1,SMR_CCS,Conversion,0.0
892,2045,reg1,SMR_CCS,Conversion,0.0
893,2046,reg1,SMR_CCS,Conversion,0.0
894,2047,reg1,SMR_CCS,Conversion,0.0
895,2048,reg1,SMR_CCS,Conversion,0.0
896,2049,reg1,SMR_CCS,Conversion,0.0
897,2050,reg1,SMR_CCS,Conversion,0.0
898,2051,reg1,SMR_CCS,Conversion,0.0
899,2052,reg1,SMR_CCS,Conversion,0.0
900,2053,reg1,SMR_CCS,Conversion,0.0
901,2054,reg1,SMR_CCS,Conversion,0.0
902,2055,reg1,SMR_CCS,Conversion,0.0
903,2056,reg1,SMR_CCS,Conversion,0.0
904,2057,reg1,SMR_CCS,Conversion,0.0
905,2058,reg1,SMR_CCS,Conversion,0.0
906,2059,reg1,SMR_CCS,Conversion,0.0
907,2060,reg1,SMR_CCS,Conversion,0.0
908,2061,reg1,SMR_CCS,Conversion,0.0
909,2062,reg1,SMR_CCS,Conversion,0.0
910,2063,reg1,SMR_CCS,Conversion,0.0
911,2064,reg1,SMR_CCS,Conversion,0.0
912,2065,reg1,SMR_CCS,Conversion,0.0
913,2066,reg1,SMR_CCS,Conversion,0.0
914,2067,reg1,SMR_CCS,Conversion,0.0
915,2068,reg1,SMR_CCS,Conversion,0.0
916,2069,reg1,SMR_CCS,Conversion,0.0
917,2070,reg1,SMR_CCS,Conversion,0.0
918,2020,reg1,Methane_pyrolysis,Conversion,0.0
919,2021,reg1,Methane_pyrolysis,Conversion,0.0
920,2022,reg1,Methane_pyrolysis,Conversion,0.0
921,2023,reg1,Methane_pyrolysis,Conversion,0.0
922,2024,reg1,Methane_pyrolysis,Conversion,0.0
923,2025,reg1,Methane_pyrolysis,Conversion,0.0
924,2026,reg1,Methane_pyrolysis,Conversion,0.0
925,2027,reg1,Methane_pyrolysis,Conversion,0.0
926,2028,reg1,Methane_pyrolysis,Conversion,0.0
927,2029,reg1,Methane_pyrolysis,Conversion,0.0
928,2030,reg1,Methane_pyrolysis,Conversion,0.0
929,2031,reg1,Methane_pyrolysis,Conversion,0.0
930,2032,reg1,Methane_pyrolysis,Conversion,0.0
931,2033,reg1,Methane_pyrolysis,Conversion,0.0
932,2034,reg1,Methane_pyrolysis,Conversion,0.0
933,2035,reg1,Methane_pyrolysis,Conversion,0.0
934,2036,reg1,Methane_pyrolysis,Conversion,0.0
935,2037,reg1,Methane_pyrolysis,Conversion,0.0
936,2038,reg1,Methane_pyrolysis,Conversion,0.0
937,2039,reg1,Methane_pyrolysis,Conversion,0.0
938,2040,reg1,Methane_pyrolysis,Conversion,0.0
939,2041,reg1,Methane_pyrolysis,Conversion,0.0
940,2042,reg1,Methane_pyrolysis,Conversion,0.0
941,2043,reg1,Methane_pyrolysis,Conversion,0.0
942,2044,reg1,Methane_pyrolysis,Conversion,0.0
943,2045,reg1,Methane_pyrolysis,Conversion,0.0
944,2046,reg1,Methane_pyrolysis,Conversion,0.0
945,2047,reg1,Methane_pyrolysis,Conversion,0.0
946,2048,reg1,Methane_pyrolysis,Conversion,0.0
947,2049,reg1,Methane_pyrolysis,Conversion,0.0
948,2050,reg1,Methane_pyrolysis,Conversion,0.0
949,2051,reg1,Methane_pyrolysis,Conversion,0.0
950,2052,reg1,Methane_pyrolysis,Conversion,0.0
951,2053,reg1,Methane_pyrolysis,Conversion,0.0
952,2054,reg1,Methane_pyrolysis,Conversion,0.0
953,2055,reg1,Methane_pyrolysis,Conversion,0.0
954,2056,reg1,Methane_pyrolysis,Conversion,0.0
955,2057,reg1,Methane_pyrolysis,Conversion,0.0
956,2058,reg1,Methane_pyrolysis,Conversion,0.0
957,2059,reg1,Methane_pyrolysis,Conversion,0.0
958,2060,reg1,Methane_pyrolysis,Conversion,0.0
959,2061,reg1,Methane_pyrolysis,Conversion,0.0
960,2062,reg1,Methane_pyrolysis,Conversion,0.0
961,2063,reg1,Methane_pyrolysis,Conversion,0.0
962,2064,reg1,Methane_pyrolysis,Conversion,0.0
963,2065,reg1,Methane_pyrolysis,Conversion,0.0
964,2066,reg1,Methane_pyrolysis,Conversion,0.0
965,2067,reg1,Methane_pyrolysis,Conversion,0.0
966,2068,reg1,Methane_pyrolysis,Conversion,0.0
967,2069,reg1,Methane_pyrolysis,Conversion,0.0
968,2070,reg1,Methane_pyrolysis,Conversion,0.0
969,2020,reg1,Electrolysis,Conversion,0.0
970,2021,reg1,Electrolysis,Conversion,0.0
971,2022,reg1,Electrolysis,Conversion,0.0
972,2023,reg1,Electrolysis,Conversion,0.0
973,2024,reg1,Electrolysis,Conversion,0.0
974,2025,reg1,Electrolysis,Conversion,0.0
975,2026,reg1,Electrolysis,Conversion,0.0
976,2027,reg1,Electrolysis,Conversion,0.0
977,2028,reg1,Electrolysis,Conversion,0.0
978,2029,reg1,Electrolysis,Conversion,0.0
979,2030,reg1,Electrolysis,Conversion,0.0
980,2031,reg1,Electrolysis,Conversion,0.0
981,2032,reg1,Electrolysis,Conversion,0.0
982,2033,reg1,Electrolysis,Conversion,0.0
983,2034,reg1,Electrolysis,Conversion,0.0
984,2035,reg1,Electrolysis,Conversion,0.0
985,2036,reg1,Electrolysis,Conversion,0.0
986,2037,reg1,Electrolysis,Conversion,0.0
987,2038,reg1,Electrolysis,Conversion,0.0
988,2039,reg1,Electrolysis,Conversion,0.0
989,2040,reg1,Electrolysis,Conversion,0.0
990,2041,reg1,Electrolysis,Conversion,0.0
991,2042,reg1,Electrolysis,Conversion,0.0
992,2043,reg1,Electrolysis,Conversion,0.0
993,2044,reg1,Electrolysis,Conversion,0.0
994,2045,reg1,Electrolysis,Conversion,0.0
995,2046,reg1,Electrolysis,Conversion,0.0
996,2047,reg1,Electrolysis,Conversion,0.0
997,2048,reg1,Electrolysis,Conversion,0.0
998,2049,reg1,Electrolysis,Conversion,0.0
999,2050,reg1,Electrolysis,Conversion,0.0
1000,2051,reg1,Electrolysis,Conversion,0.0
1001,2052,reg1,Electrolysis,Conversion,0.0
1002,2053,reg1,Electrolysis,Conversion,0.0
1003,2054,reg1,Electrolysis,Conversion,0.0
1004,2055,reg1,Electrolysis,Conversion,0.0
1005,2056,reg1,Electrolysis,Conversion,0.0
1006,2057,reg1,Electrolysis,Conversion,0.0
1007,2058,reg1,Electrolysis,Conversion,0.0
1008,2059,reg1,Electrolysis,Conversion,0.0
1009,2060,reg1,Electrolysis,Conversion,0.0
1010,2061,reg1,Electrolysis,Conversion,0.0
1011,2062,reg1,Electrolysis,Conversion,0.0
1012,2063,reg1,Electrolysis,Conversion,0.0
1013,2064,reg1,Electrolysis,Conversion,0.0
1014,2065,reg1,Electrolysis,Conversion,0.0
1015,2066,reg1,Electrolysis,Conversion,0.0
1016,2067,reg1,Electrolysis,Conversion,0.0
1017,2068,reg1,Electrolysis,Conversion,0.0
1018,2069,reg1,Electrolysis,Conversion,0.0
1019,2070,reg1,Electrolysis,Conversion,0.0
1020,2020,reg1,SFF_PP,Conversion,7.167
1021,2021,reg1,SFF_PP,Conversion,6.88032
1022,2022,reg1,SFF_PP,Conversion,6.593640000000001
1023,2023,reg1,SFF_PP,Conversion,6.306960000000001
1024,2024,reg1,SFF_PP,Conversion,6.020280000000001
1025,2025,reg1,SFF_PP,Conversion,5.733600000000002
1026,2026,reg1,SFF_PP,Conversion,5.446920000000002
1027,2027,reg1,SFF_PP,Conversion,5.160240000000003
1028,2028,reg1,SFF_PP,Conversion,4.873560000000003
1029,2029,reg1,SFF_PP,Conversion,4.586880000000003
1030,2030,reg1,SFF_PP,Conversion,4.300200000000004
1031,2031,reg1,SFF_PP,Conversion,4.013520000000004
1032,2032,reg1,SFF_PP,Conversion,3.726840000000004
1033,2033,reg1,SFF_PP,Conversion,3.440160000000004
1034,2034,reg1,SFF_PP,Conversion,3.153480000000004
1035,2035,reg1,SFF_PP,Conversion,2.866800000000004
1036,2036,reg1,SFF_PP,Conversion,2.580120000000004
1037,2037,reg1,SFF_PP,Conversion,2.293440000000004
1038,2038,reg1,SFF_PP,Conversion,2.006760000000004
1039,2039,reg1,SFF_PP,Conversion,1.7200800000000038
1040,2040,reg1,SFF_PP,Conversion,1.4334000000000038
1041,2041,reg1,SFF_PP,Conversion,1.1467200000000037
1042,2042,reg1,SFF_PP,Conversion,0.8600400000000037
1043,2043,reg1,SFF_PP,Conversion,0.5733600000000036
1044,2044,reg1,SFF_PP,Conversion,0.28668000000000365
1045,2045,reg1,SFF_PP,Conversion,3.6637359812630166e-15
1046,2046,reg1,SFF_PP,Conversion,0.0
1047,2047,reg1,SFF_PP,Conversion,0.0
1048,2048,reg1,SFF_PP,Conversion,0.0
1049,2049,reg1,SFF_PP,Conversion,0.0
1050,2050,reg1,SFF_PP,Conversion,0.0
1051,2051,reg1,SFF_PP,Conversion,0.0
1052,2052,reg1,SFF_PP,Conversion,0.0
1053,2053,reg1,SFF_PP,Conversion,0.0
1054,2054,reg1,SFF_PP,Conversion,0.0
1055,2055,reg1,SFF_PP,Conversion,0.0
1056,2056,reg1,SFF_PP,Conversion,0.0
1057,2057,reg1,SFF_PP,Conversion,0.0
1058,2058,reg1,SFF_PP,Conversion,0.0
1059,2059,reg1,SFF_PP,Conversion,0.0
1060,2060,reg1,SFF_PP,Conversion,0.0
1061,2061,reg1,SFF_PP,Conversion,0.0
1062,2062,reg1,SFF_PP,Conversion,0.0
1063,2063,reg1,SFF_PP,Conversion,0.0
1064,2064,reg1,SFF_PP,Conversion,0.0
1065,2065,reg1,SFF_PP,Conversion,0.0
1066,2066,reg1,SFF_PP,Conversion,0.0
1067,2067,reg1,SFF_PP,Conversion,0.0
1068,2068,reg1,SFF_PP,Conversion,0.0
1069,2069,reg1,SFF_PP,Conversion,0.0
1070,2070,reg1,SFF_PP,Conversion,0.0
1071,2020,reg1,Oil_PP,Conversion,2.4471999999999996
1072,2021,reg1,Oil_PP,Conversion,2.3493119999999994
1073,2022,reg1,Oil_PP,Conversion,2.251423999999999
1074,2023,reg1,Oil_PP,Conversion,2.153535999999999
1075,2024,reg1,Oil_PP,Conversion,2.055647999999999
1076,2025,reg1,Oil_PP,Conversion,1.9577599999999988
1077,2026,reg1,Oil_PP,Conversion,1.8598719999999989
1078,2027,reg1,Oil_PP,Conversion,1.7619839999999989
1079,2028,reg1,Oil_PP,Conversion,1.664095999999999
1080,2029,reg1,Oil_PP,Conversion,1.566207999999999
1081,2030,reg1,Oil_PP,Conversion,1.468319999999999
1082,2031,reg1,Oil_PP,Conversion,1.370431999999999
1083,2032,reg1,Oil_PP,Conversion,1.272543999999999
1084,2033,reg1,Oil_PP,Conversion,1.174655999999999
1085,2034,reg1,Oil_PP,Conversion,1.076767999999999
1086,2035,reg1,Oil_PP,Conversion,0.9788799999999991
1087,2036,reg1,Oil_PP,Conversion,0.8809919999999991
1088,2037,reg1,Oil_PP,Conversion,0.7831039999999991
1089,2038,reg1,Oil_PP,Conversion,0.6852159999999992
1090,2039,reg1,Oil_PP,Conversion,0.5873279999999992
1091,2040,reg1,Oil_PP,Conversion,0.4894399999999992
1092,2041,reg1,Oil_PP,Conversion,0.39155199999999923
1093,2042,reg1,Oil_PP,Conversion,0.29366399999999926
1094,2043,reg1,Oil_PP,Conversion,0.19577599999999928
1095,2044,reg1,Oil_PP,Conversion,0.0978879999999993
1096,2045,reg1,Oil_PP,Conversion,-6.938893903907228e-16
1097,2046,reg1,Oil_PP,Conversion,0.0
1098,2047,reg1,Oil_PP,Conversion,0.0
1099,2048,reg1,Oil_PP,Conversion,0.0
1100,2049,reg1,Oil_PP,Conversion,0.0
1101,2050,reg1,Oil_PP,Conversion,0.0
1102,2051,reg1,Oil_PP,Conversion,0.0
1103,2052,reg1,Oil_PP,Conversion,0.0
1104,2053,reg1,Oil_PP,Conversion,0.0
1105,2054,reg1,Oil_PP,Conversion,0.0
1106,2055,reg1,Oil_PP,Conversion,0.0
1107,2056,reg1,Oil_PP,Conversion,0.0
1108,2057,reg1,Oil_PP,Conversion,0.0
1109,2058,reg1,Oil_PP,Conversion,0.0
1110,2059,reg1,Oil_PP,Conversion,0.0
1111,2060,reg1,Oil_PP,Conversion,0.0
1112,2061,reg1,Oil_PP,Conversion,0.0
1113,2062,reg1,Oil_PP,Conversion,0.0
1114,2063,reg1,Oil_PP,Conversion,0.0
1115,2064,reg1,Oil_PP,Conversion,0.0
1116,2065,reg1,Oil_PP,Conversion,0.0
1117,2066,reg1,Oil_PP,Conversion,0.0
1118,2067,reg1,Oil_PP,Conversion,0.0
1119,2068,reg1,Oil_PP,Conversion,0.0
1120,2069,reg1,Oil_PP,Conversion,0.0
1121,2070,reg1,Oil_PP,Conversion,0.0
1122,2020,reg1,NG_PP,Conversion,30.845
1123,2021,reg1,NG_PP,Conversion,29.6112
1124,2022,reg1,NG_PP,Conversion,28.3774
1125,2023,reg1,NG_PP,Conversion,27.143600000000003
1126,2024,reg1,NG_PP,Conversion,25.909800000000004
1127,2025,reg1,NG_PP,Conversion,24.676000000000005
1128,2026,reg1,NG_PP,Conversion,23.442200000000007
1129,2027,reg1,NG_PP,Conversion,22.208400000000008
1130,2028,reg1,NG_PP,Conversion,20.97460000000001
1131,2029,reg1,NG_PP,Conversion,19.74080000000001
1132,2030,reg1,NG_PP,Conversion,18.507000000000012
1133,2031,reg1,NG_PP,Conversion,17.273200000000013
1134,2032,reg1,NG_PP,Conversion,16.039400000000015
1135,2033,reg1,NG_PP,Conversion,14.805600000000014
1136,2034,reg1,NG_PP,Conversion,14.216162449734759
1137,2035,reg1,NG_PP,Conversion,14.220240419266663
1138,2036,reg1,NG_PP,Conversion,16.080199141260888
1139,2037,reg1,NG_PP,Conversion,17.42713407205685
1140,2038,reg1,NG_PP,Conversion,19.161203837177972
1141,2039,reg1,NG_PP,Conversion,21.2685826487447
1142,2040,reg1,NG_PP,Conversion,21.71276765486811
1143,2041,reg1,NG_PP,Conversion,24.235413049332898
1144,2042,reg1,NG_PP,Conversion,25.62142914268417
1145,2043,reg1,NG_PP,Conversion,27.007372520040448
1146,2044,reg1,NG_PP,Conversion,28.393459723763904
1147,2045,reg1,NG_PP,Conversion,29.007564372794494
1148,2046,reg1,NG_PP,Conversion,29.007564372794484
1149,2047,reg1,NG_PP,Conversion,29.007564372794484
1150,2048,reg1,NG_PP,Conversion,29.007564372794484
1151,2049,reg1,NG_PP,Conversion,29.007564372794484
1152,2050,reg1,NG_PP,Conversion,29.007564372794484
1153,2051,reg1,NG_PP,Conversion,29.007564372794484
1154,2052,reg1,NG_PP,Conversion,29.007564372794484
1155,2053,reg1,NG_PP,Conversion,29.007564372794484
1156,2054,reg1,NG_PP,Conversion,29.007564372794484
1157,2055,reg1,NG_PP,Conversion,29.007564372794484
1158,2056,reg1,NG_PP,Conversion,29.007564372794484
1159,2057,reg1,NG_PP,Conversion,29.007564372794484
1160,2058,reg1,NG_PP,Conversion,29.007564372794484
1161,2059,reg1,NG_PP,Conversion,29.007564372794484
1162,2060,reg1,NG_PP,Conversion,29.007564372794484
1163,2061,reg1,NG_PP,Conversion,29.007564372794484
1164,2062,reg1,NG_PP,Conversion,29.007564372794484
1165,2063,reg1,NG_PP,Conversion,29.007564372794484
1166,2064,reg1,NG_PP,Conversion,29.10508076232655
1167,2065,reg1,NG_PP,Conversion,28.547427725775044
1168,2066,reg1,NG_PP,Conversion,28.914188174438152
1169,2067,reg1,NG_PP,Conversion,27.55653522867123
1170,2068,reg1,NG_PP,Conversion,27.556564219233074
1171,2069,reg1,NG_PP,Conversion,27.556592872090878
1172,2070,reg1,NG_PP,Conversion,27.50739870320921
1173,2020,reg1,NG_PP_CCS,Conversion,0.0
1174,2021,reg1,NG_PP_CCS,Conversion,0.0
1175,2022,reg1,NG_PP_CCS,Conversion,0.0
1176,2023,reg1,NG_PP_CCS,Conversion,0.0
1177,2024,reg1,NG_PP_CCS,Conversion,0.0
1178,2025,reg1,NG_PP_CCS,Conversion,0.0
1179,2026,reg1,NG_PP_CCS,Conversion,0.0
1180,2027,reg1,NG_PP_CCS,Conversion,0.0
1181,2028,reg1,NG_PP_CCS,Conversion,0.0
1182,2029,reg1,NG_PP_CCS,Conversion,0.0
1183,2030,reg1,NG_PP_CCS,Conversion,0.0
1184,2031,reg1,NG_PP_CCS,Conversion,0.0
1185,2032,reg1,NG_PP_CCS,Conversion,0.0
1186,2033,reg1,NG_PP_CCS,Conversion,0.0
1187,2034,reg1,NG_PP_CCS,Conversion,0.0
1188,2035,reg1,NG_PP_CCS,Conversion,0.0
1189,2036,reg1,NG_PP_CCS,Conversion,0.0
1190,2037,reg1,NG_PP_CCS,Conversion,0.0
1191,2038,reg1,NG_PP_CCS,Conversion,0.0
1192,2039,reg1,NG_PP_CCS,Conversion,0.0
1193,2040,reg1,NG_PP_CCS,Conversion,0.0
1194,2041,reg1,NG_PP_CCS,Conversion,0.0
1195,2042,reg1,NG_PP_CCS,Conversion,0.0
1196,2043,reg1,NG_PP_CCS,Conversion,0.0
1197,2044,reg1,NG_PP_CCS,Conversion,0.0
1198,2045,reg1,NG_PP_CCS,Conversion,0.0
1199,2046,reg1,NG_PP_CCS,Conversion,0.0
1200,2047,reg1,NG_PP_CCS,Conversion,0.0
1201,2048,reg1,NG_PP_CCS,Conversion,0.0
1202,2049,reg1,NG_PP_CCS,Conversion,0.0
1203,2050,reg1,NG_PP_CCS,Conversion,0.0
1204,2051,reg1,NG_PP_CCS,Conversion,0.0
1205,2052,reg1,NG_PP_CCS,Conversion,0.0
1206,2053,reg1,NG_PP_CCS,Conversion,0.0
1207,2054,reg1,NG_PP_CCS,Conversion,0.0
1208,2055,reg1,NG_PP_CCS,Conversion,0.0
1209,2056,reg1,NG_PP_CCS,Conversion,0.0
1210,2057,reg1,NG_PP_CCS,Conversion,0.0
1211,2058,reg1,NG_PP_CCS,Conversion,0.0
1212,2059,reg1,NG_PP_CCS,Conversion,0.0
1213,2060,reg1,NG_PP_CCS,Conversion,0.0
1214,2061,reg1,NG_PP_CCS,Conversion,0.0
1215,2062,reg1,NG_PP_CCS,Conversion,0.0
1216,2063,reg1,NG_PP_CCS,Conversion,0.0
1217,2064,reg1,NG_PP_CCS,Conversion,0.0
1218,2065,reg1,NG_PP_CCS,Conversion,0.0
1219,2066,reg1,NG_PP_CCS,Conversion,0.0
1220,2067,reg1,NG_PP_CCS,Conversion,0.0
1221,2068,reg1,NG_PP_CCS,Conversion,0.0
1222,2069,reg1,NG_PP_CCS,Conversion,0.0
1223,2070,reg1,NG_PP_CCS,Conversion,0.0
1224,2020,reg1,SoSCO2_lr,Conversion,0.0
1225,2021,reg1,SoSCO2_lr,Conversion,0.0
1226,2022,reg1,SoSCO2_lr,Conversion,0.0
1227,2023,reg1,SoSCO2_lr,Conversion,0.0
1228,2024,reg1,SoSCO2_lr,Conversion,0.0
1229,2025,reg1,SoSCO2_lr,Conversion,0.0
1230,2026,reg1,SoSCO2_lr,Conversion,0.0
1231,2027,reg1,SoSCO2_lr,Conversion,0.0
1232,2028,reg1,SoSCO2_lr,Conversion,0.0
1233,2029,reg1,SoSCO2_lr,Conversion,0.0
1234,2030,reg1,SoSCO2_lr,Conversion,0.0
1235,2031,reg1,SoSCO2_lr,Conversion,0.0
1236,2032,reg1,SoSCO2_lr,Conversion,0.0
1237,2033,reg1,SoSCO2_lr,Conversion,0.0
1238,2034,reg1,SoSCO2_lr,Conversion,0.0
1239,2035,reg1,SoSCO2_lr,Conversion,0.0
1240,2036,reg1,SoSCO2_lr,Conversion,0.0
1241,2037,reg1,SoSCO2_lr,Conversion,0.0
1242,2038,reg1,SoSCO2_lr,Conversion,0.0
1243,2039,reg1,SoSCO2_lr,Conversion,0.0
1244,2040,reg1,SoSCO2_lr,Conversion,0.0
1245,2041,reg1,SoSCO2_lr,Conversion,0.0
1246,2042,reg1,SoSCO2_lr,Conversion,0.0
1247,2043,reg1,SoSCO2_lr,Conversion,0.0
1248,2044,reg1,SoSCO2_lr,Conversion,0.0
1249,2045,reg1,SoSCO2_lr,Conversion,0.0
1250,2046,reg1,SoSCO2_lr,Conversion,0.0
1251,2047,reg1,SoSCO2_lr,Conversion,0.0
1252,2048,reg1,SoSCO2_lr,Conversion,0.0
1253,2049,reg1,SoSCO2_lr,Conversion,0.0
1254,2050,reg1,SoSCO2_lr,Conversion,0.0
1255,2051,reg1,SoSCO2_lr,Conversion,0.0
1256,2052,reg1,SoSCO2_lr,Conversion,0.0
1257,2053,reg1,SoSCO2_lr,Conversion,0.0
1258,2054,reg1,SoSCO2_lr,Conversion,0.0
1259,2055,reg1,SoSCO2_lr,Conversion,0.0
1260,2056,reg1,SoSCO2_lr,Conversion,0.0
1261,2057,reg1,SoSCO2_lr,Conversion,0.0
1262,2058,reg1,SoSCO2_lr,Conversion,0.0
1263,2059,reg1,SoSCO2_lr,Conversion,0.0
1264,2060,reg1,SoSCO2_lr,Conversion,0.0
1265,2061,reg1,SoSCO2_lr,Conversion,0.0
1266,2062,reg1,SoSCO2_lr,Conversion,0.0
1267,2063,reg1,SoSCO2_lr,Conversion,0.0
1268,2064,reg1,SoSCO2_lr,Conversion,0.0
1269,2065,reg1,SoSCO2_lr,Conversion,0.0
1270,2066,reg1,SoSCO2_lr,Conversion,0.0
1271,2067,reg1,SoSCO2_lr,Conversion,0.0
1272,2068,reg1,SoSCO2_lr,Conversion,0.0
1273,2069,reg1,SoSCO2_lr,Conversion,0.0
1274,2070,reg1,SoSCO2_lr,Conversion,0.0
1275,2020,reg1,SoSCO2_agg,Conversion,0.0
1276,2021,reg1,SoSCO2_agg,Conversion,0.0
1277,2022,reg1,SoSCO2_agg,Conversion,0.0
1278,2023,reg1,SoSCO2_agg,Conversion,0.0
1279,2024,reg1,SoSCO2_agg,Conversion,0.0
1280,2025,reg1,SoSCO2_agg,Conversion,0.0
1281,2026,reg1,SoSCO2_agg,Conversion,0.0
1282,2027,reg1,SoSCO2_agg,Conversion,0.0
1283,2028,reg1,SoSCO2_agg,Conversion,0.0
1284,2029,reg1,SoSCO2_agg,Conversion,0.0
1285,2030,reg1,SoSCO2_agg,Conversion,0.0
1286,2031,reg1,SoSCO2_agg,Conversion,0.0
1287,2032,reg1,SoSCO2_agg,Conversion,0.0
1288,2033,reg1,SoSCO2_agg,Conversion,0.0
1289,2034,reg1,SoSCO2_agg,Conversion,0.0
1290,2035,reg1,SoSCO2_agg,Conversion,0.0
1291,2036,reg1,SoSCO2_agg,Conversion,0.0
1292,2037,reg1,SoSCO2_agg,Conversion,0.0
1293,2038,reg1,SoSCO2_agg,Conversion,0.0
1294,2039,reg1,SoSCO2_agg,Conversion,0.0
1295,2040,reg1,SoSCO2_agg,Conversion,0.0
1296,2041,reg1,SoSCO2_agg,Conversion,0.0
1297,2042,reg1,SoSCO2_agg,Conversion,0.0
1298,2043,reg1,SoSCO2_agg,Conversion,0.0
1299,2044,reg1,SoSCO2_agg,Conversion,0.0
1300,2045,reg1,SoSCO2_agg,Conversion,0.0
1301,2046,reg1,SoSCO2_agg,Conversion,0.0
1302,2047,reg1,SoSCO2_agg,Conversion,0.0
1303,2048,reg1,SoSCO2_agg,Conversion,0.0
1304,2049,reg1,SoSCO2_agg,Conversion,0.0
1305,2050,reg1,SoSCO2_agg,Conversion,0.0
1306,2051,reg1,SoSCO2_agg,Conversion,0.0
1307,2052,reg1,SoSCO2_agg,Conversion,0.0
1308,2053,reg1,SoSCO2_agg,Conversion,0.0
1309,2054,reg1,SoSCO2_agg,Conversion,0.0
1310,2055,reg1,SoSCO2_agg,Conversion,0.0
1311,2056,reg1,SoSCO2_agg,Conversion,0.0
1312,2057,reg1,SoSCO2_agg,Conversion,0.0
1313,2058,reg1,SoSCO2_agg,Conversion,0.0
1314,2059,reg1,SoSCO2_agg,Conversion,0.0
1315,2060,reg1,SoSCO2_agg,Conversion,0.0
1316,2061,reg1,SoSCO2_agg,Conversion,0.0
1317,2062,reg1,SoSCO2_agg,Conversion,0.0
1318,2063,reg1,SoSCO2_agg,Conversion,0.0
1319,2064,reg1,SoSCO2_agg,Conversion,0.0
1320,2065,reg1,SoSCO2_agg,Conversion,0.0
1321,2066,reg1,SoSCO2_agg,Conversion,0.0
1322,2067,reg1,SoSCO2_agg,Conversion,0.0
1323,2068,reg1,SoSCO2_agg,Conversion,0.0
1324,2069,reg1,SoSCO2_agg,Conversion,0.0
1325,2070,reg1,SoSCO2_agg,Conversion,0.0
1326,2020,reg1,Allam_PP,Conversion,0.0
1327,2021,reg1,Allam_PP,Conversion,0.0
1328,2022,reg1,Allam_PP,Conversion,0.0
1329,2023,reg1,Allam_PP,Conversion,0.0
1330,2024,reg1,Allam_PP,Conversion,0.0
1331,2025,reg1,Allam_PP,Conversion,0.0
1332,2026,reg1,Allam_PP,Conversion,0.0
1333,2027,reg1,Allam_PP,Conversion,0.0
1334,2028,reg1,Allam_PP,Conversion,0.0
1335,2029,reg1,Allam_PP,Conversion,0.0
1336,2030,reg1,Allam_PP,Conversion,0.0
1337,2031,reg1,Allam_PP,Conversion,0.0
1338,2032,reg1,Allam_PP,Conversion,0.0
1339,2033,reg1,Allam_PP,Conversion,0.0
1340,2034,reg1,Allam_PP,Conversion,0.0
1341,2035,reg1,Allam_PP,Conversion,0.0
1342,2036,reg1,Allam_PP,Conversion,0.0
1343,2037,reg1,Allam_PP,Conversion,0.0
1344,2038,reg1,Allam_PP,Conversion,0.0
1345,2039,reg1,Allam_PP,Conversion,0.0
1346,2040,reg1,Allam_PP,Conversion,0.0
1347,2041,reg1,Allam_PP,Conversion,0.0
1348,2042,reg1,Allam_PP,Conversion,0.0
1349,2043,reg1,Allam_PP,Conversion,0.0
1350,2044,reg1,Allam_PP,Conversion,0.0
1351,2045,reg1,Allam_PP,Conversion,0.0
1352,2046,reg1,Allam_PP,Conversion,0.0
1353,2047,reg1,Allam_PP,Conversion,0.0
1354,2048,reg1,Allam_PP,Conversion,0.0
1355,2049,reg1,Allam_PP,Conversion,0.0
1356,2050,reg1,Allam_PP,Conversion,0.0
1357,2051,reg1,Allam_PP,Conversion,0.0
1358,2052,reg1,Allam_PP,Conversion,0.0
1359,2053,reg1,Allam_PP,Conversion,0.0
1360,2054,reg1,Allam_PP,Conversion,0.0
1361,2055,reg1,Allam_PP,Conversion,0.0
1362,2056,reg1,Allam_PP,Conversion,0.0
1363,2057,reg1,Allam_PP,Conversion,0.0
1364,2058,reg1,Allam_PP,Conversion,0.0
1365,2059,reg1,Allam_PP,Conversion,0.0
1366,2060,reg1,Allam_PP,Conversion,0.0
1367,2061,reg1,Allam_PP,Conversion,0.0
1368,2062,reg1,Allam_PP,Conversion,0.0
1369,2063,reg1,Allam_PP,Conversion,0.0
1370,2064,reg1,Allam_PP,Conversion,0.0
1371,2065,reg1,Allam_PP,Conversion,0.0
1372,2066,reg1,Allam_PP,Conversion,0.0
1373,2067,reg1,Allam_PP,Conversion,0.0
1374,2068,reg1,Allam_PP,Conversion,0.0
1375,2069,reg1,Allam_PP,Conversion,0.0
1376,2070,reg1,Allam_PP,Conversion,0.0
1377,2020,reg1,Bio_refinery,Conversion_plus,10000000000.0
1378,2021,reg1,Bio_refinery,Conversion_plus,0.43358655026485887
1379,2022,reg1,Bio_refinery,Conversion_plus,0.5888040101582028
1380,2023,reg1,Bio_refinery,Conversion_plus,0.7596575387503178
1381,2024,reg1,Bio_refinery,Conversion_plus,0.9461470921430046
1382,2025,reg1,Bio_refinery,Conversion_plus,1.148272719396487
1383,2026,reg1,Bio_refinery,Conversion_plus,1.5211388974483637
1384,2027,reg1,Bio_refinery,Conversion_plus,1.9440380906406298
1385,2028,reg1,Bio_refinery,Conversion_plus,2.416429368825722
1386,2029,reg1,Bio_refinery,Conversion_plus,2.9377352219633552
1387,2030,reg1,Bio_refinery,Conversion_plus,3.507338332402542
1388,2031,reg1,Bio_refinery,Conversion_plus,3.738032542945601
1389,2032,reg1,Bio_refinery,Conversion_plus,3.9618930149750384
1390,2033,reg1,Bio_refinery,Conversion_plus,4.178919748490868
1391,2034,reg1,Bio_refinery,Conversion_plus,4.38911274349309
1392,2035,reg1,Bio_refinery,Conversion_plus,4.592471999981692
1393,2036,reg1,Bio_refinery,Conversion_plus,5.5392180136249625
1394,2037,reg1,Bio_refinery,Conversion_plus,6.485963984526858
1395,2038,reg1,Bio_refinery,Conversion_plus,7.432709975906506
1396,2039,reg1,Bio_refinery,Conversion_plus,8.379455973532647
1397,2040,reg1,Bio_refinery,Conversion_plus,9.326201997012621
1398,2041,reg1,Bio_refinery,Conversion_plus,10.317985067378421
1399,2042,reg1,Bio_refinery,Conversion_plus,11.309768194176502
1400,2043,reg1,Bio_refinery,Conversion_plus,12.301551285397705
1401,2044,reg1,Bio_refinery,Conversion_plus,13.293334370941746
1402,2045,reg1,Bio_refinery,Conversion_plus,14.285117476973793
1403,2046,reg1,Bio_refinery,Conversion_plus,14.285117476973793
1404,2047,reg1,Bio_refinery,Conversion_plus,14.285117476973793
1405,2048,reg1,Bio_refinery,Conversion_plus,14.285117476973793
1406,2049,reg1,Bio_refinery,Conversion_plus,14.285117476973793
1407,2050,reg1,Bio_refinery,Conversion_plus,14.285117476973793
1408,2051,reg1,Bio_refinery,Conversion_plus,14.285117476973793
1409,2052,reg1,Bio_refinery,Conversion_plus,14.285117476973793
1410,2053,reg1,Bio_refinery,Conversion_plus,14.285117476973793
1411,2054,reg1,Bio_refinery,Conversion_plus,14.285117476973793
1412,2055,reg1,Bio_refinery,Conversion_plus,14.285117476973793
1413,2056,reg1,Bio_refinery,Conversion_plus,13.851530926708936
1414,2057,reg1,Bio_refinery,Conversion_plus,13.74114151437443
1415,2058,reg1,Bio_refinery,Conversion_plus,13.74114151437443
1416,2059,reg1,Bio_refinery,Conversion_plus,13.741141514374426
1417,2060,reg1,Bio_refinery,Conversion_plus,13.74114151437443
1418,2061,reg1,Bio_refinery,Conversion_plus,13.741141514374428
1419,2062,reg1,Bio_refinery,Conversion_plus,13.74114151437443
1420,2063,reg1,Bio_refinery,Conversion_plus,13.74114151437443
1421,2064,reg1,Bio_refinery,Conversion_plus,13.74114151437443
1422,2065,reg1,Bio_refinery,Conversion_plus,13.741141514374428
1423,2066,reg1,Bio_refinery,Conversion_plus,13.74114151437443
1424,2067,reg1,Bio_refinery,Conversion_plus,13.74114151437443
1425,2068,reg1,Bio_refinery,Conversion_plus,13.74114151437443
1426,2069,reg1,Bio_refinery,Conversion_plus,13.74114151437443
1427,2070,reg1,Bio_refinery,Conversion_plus,13.74114151437443
1428,2020,reg1,Oil_refinery,Conversion_plus,114.51839155251142
1429,2021,reg1,Oil_refinery,Conversion_plus,109.93765589041097
1430,2022,reg1,Oil_refinery,Conversion_plus,105.35692022831051
1431,2023,reg1,Oil_refinery,Conversion_plus,100.77618456621006
1432,2024,reg1,Oil_refinery,Conversion_plus,96.19544890410961
1433,2025,reg1,Oil_refinery,Conversion_plus,91.61471324200916
1434,2026,reg1,Oil_refinery,Conversion_plus,87.03397757990871
1435,2027,reg1,Oil_refinery,Conversion_plus,82.45324191780826
1436,2028,reg1,Oil_refinery,Conversion_plus,77.8725062557078
1437,2029,reg1,Oil_refinery,Conversion_plus,73.29177059360735
1438,2030,reg1,Oil_refinery,Conversion_plus,68.7110349315069
1439,2031,reg1,Oil_refinery,Conversion_plus,64.13029926940645
1440,2032,reg1,Oil_refinery,Conversion_plus,59.54956360730599
1441,2033,reg1,Oil_refinery,Conversion_plus,54.96882794520553
1442,2034,reg1,Oil_refinery,Conversion_plus,50.388092283105074
1443,2035,reg1,Oil_refinery,Conversion_plus,45.807356621004615
1444,2036,reg1,Oil_refinery,Conversion_plus,41.22662095890416
1445,2037,reg1,Oil_refinery,Conversion_plus,36.6458852968037
1446,2038,reg1,Oil_refinery,Conversion_plus,32.06514963470324
1447,2039,reg1,Oil_refinery,Conversion_plus,30.0290342941009
1448,2040,reg1,Oil_refinery,Conversion_plus,28.974946290040506
1449,2041,reg1,Oil_refinery,Conversion_plus,27.937895867018
1450,2042,reg1,Oil_refinery,Conversion_plus,26.900845436819495
1451,2043,reg1,Oil_refinery,Conversion_plus,25.863795007077037
1452,2044,reg1,Oil_refinery,Conversion_plus,24.826744576154013
1453,2045,reg1,Oil_refinery,Conversion_plus,23.78969415255834
1454,2046,reg1,Oil_refinery,Conversion_plus,23.789694152558305
1455,2047,reg1,Oil_refinery,Conversion_plus,23.789694152558305
1456,2048,reg1,Oil_refinery,Conversion_plus,23.789694152558305
1457,2049,reg1,Oil_refinery,Conversion_plus,23.789694152558305
1458,2050,reg1,Oil_refinery,Conversion_plus,23.789694152558305
1459,2051,reg1,Oil_refinery,Conversion_plus,23.789694152558305
1460,2052,reg1,Oil_refinery,Conversion_plus,23.789694152558305
1461,2053,reg1,Oil_refinery,Conversion_plus,23.789694152558305
1462,2054,reg1,Oil_refinery,Conversion_plus,23.789694152558305
1463,2055,reg1,Oil_refinery,Conversion_plus,23.789694152558305
1464,2056,reg1,Oil_refinery,Conversion_plus,23.789694152558305
1465,2057,reg1,Oil_refinery,Conversion_plus,23.789694152558305
1466,2058,reg1,Oil_refinery,Conversion_plus,23.789694152558305
1467,2059,reg1,Oil_refinery,Conversion_plus,23.789694152558305
1468,2060,reg1,Oil_refinery,Conversion_plus,23.789694152558305
1469,2061,reg1,Oil_refinery,Conversion_plus,23.789694152558305
1470,2062,reg1,Oil_refinery,Conversion_plus,23.789694152558305
1471,2063,reg1,Oil_refinery,Conversion_plus,23.789694152558305
1472,2064,reg1,Oil_refinery,Conversion_plus,23.789694152558305
1473,2065,reg1,Oil_refinery,Conversion_plus,23.789694152558305
1474,2066,reg1,Oil_refinery,Conversion_plus,23.789694152558305
1475,2067,reg1,Oil_refinery,Conversion_plus,23.789694152558305
1476,2068,reg1,Oil_refinery,Conversion_plus,23.789694152558305
1477,2069,reg1,Oil_refinery,Conversion_plus,23.789694152558305
1478,2070,reg1,Oil_refinery,Conversion_plus,23.789694152558305
1479,2020,reg1,Biofuels_mix,Conversion_plus,10000000000.0
1480,2021,reg1,Biofuels_mix,Conversion_plus,10000000000.0
1481,2022,reg1,Biofuels_mix,Conversion_plus,10000000000.0
1482,2023,reg1,Biofuels_mix,Conversion_plus,10000000000.0
1483,2024,reg1,Biofuels_mix,Conversion_plus,10000000000.0
1484,2025,reg1,Biofuels_mix,Conversion_plus,10000000000.0
1485,2026,reg1,Biofuels_mix,Conversion_plus,10000000000.0
1486,2027,reg1,Biofuels_mix,Conversion_plus,10000000000.0
1487,2028,reg1,Biofuels_mix,Conversion_plus,10000000000.0
1488,2029,reg1,Biofuels_mix,Conversion_plus,10000000000.0
1489,2030,reg1,Biofuels_mix,Conversion_plus,10000000000.0
1490,2031,reg1,Biofuels_mix,Conversion_plus,10000000000.0
1491,2032,reg1,Biofuels_mix,Conversion_plus,10000000000.0
1492,2033,reg1,Biofuels_mix,Conversion_plus,10000000000.0
1493,2034,reg1,Biofuels_mix,Conversion_plus,10000000000.0
1494,2035,reg1,Biofuels_mix,Conversion_plus,10000000000.0
1495,2036,reg1,Biofuels_mix,Conversion_plus,10000000000.0
1496,2037,reg1,Biofuels_mix,Conversion_plus,10000000000.0
1497,2038,reg1,Biofuels_mix,Conversion_plus,10000000000.0
1498,2039,reg1,Biofuels_mix,Conversion_plus,10000000000.0
1499,2040,reg1,Biofuels_mix,Conversion_plus,10000000000.0
1500,2041,reg1,Biofuels_mix,Conversion_plus,10000000000.0
1501,2042,reg1,Biofuels_mix,Conversion_plus,10000000000.0
1502,2043,reg1,Biofuels_mix,Conversion_plus,10000000000.0
1503,2044,reg1,Biofuels_mix,Conversion_plus,10000000000.0
1504,2045,reg1,Biofuels_mix,Conversion_plus,10000000000.0
1505,2046,reg1,Biofuels_mix,Conversion_plus,10000000000.0
1506,2047,reg1,Biofuels_mix,Conversion_plus,10000000000.0
1507,2048,reg1,Biofuels_mix,Conversion_plus,10000000000.0
1508,2049,reg1,Biofuels_mix,Conversion_plus,10000000000.0
1509,2050,reg1,Biofuels_mix,Conversion_plus,10000000000.0
1510,2051,reg1,Biofuels_mix,Conversion_plus,10000000000.0
1511,2052,reg1,Biofuels_mix,Conversion_plus,10000000000.0
1512,2053,reg1,Biofuels_mix,Conversion_plus,10000000000.0
1513,2054,reg1,Biofuels_mix,Conversion_plus,10000000000.0
1514,2055,reg1,Biofuels_mix,Conversion_plus,10000000000.0
1515,2056,reg1,Biofuels_mix,Conversion_plus,10000000000.0
1516,2057,reg1,Biofuels_mix,Conversion_plus,10000000000.0
1517,2058,reg1,Biofuels_mix,Conversion_plus,10000000000.0
1518,2059,reg1,Biofuels_mix,Conversion_plus,10000000000.0
1519,2060,reg1,Biofuels_mix,Conversion_plus,10000000000.0
1520,2061,reg1,Biofuels_mix,Conversion_plus,10000000000.0
1521,2062,reg1,Biofuels_mix,Conversion_plus,10000000000.0
1522,2063,reg1,Biofuels_mix,Conversion_plus,10000000000.0
1523,2064,reg1,Biofuels_mix,Conversion_plus,10000000000.0
1524,2065,reg1,Biofuels_mix,Conversion_plus,10000000000.0
1525,2066,reg1,Biofuels_mix,Conversion_plus,10000000000.0
1526,2067,reg1,Biofuels_mix,Conversion_plus,10000000000.0
1527,2068,reg1,Biofuels_mix,Conversion_plus,10000000000.0
1528,2069,reg1,Biofuels_mix,Conversion_plus,10000000000.0
1529,2070,reg1,Biofuels_mix,Conversion_plus,10000000000.0
1530,2020,reg1,NG_CHP_P,Conversion_plus,13.442
1531,2021,reg1,NG_CHP_P,Conversion_plus,12.7699
1532,2022,reg1,NG_CHP_P,Conversion_plus,12.0978
1533,2023,reg1,NG_CHP_P,Conversion_plus,11.4257
1534,2024,reg1,NG_CHP_P,Conversion_plus,10.7536
1535,2025,reg1,NG_CHP_P,Conversion_plus,10.0815
1536,2026,reg1,NG_CHP_P,Conversion_plus,9.4094
1537,2027,reg1,NG_CHP_P,Conversion_plus,8.7373
1538,2028,reg1,NG_CHP_P,Conversion_plus,8.0652
1539,2029,reg1,NG_CHP_P,Conversion_plus,7.3931
1540,2030,reg1,NG_CHP_P,Conversion_plus,6.721
1541,2031,reg1,NG_CHP_P,Conversion_plus,6.0489
1542,2032,reg1,NG_CHP_P,Conversion_plus,5.3768
1543,2033,reg1,NG_CHP_P,Conversion_plus,4.7047
1544,2034,reg1,NG_CHP_P,Conversion_plus,4.0326
1545,2035,reg1,NG_CHP_P,Conversion_plus,3.3605
1546,2036,reg1,NG_CHP_P,Conversion_plus,2.6884
1547,2037,reg1,NG_CHP_P,Conversion_plus,2.0163
1548,2038,reg1,NG_CHP_P,Conversion_plus,1.3442
1549,2039,reg1,NG_CHP_P,Conversion_plus,0.6721
1550,2040,reg1,NG_CHP_P,Conversion_plus,-4.66294e-15
1551,2041,reg1,NG_CHP_P,Conversion_plus,0.0
1552,2042,reg1,NG_CHP_P,Conversion_plus,0.0
1553,2043,reg1,NG_CHP_P,Conversion_plus,0.0
1554,2044,reg1,NG_CHP_P,Conversion_plus,0.0
1555,2045,reg1,NG_CHP_P,Conversion_plus,0.0
1556,2046,reg1,NG_CHP_P,Conversion_plus,0.0
1557,2047,reg1,NG_CHP_P,Conversion_plus,0.0
1558,2048,reg1,NG_CHP_P,Conversion_plus,0.0
1559,2049,reg1,NG_CHP_P,Conversion_plus,0.0
1560,2050,reg1,NG_CHP_P,Conversion_plus,0.0
1561,2051,reg1,NG_CHP_P,Conversion_plus,0.0
1562,2052,reg1,NG_CHP_P,Conversion_plus,0.0
1563,2053,reg1,NG_CHP_P,Conversion_plus,0.0
1564,2054,reg1,NG_CHP_P,Conversion_plus,0.0
1565,2055,reg1,NG_CHP_P,Conversion_plus,0.0
1566,2056,reg1,NG_CHP_P,Conversion_plus,0.0
1567,2057,reg1,NG_CHP_P,Conversion_plus,0.0
1568,2058,reg1,NG_CHP_P,Conversion_plus,0.0
1569,2059,reg1,NG_CHP_P,Conversion_plus,0.0
1570,2060,reg1,NG_CHP_P,Conversion_plus,0.0
1571,2061,reg1,NG_CHP_P,Conversion_plus,0.0
1572,2062,reg1,NG_CHP_P,Conversion_plus,0.0
1573,2063,reg1,NG_CHP_P,Conversion_plus,0.0
1574,2064,reg1,NG_CHP_P,Conversion_plus,0.0
1575,2065,reg1,NG_CHP_P,Conversion_plus,0.0
1576,2066,reg1,NG_CHP_P,Conversion_plus,0.0
1577,2067,reg1,NG_CHP_P,Conversion_plus,0.0
1578,2068,reg1,NG_CHP_P,Conversion_plus,0.0
1579,2069,reg1,NG_CHP_P,Conversion_plus,0.0
1580,2070,reg1,NG_CHP_P,Conversion_plus,0.02342733913312021
1581,2020,reg1,BW_CHP_P,Conversion_plus,3.6178
1582,2021,reg1,BW_CHP_P,Conversion_plus,3.60824
1583,2022,reg1,BW_CHP_P,Conversion_plus,3.59868
1584,2023,reg1,BW_CHP_P,Conversion_plus,3.58912
1585,2024,reg1,BW_CHP_P,Conversion_plus,3.57956
1586,2025,reg1,BW_CHP_P,Conversion_plus,3.57
1587,2026,reg1,BW_CHP_P,Conversion_plus,3.6079999999999997
1588,2027,reg1,BW_CHP_P,Conversion_plus,3.6459999999999995
1589,2028,reg1,BW_CHP_P,Conversion_plus,3.6839999999999993
1590,2029,reg1,BW_CHP_P,Conversion_plus,3.721999999999999
1591,2030,reg1,BW_CHP_P,Conversion_plus,3.76
1592,2031,reg1,BW_CHP_P,Conversion_plus,3.76
1593,2032,reg1,BW_CHP_P,Conversion_plus,3.76
1594,2033,reg1,BW_CHP_P,Conversion_plus,3.76
1595,2034,reg1,BW_CHP_P,Conversion_plus,3.76
1596,2035,reg1,BW_CHP_P,Conversion_plus,3.76
1597,2036,reg1,BW_CHP_P,Conversion_plus,3.76
1598,2037,reg1,BW_CHP_P,Conversion_plus,3.76
1599,2038,reg1,BW_CHP_P,Conversion_plus,3.76
1600,2039,reg1,BW_CHP_P,Conversion_plus,3.76
1601,2040,reg1,BW_CHP_P,Conversion_plus,3.7600000000000002
1602,2041,reg1,BW_CHP_P,Conversion_plus,3.7600000000000016
1603,2042,reg1,BW_CHP_P,Conversion_plus,3.7600000000000016
1604,2043,reg1,BW_CHP_P,Conversion_plus,3.7600000000000016
1605,2044,reg1,BW_CHP_P,Conversion_plus,3.7600000000000016
1606,2045,reg1,BW_CHP_P,Conversion_plus,3.7600000000000016
1607,2046,reg1,BW_CHP_P,Conversion_plus,3.76
1608,2047,reg1,BW_CHP_P,Conversion_plus,3.76
1609,2048,reg1,BW_CHP_P,Conversion_plus,3.7599999999999993
1610,2049,reg1,BW_CHP_P,Conversion_plus,3.7599999999999993
1611,2050,reg1,BW_CHP_P,Conversion_plus,3.76
1612,2051,reg1,BW_CHP_P,Conversion_plus,3.76
1613,2052,reg1,BW_CHP_P,Conversion_plus,3.7599999999999993
1614,2053,reg1,BW_CHP_P,Conversion_plus,3.7599999999999993
1615,2054,reg1,BW_CHP_P,Conversion_plus,3.76
1616,2055,reg1,BW_CHP_P,Conversion_plus,3.76
1617,2056,reg1,BW_CHP_P,Conversion_plus,3.76
1618,2057,reg1,BW_CHP_P,Conversion_plus,3.76
1619,2058,reg1,BW_CHP_P,Conversion_plus,3.7599999999999993
1620,2059,reg1,BW_CHP_P,Conversion_plus,3.76
1621,2060,reg1,BW_CHP_P,Conversion_plus,3.7599999999999993
1622,2061,reg1,BW_CHP_P,Conversion_plus,3.7599999999999993
1623,2062,reg1,BW_CHP_P,Conversion_plus,3.7599999999999993
1624,2063,reg1,BW_CHP_P,Conversion_plus,3.76
1625,2064,reg1,BW_CHP_P,Conversion_plus,3.7599999999999993
1626,2065,reg1,BW_CHP_P,Conversion_plus,3.76
1627,2066,reg1,BW_CHP_P,Conversion_plus,3.76
1628,2067,reg1,BW_CHP_P,Conversion_plus,3.76
1629,2068,reg1,BW_CHP_P,Conversion_plus,3.76
1630,2069,reg1,BW_CHP_P,Conversion_plus,3.76
1631,2070,reg1,BW_CHP_P,Conversion_plus,3.76
1632,2020,reg1,Export_mix,Conversion_plus,10000000000.0
1633,2021,reg1,Export_mix,Conversion_plus,10000000000.0
1634,2022,reg1,Export_mix,Conversion_plus,10000000000.0
1635,2023,reg1,Export_mix,Conversion_plus,10000000000.0
1636,2024,reg1,Export_mix,Conversion_plus,10000000000.0
1637,2025,reg1,Export_mix,Conversion_plus,10000000000.0
1638,2026,reg1,Export_mix,Conversion_plus,10000000000.0
1639,2027,reg1,Export_mix,Conversion_plus,10000000000.0
1640,2028,reg1,Export_mix,Conversion_plus,10000000000.0
1641,2029,reg1,Export_mix,Conversion_plus,10000000000.0
1642,2030,reg1,Export_mix,Conversion_plus,10000000000.0
1643,2031,reg1,Export_mix,Conversion_plus,10000000000.0
1644,2032,reg1,Export_mix,Conversion_plus,10000000000.0
1645,2033,reg1,Export_mix,Conversion_plus,10000000000.0
1646,2034,reg1,Export_mix,Conversion_plus,10000000000.0
1647,2035,reg1,Export_mix,Conversion_plus,10000000000.0
1648,2036,reg1,Export_mix,Conversion_plus,10000000000.0
1649,2037,reg1,Export_mix,Conversion_plus,10000000000.0
1650,2038,reg1,Export_mix,Conversion_plus,10000000000.0
1651,2039,reg1,Export_mix,Conversion_plus,10000000000.0
1652,2040,reg1,Export_mix,Conversion_plus,10000000000.0
1653,2041,reg1,Export_mix,Conversion_plus,10000000000.0
1654,2042,reg1,Export_mix,Conversion_plus,10000000000.0
1655,2043,reg1,Export_mix,Conversion_plus,10000000000.0
1656,2044,reg1,Export_mix,Conversion_plus,10000000000.0
1657,2045,reg1,Export_mix,Conversion_plus,10000000000.0
1658,2046,reg1,Export_mix,Conversion_plus,10000000000.0
1659,2047,reg1,Export_mix,Conversion_plus,10000000000.0
1660,2048,reg1,Export_mix,Conversion_plus,10000000000.0
1661,2049,reg1,Export_mix,Conversion_plus,10000000000.0
1662,2050,reg1,Export_mix,Conversion_plus,10000000000.0
1663,2051,reg1,Export_mix,Conversion_plus,10000000000.0
1664,2052,reg1,Export_mix,Conversion_plus,10000000000.0
1665,2053,reg1,Export_mix,Conversion_plus,10000000000.0
1666,2054,reg1,Export_mix,Conversion_plus,10000000000.0
1667,2055,reg1,Export_mix,Conversion_plus,10000000000.0
1668,2056,reg1,Export_mix,Conversion_plus,10000000000.0
1669,2057,reg1,Export_mix,Conversion_plus,10000000000.0
1670,2058,reg1,Export_mix,Conversion_plus,10000000000.0
1671,2059,reg1,Export_mix,Conversion_plus,10000000000.0
1672,2060,reg1,Export_mix,Conversion_plus,10000000000.0
1673,2061,reg1,Export_mix,Conversion_plus,10000000000.0
1674,2062,reg1,Export_mix,Conversion_plus,10000000000.0
1675,2063,reg1,Export_mix,Conversion_plus,10000000000.0
1676,2064,reg1,Export_mix,Conversion_plus,10000000000.0
1677,2065,reg1,Export_mix,Conversion_plus,10000000000.0
1678,2066,reg1,Export_mix,Conversion_plus,10000000000.0
1679,2067,reg1,Export_mix,Conversion_plus,10000000000.0
1680,2068,reg1,Export_mix,Conversion_plus,10000000000.0
1681,2069,reg1,Export_mix,Conversion_plus,10000000000.0
1682,2070,reg1,Export_mix,Conversion_plus,10000000000.0
1683,2020,reg1,Primary_mix,Conversion_plus,10000000000.0
1684,2021,reg1,Primary_mix,Conversion_plus,10000000000.0
1685,2022,reg1,Primary_mix,Conversion_plus,10000000000.0
1686,2023,reg1,Primary_mix,Conversion_plus,10000000000.0
1687,2024,reg1,Primary_mix,Conversion_plus,10000000000.0
1688,2025,reg1,Primary_mix,Conversion_plus,10000000000.0
1689,2026,reg1,Primary_mix,Conversion_plus,10000000000.0
1690,2027,reg1,Primary_mix,Conversion_plus,10000000000.0
1691,2028,reg1,Primary_mix,Conversion_plus,10000000000.0
1692,2029,reg1,Primary_mix,Conversion_plus,10000000000.0
1693,2030,reg1,Primary_mix,Conversion_plus,10000000000.0
1694,2031,reg1,Primary_mix,Conversion_plus,10000000000.0
1695,2032,reg1,Primary_mix,Conversion_plus,10000000000.0
1696,2033,reg1,Primary_mix,Conversion_plus,10000000000.0
1697,2034,reg1,Primary_mix,Conversion_plus,10000000000.0
1698,2035,reg1,Primary_mix,Conversion_plus,10000000000.0
1699,2036,reg1,Primary_mix,Conversion_plus,10000000000.0
1700,2037,reg1,Primary_mix,Conversion_plus,10000000000.0
1701,2038,reg1,Primary_mix,Conversion_plus,10000000000.0
1702,2039,reg1,Primary_mix,Conversion_plus,10000000000.0
1703,2040,reg1,Primary_mix,Conversion_plus,10000000000.0
1704,2041,reg1,Primary_mix,Conversion_plus,10000000000.0
1705,2042,reg1,Primary_mix,Conversion_plus,10000000000.0
1706,2043,reg1,Primary_mix,Conversion_plus,10000000000.0
1707,2044,reg1,Primary_mix,Conversion_plus,10000000000.0
1708,2045,reg1,Primary_mix,Conversion_plus,10000000000.0
1709,2046,reg1,Primary_mix,Conversion_plus,10000000000.0
1710,2047,reg1,Primary_mix,Conversion_plus,10000000000.0
1711,2048,reg1,Primary_mix,Conversion_plus,10000000000.0
1712,2049,reg1,Primary_mix,Conversion_plus,10000000000.0
1713,2050,reg1,Primary_mix,Conversion_plus,10000000000.0
1714,2051,reg1,Primary_mix,Conversion_plus,10000000000.0
1715,2052,reg1,Primary_mix,Conversion_plus,10000000000.0
1716,2053,reg1,Primary_mix,Conversion_plus,10000000000.0
1717,2054,reg1,Primary_mix,Conversion_plus,10000000000.0
1718,2055,reg1,Primary_mix,Conversion_plus,10000000000.0
1719,2056,reg1,Primary_mix,Conversion_plus,10000000000.0
1720,2057,reg1,Primary_mix,Conversion_plus,10000000000.0
1721,2058,reg1,Primary_mix,Conversion_plus,10000000000.0
1722,2059,reg1,Primary_mix,Conversion_plus,10000000000.0
1723,2060,reg1,Primary_mix,Conversion_plus,10000000000.0
1724,2061,reg1,Primary_mix,Conversion_plus,10000000000.0
1725,2062,reg1,Primary_mix,Conversion_plus,10000000000.0
1726,2063,reg1,Primary_mix,Conversion_plus,10000000000.0
1727,2064,reg1,Primary_mix,Conversion_plus,10000000000.0
1728,2065,reg1,Primary_mix,Conversion_plus,10000000000.0
1729,2066,reg1,Primary_mix,Conversion_plus,10000000000.0
1730,2067,reg1,Primary_mix,Conversion_plus,10000000000.0
1731,2068,reg1,Primary_mix,Conversion_plus,10000000000.0
1732,2069,reg1,Primary_mix,Conversion_plus,10000000000.0
1733,2070,reg1,Primary_mix,Conversion_plus,10000000000.0
1734,2020,reg1,Transport_mix,Conversion_plus,10000000000.0
1735,2021,reg1,Transport_mix,Conversion_plus,10000000000.0
1736,2022,reg1,Transport_mix,Conversion_plus,10000000000.0
1737,2023,reg1,Transport_mix,Conversion_plus,10000000000.0
1738,2024,reg1,Transport_mix,Conversion_plus,10000000000.0
1739,2025,reg1,Transport_mix,Conversion_plus,10000000000.0
1740,2026,reg1,Transport_mix,Conversion_plus,10000000000.0
1741,2027,reg1,Transport_mix,Conversion_plus,10000000000.0
1742,2028,reg1,Transport_mix,Conversion_plus,10000000000.0
1743,2029,reg1,Transport_mix,Conversion_plus,10000000000.0
1744,2030,reg1,Transport_mix,Conversion_plus,10000000000.0
1745,2031,reg1,Transport_mix,Conversion_plus,10000000000.0
1746,2032,reg1,Transport_mix,Conversion_plus,10000000000.0
1747,2033,reg1,Transport_mix,Conversion_plus,10000000000.0
1748,2034,reg1,Transport_mix,Conversion_plus,10000000000.0
1749,2035,reg1,Transport_mix,Conversion_plus,10000000000.0
1750,2036,reg1,Transport_mix,Conversion_plus,10000000000.0
1751,2037,reg1,Transport_mix,Conversion_plus,10000000000.0
1752,2038,reg1,Transport_mix,Conversion_plus,10000000000.0
1753,2039,reg1,Transport_mix,Conversion_plus,10000000000.0
1754,2040,reg1,Transport_mix,Conversion_plus,10000000000.0
1755,2041,reg1,Transport_mix,Conversion_plus,10000000000.0
1756,2042,reg1,Transport_mix,Conversion_plus,10000000000.0
1757,2043,reg1,Transport_mix,Conversion_plus,10000000000.0
1758,2044,reg1,Transport_mix,Conversion_plus,10000000000.0
1759,2045,reg1,Transport_mix,Conversion_plus,10000000000.0
1760,2046,reg1,Transport_mix,Conversion_plus,10000000000.0
1761,2047,reg1,Transport_mix,Conversion_plus,10000000000.0
1762,2048,reg1,Transport_mix,Conversion_plus,10000000000.0
1763,2049,reg1,Transport_mix,Conversion_plus,10000000000.0
1764,2050,reg1,Transport_mix,Conversion_plus,10000000000.0
1765,2051,reg1,Transport_mix,Conversion_plus,10000000000.0
1766,2052,reg1,Transport_mix,Conversion_plus,10000000000.0
1767,2053,reg1,Transport_mix,Conversion_plus,10000000000.0
1768,2054,reg1,Transport_mix,Conversion_plus,10000000000.0
1769,2055,reg1,Transport_mix,Conversion_plus,10000000000.0
1770,2056,reg1,Transport_mix,Conversion_plus,10000000000.0
1771,2057,reg1,Transport_mix,Conversion_plus,10000000000.0
1772,2058,reg1,Transport_mix,Conversion_plus,10000000000.0
1773,2059,reg1,Transport_mix,Conversion_plus,10000000000.0
1774,2060,reg1,Transport_mix,Conversion_plus,10000000000.0
1775,2061,reg1,Transport_mix,Conversion_plus,10000000000.0
1776,2062,reg1,Transport_mix,Conversion_plus,10000000000.0
1777,2063,reg1,Transport_mix,Conversion_plus,10000000000.0
1778,2064,reg1,Transport_mix,Conversion_plus,10000000000.0
1779,2065,reg1,Transport_mix,Conversion_plus,10000000000.0
1780,2066,reg1,Transport_mix,Conversion_plus,10000000000.0
1781,2067,reg1,Transport_mix,Conversion_plus,10000000000.0
1782,2068,reg1,Transport_mix,Conversion_plus,10000000000.0
1783,2069,reg1,Transport_mix,Conversion_plus,10000000000.0
1784,2070,reg1,Transport_mix,Conversion_plus,10000000000.0
1785,2020,reg1,Industrial_mix,Conversion_plus,10000000000.0
1786,2021,reg1,Industrial_mix,Conversion_plus,10000000000.0
1787,2022,reg1,Industrial_mix,Conversion_plus,10000000000.0
1788,2023,reg1,Industrial_mix,Conversion_plus,10000000000.0
1789,2024,reg1,Industrial_mix,Conversion_plus,10000000000.0
1790,2025,reg1,Industrial_mix,Conversion_plus,10000000000.0
1791,2026,reg1,Industrial_mix,Conversion_plus,10000000000.0
1792,2027,reg1,Industrial_mix,Conversion_plus,10000000000.0
1793,2028,reg1,Industrial_mix,Conversion_plus,10000000000.0
1794,2029,reg1,Industrial_mix,Conversion_plus,10000000000.0
1795,2030,reg1,Industrial_mix,Conversion_plus,10000000000.0
1796,2031,reg1,Industrial_mix,Conversion_plus,10000000000.0
1797,2032,reg1,Industrial_mix,Conversion_plus,10000000000.0
1798,2033,reg1,Industrial_mix,Conversion_plus,10000000000.0
1799,2034,reg1,Industrial_mix,Conversion_plus,10000000000.0
1800,2035,reg1,Industrial_mix,Conversion_plus,10000000000.0
1801,2036,reg1,Industrial_mix,Conversion_plus,10000000000.0
1802,2037,reg1,Industrial_mix,Conversion_plus,10000000000.0
1803,2038,reg1,Industrial_mix,Conversion_plus,10000000000.0
1804,2039,reg1,Industrial_mix,Conversion_plus,10000000000.0
1805,2040,reg1,Industrial_mix,Conversion_plus,10000000000.0
1806,2041,reg1,Industrial_mix,Conversion_plus,10000000000.0
1807,2042,reg1,Industrial_mix,Conversion_plus,10000000000.0
1808,2043,reg1,Industrial_mix,Conversion_plus,10000000000.0
1809,2044,reg1,Industrial_mix,Conversion_plus,10000000000.0
1810,2045,reg1,Industrial_mix,Conversion_plus,10000000000.0
1811,2046,reg1,Industrial_mix,Conversion_plus,10000000000.0
1812,2047,reg1,Industrial_mix,Conversion_plus,10000000000.0
1813,2048,reg1,Industrial_mix,Conversion_plus,10000000000.0
1814,2049,reg1,Industrial_mix,Conversion_plus,10000000000.0
1815,2050,reg1,Industrial_mix,Conversion_plus,10000000000.0
1816,2051,reg1,Industrial_mix,Conversion_plus,10000000000.0
1817,2052,reg1,Industrial_mix,Conversion_plus,10000000000.0
1818,2053,reg1,Industrial_mix,Conversion_plus,10000000000.0
1819,2054,reg1,Industrial_mix,Conversion_plus,10000000000.0
1820,2055,reg1,Industrial_mix,Conversion_plus,10000000000.0
1821,2056,reg1,Industrial_mix,Conversion_plus,10000000000.0
1822,2057,reg1,Industrial_mix,Conversion_plus,10000000000.0
1823,2058,reg1,Industrial_mix,Conversion_plus,10000000000.0
1824,2059,reg1,Industrial_mix,Conversion_plus,10000000000.0
1825,2060,reg1,Industrial_mix,Conversion_plus,10000000000.0
1826,2061,reg1,Industrial_mix,Conversion_plus,10000000000.0
1827,2062,reg1,Industrial_mix,Conversion_plus,10000000000.0
1828,2063,reg1,Industrial_mix,Conversion_plus,10000000000.0
1829,2064,reg1,Industrial_mix,Conversion_plus,10000000000.0
1830,2065,reg1,Industrial_mix,Conversion_plus,10000000000.0
1831,2066,reg1,Industrial_mix,Conversion_plus,10000000000.0
1832,2067,reg1,Industrial_mix,Conversion_plus,10000000000.0
1833,2068,reg1,Industrial_mix,Conversion_plus,10000000000.0
1834,2069,reg1,Industrial_mix,Conversion_plus,10000000000.0
1835,2070,reg1,Industrial_mix,Conversion_plus,10000000000.0
1836,2020,reg1,Residential_mix,Conversion_plus,10000000000.0
1837,2021,reg1,Residential_mix,Conversion_plus,10000000000.0
1838,2022,reg1,Residential_mix,Conversion_plus,10000000000.0
1839,2023,reg1,Residential_mix,Conversion_plus,10000000000.0
1840,2024,reg1,Residential_mix,Conversion_plus,10000000000.0
1841,2025,reg1,Residential_mix,Conversion_plus,10000000000.0
1842,2026,reg1,Residential_mix,Conversion_plus,10000000000.0
1843,2027,reg1,Residential_mix,Conversion_plus,10000000000.0
1844,2028,reg1,Residential_mix,Conversion_plus,10000000000.0
1845,2029,reg1,Residential_mix,Conversion_plus,10000000000.0
1846,2030,reg1,Residential_mix,Conversion_plus,10000000000.0
1847,2031,reg1,Residential_mix,Conversion_plus,10000000000.0
1848,2032,reg1,Residential_mix,Conversion_plus,10000000000.0
1849,2033,reg1,Residential_mix,Conversion_plus,10000000000.0
1850,2034,reg1,Residential_mix,Conversion_plus,10000000000.0
1851,2035,reg1,Residential_mix,Conversion_plus,10000000000.0
1852,2036,reg1,Residential_mix,Conversion_plus,10000000000.0
1853,2037,reg1,Residential_mix,Conversion_plus,10000000000.0
1854,2038,reg1,Residential_mix,Conversion_plus,10000000000.0
1855,2039,reg1,Residential_mix,Conversion_plus,10000000000.0
1856,2040,reg1,Residential_mix,Conversion_plus,10000000000.0
1857,2041,reg1,Residential_mix,Conversion_plus,10000000000.0
1858,2042,reg1,Residential_mix,Conversion_plus,10000000000.0
1859,2043,reg1,Residential_mix,Conversion_plus,10000000000.0
1860,2044,reg1,Residential_mix,Conversion_plus,10000000000.0
1861,2045,reg1,Residential_mix,Conversion_plus,10000000000.0
1862,2046,reg1,Residential_mix,Conversion_plus,10000000000.0
1863,2047,reg1,Residential_mix,Conversion_plus,10000000000.0
1864,2048,reg1,Residential_mix,Conversion_plus,10000000000.0
1865,2049,reg1,Residential_mix,Conversion_plus,10000000000.0
1866,2050,reg1,Residential_mix,Conversion_plus,10000000000.0
1867,2051,reg1,Residential_mix,Conversion_plus,10000000000.0
1868,2052,reg1,Residential_mix,Conversion_plus,10000000000.0
1869,2053,reg1,Residential_mix,Conversion_plus,10000000000.0
1870,2054,reg1,Residential_mix,Conversion_plus,10000000000.0
1871,2055,reg1,Residential_mix,Conversion_plus,10000000000.0
1872,2056,reg1,Residential_mix,Conversion_plus,10000000000.0
1873,2057,reg1,Residential_mix,Conversion_plus,10000000000.0
1874,2058,reg1,Residential_mix,Conversion_plus,10000000000.0
1875,2059,reg1,Residential_mix,Conversion_plus,10000000000.0
1876,2060,reg1,Residential_mix,Conversion_plus,10000000000.0
1877,2061,reg1,Residential_mix,Conversion_plus,10000000000.0
1878,2062,reg1,Residential_mix,Conversion_plus,10000000000.0
1879,2063,reg1,Residential_mix,Conversion_plus,10000000000.0
1880,2064,reg1,Residential_mix,Conversion_plus,10000000000.0
1881,2065,reg1,Residential_mix,Conversion_plus,10000000000.0
1882,2066,reg1,Residential_mix,Conversion_plus,10000000000.0
1883,2067,reg1,Residential_mix,Conversion_plus,10000000000.0
1884,2068,reg1,Residential_mix,Conversion_plus,10000000000.0
1885,2069,reg1,Residential_mix,Conversion_plus,10000000000.0
1886,2070,reg1,Residential_mix,Conversion_plus,10000000000.0
1887,2020,reg1,Services_mix,Conversion_plus,10000000000.0
1888,2021,reg1,Services_mix,Conversion_plus,10000000000.0
1889,2022,reg1,Services_mix,Conversion_plus,10000000000.0
1890,2023,reg1,Services_mix,Conversion_plus,10000000000.0
1891,2024,reg1,Services_mix,Conversion_plus,10000000000.0
1892,2025,reg1,Services_mix,Conversion_plus,10000000000.0
1893,2026,reg1,Services_mix,Conversion_plus,10000000000.0
1894,2027,reg1,Services_mix,Conversion_plus,10000000000.0
1895,2028,reg1,Services_mix,Conversion_plus,10000000000.0
1896,2029,reg1,Services_mix,Conversion_plus,10000000000.0
1897,2030,reg1,Services_mix,Conversion_plus,10000000000.0
1898,2031,reg1,Services_mix,Conversion_plus,10000000000.0
1899,2032,reg1,Services_mix,Conversion_plus,10000000000.0
1900,2033,reg1,Services_mix,Conversion_plus,10000000000.0
1901,2034,reg1,Services_mix,Conversion_plus,10000000000.0
1902,2035,reg1,Services_mix,Conversion_plus,10000000000.0
1903,2036,reg1,Services_mix,Conversion_plus,10000000000.0
1904,2037,reg1,Services_mix,Conversion_plus,10000000000.0
1905,2038,reg1,Services_mix,Conversion_plus,10000000000.0
1906,2039,reg1,Services_mix,Conversion_plus,10000000000.0
1907,2040,reg1,Services_mix,Conversion_plus,10000000000.0
1908,2041,reg1,Services_mix,Conversion_plus,10000000000.0
1909,2042,reg1,Services_mix,Conversion_plus,10000000000.0
1910,2043,reg1,Services_mix,Conversion_plus,10000000000.0
1911,2044,reg1,Services_mix,Conversion_plus,10000000000.0
1912,2045,reg1,Services_mix,Conversion_plus,10000000000.0
1913,2046,reg1,Services_mix,Conversion_plus,10000000000.0
1914,2047,reg1,Services_mix,Conversion_plus,10000000000.0
1915,2048,reg1,Services_mix,Conversion_plus,10000000000.0
1916,2049,reg1,Services_mix,Conversion_plus,10000000000.0
1917,2050,reg1,Services_mix,Conversion_plus,10000000000.0
1918,2051,reg1,Services_mix,Conversion_plus,10000000000.0
1919,2052,reg1,Services_mix,Conversion_plus,10000000000.0
1920,2053,reg1,Services_mix,Conversion_plus,10000000000.0
1921,2054,reg1,Services_mix,Conversion_plus,10000000000.0
1922,2055,reg1,Services_mix,Conversion_plus,10000000000.0
1923,2056,reg1,Services_mix,Conversion_plus,10000000000.0
1924,2057,reg1,Services_mix,Conversion_plus,10000000000.0
1925,2058,reg1,Services_mix,Conversion_plus,10000000000.0
1926,2059,reg1,Services_mix,Conversion_plus,10000000000.0
1927,2060,reg1,Services_mix,Conversion_plus,10000000000.0
1928,2061,reg1,Services_mix,Conversion_plus,10000000000.0
1929,2062,reg1,Services_mix,Conversion_plus,10000000000.0
1930,2063,reg1,Services_mix,Conversion_plus,10000000000.0
1931,2064,reg1,Services_mix,Conversion_plus,10000000000.0
1932,2065,reg1,Services_mix,Conversion_plus,10000000000.0
1933,2066,reg1,Services_mix,Conversion_plus,10000000000.0
1934,2067,reg1,Services_mix,Conversion_plus,10000000000.0
1935,2068,reg1,Services_mix,Conversion_plus,10000000000.0
1936,2069,reg1,Services_mix,Conversion_plus,10000000000.0
1937,2070,reg1,Services_mix,Conversion_plus,10000000000.0
1938,2020,reg1,Elec_transmission_distribution,Transmission,10000000000.0
1939,2021,reg1,Elec_transmission_distribution,Transmission,10000000000.0
1940,2022,reg1,Elec_transmission_distribution,Transmission,10000000000.0
1941,2023,reg1,Elec_transmission_distribution,Transmission,10000000000.0
1942,2024,reg1,Elec_transmission_distribution,Transmission,10000000000.0
1943,2025,reg1,Elec_transmission_distribution,Transmission,10000000000.0
1944,2026,reg1,Elec_transmission_distribution,Transmission,10000000000.0
1945,2027,reg1,Elec_transmission_distribution,Transmission,10000000000.0
1946,2028,reg1,Elec_transmission_distribution,Transmission,10000000000.0
1947,2029,reg1,Elec_transmission_distribution,Transmission,10000000000.0
1948,2030,reg1,Elec_transmission_distribution,Transmission,10000000000.0
1949,2031,reg1,Elec_transmission_distribution,Transmission,10000000000.0
1950,2032,reg1,Elec_transmission_distribution,Transmission,10000000000.0
1951,2033,reg1,Elec_transmission_distribution,Transmission,10000000000.0
1952,2034,reg1,Elec_transmission_distribution,Transmission,10000000000.0
1953,2035,reg1,Elec_transmission_distribution,Transmission,10000000000.0
1954,2036,reg1,Elec_transmission_distribution,Transmission,10000000000.0
1955,2037,reg1,Elec_transmission_distribution,Transmission,10000000000.0
1956,2038,reg1,Elec_transmission_distribution,Transmission,10000000000.0
1957,2039,reg1,Elec_transmission_distribution,Transmission,10000000000.0
1958,2040,reg1,Elec_transmission_distribution,Transmission,10000000000.0
1959,2041,reg1,Elec_transmission_distribution,Transmission,10000000000.0
1960,2042,reg1,Elec_transmission_distribution,Transmission,10000000000.0
1961,2043,reg1,Elec_transmission_distribution,Transmission,10000000000.0
1962,2044,reg1,Elec_transmission_distribution,Transmission,10000000000.0
1963,2045,reg1,Elec_transmission_distribution,Transmission,10000000000.0
1964,2046,reg1,Elec_transmission_distribution,Transmission,10000000000.0
1965,2047,reg1,Elec_transmission_distribution,Transmission,10000000000.0
1966,2048,reg1,Elec_transmission_distribution,Transmission,10000000000.0
1967,2049,reg1,Elec_transmission_distribution,Transmission,10000000000.0
1968,2050,reg1,Elec_transmission_distribution,Transmission,10000000000.0
1969,2051,reg1,Elec_transmission_distribution,Transmission,10000000000.0
1970,2052,reg1,Elec_transmission_distribution,Transmission,10000000000.0
1971,2053,reg1,Elec_transmission_distribution,Transmission,10000000000.0
1972,2054,reg1,Elec_transmission_distribution,Transmission,10000000000.0
1973,2055,reg1,Elec_transmission_distribution,Transmission,10000000000.0
1974,2056,reg1,Elec_transmission_distribution,Transmission,10000000000.0
1975,2057,reg1,Elec_transmission_distribution,Transmission,10000000000.0
1976,2058,reg1,Elec_transmission_distribution,Transmission,10000000000.0
1977,2059,reg1,Elec_transmission_distribution,Transmission,10000000000.0
1978,2060,reg1,Elec_transmission_distribution,Transmission,10000000000.0
1979,2061,reg1,Elec_transmission_distribution,Transmission,10000000000.0
1980,2062,reg1,Elec_transmission_distribution,Transmission,10000000000.0
1981,2063,reg1,Elec_transmission_distribution,Transmission,10000000000.0
1982,2064,reg1,Elec_transmission_distribution,Transmission,10000000000.0
1983,2065,reg1,Elec_transmission_distribution,Transmission,10000000000.0
1984,2066,reg1,Elec_transmission_distribution,Transmission,10000000000.0
1985,2067,reg1,Elec_transmission_distribution,Transmission,10000000000.0
1986,2068,reg1,Elec_transmission_distribution,Transmission,10000000000.0
1987,2069,reg1,Elec_transmission_distribution,Transmission,10000000000.0
1988,2070,reg1,Elec_transmission_distribution,Transmission,10000000000.0
